file,n_nan,dt_med_ms,dt_min_ms,dt_max_ms,n_gaps,n_nonmono,raw_mean_1,raw_std_1,raw_absmax_1,raw_mean_2,raw_std_2,raw_absmax_2,raw_mean_3,raw_std_3,raw_absmax_3,raw_mean_4,raw_std_4,raw_absmax_4,raw_mean_5,raw_std_5,raw_absmax_5,raw_mean_6,raw_std_6,raw_absmax_6,raw_mean_7,raw_std_7,raw_absmax_7,raw_mean_8,raw_std_8,raw_absmax_8,rms_p99_1,normv_max_1,rms_p99_2,normv_max_2,rms_p99_3,normv_max_3,rms_p99_4,normv_max_4,rms_p99_5,normv_max_5,rms_p99_6,normv_max_6,rms_p99_7,normv_max_7,rms_p99_8,normv_max_8
Subj_01_Isokin_L_02kg_40bpm_EMG_data.csv,0,1.43994140625,1.43994140625,1.4501953125,0,0,0.0006073173124050863,0.0005231972577416505,0.0187468529,-0.0015998402446920981,0.00042822414812003257,0.0032132149,-0.0011370655296203452,0.000459704545814397,0.0021039965,-0.0019373109220090828,0.000590218122112152,0.0040400508,-0.006250756712267031,0.00018646505799999754,0.0069974903,-0.005779327872683015,0.00020147411408473823,0.0066201212,-0.001164401707184378,0.0003926663647140446,0.0026247026,0.0004552777501380563,0.00030171116081359147,0.0022953989,142.59734952985292,5382.87203726175,172.9166508203837,607.62522992148,66.45856218250023,216.280056489209,55.052572477139016,249.012709618735,82.53487043750943,271.179879202518,86.15491789055422,296.718319053054,97.80117680929155,381.464848618036,101.86934181097484,400.713867656651
Subj_01_Isokin_L_02kg_60bpm_EMG_data.csv,0,1.320068359375,1.309814453125,1.320068359375,0,0,0.001281821142165064,0.00046958364356911573,0.0022885324,-0.0011503553963445512,0.00045807796459607824,0.0022593499,-0.001401946618434295,0.00035673458893901495,0.002550316,-0.0020530693132371795,0.00039869976952985463,0.0037447931,-0.005833053351732372,0.00012594390327941987,0.0068284036,-0.005445108962613782,0.00015048774933772906,0.0064232829,-0.0016145283103092948,0.0002587182264606087,0.0030489923,6.402880725000002e-05,0.00028476503014274743,0.0016845703,92.71508396036012,331.659223547561,104.39977544481835,413.62145335774,77.44059978296858,360.591468206278,75.85451382400966,365.348346738382,79.25637145306752,300.465697886783,79.65675560982382,306.270643090408,97.53671334885483,329.598536465159,87.69543982978661,300.277124402354
Subj_01_Isokin_L_02kg_80bpm_EMG_data.csv,0,1.360107421875,1.35986328125,1.3701171875,0,0,0.0018333626696039216,0.0001633875777814228,0.0025331499,-0.001057355030772549,0.0002153612023508008,0.0023732185,-0.0016190346341509803,0.0004102690173838319,0.0027113915,-0.0022556616820921566,0.0004351280119551594,0.0033751489,-0.006229061235933333,0.00017279156398369175,0.0068673138,-0.005731069393737255,0.0002319402633850732,0.006591225,-0.0015404684772705884,0.00023550482770634497,0.0031637193,-0.00025773042686666665,0.0002085698501561998,0.0024407387,92.1425827088219,364.857502805831,101.97823430222282,506.689858689351,87.21579350342917,301.711349653996,89.12473591291378,329.260353854221,91.13133119007642,392.076905011235,91.83695384901878,425.216867400464,105.86205340211495,337.555722546232,101.57363410627606,350.22980553032
Subj_01_Isokin_L_02kg_St_EMG_data.csv,0,1.2900390625,1.289794921875,1.300048828125,0,0,-0.00029448244335111113,0.0006274980189822875,0.0020204545,-0.0023597293458370366,0.00038344779908592225,0.0034295083,-0.0009564572925007408,0.00031435683891300483,0.0018101693,-0.001077023760868148,0.0007363914398731658,0.0032790184,-0.0066162183951999996,0.0003815045862765452,0.0072833062,-0.006549003359662222,0.0003209736415834149,0.0071302415,-0.0012130148681214815,0.00020857999185139103,0.0022687912,0.00046943384211555557,0.00021436879499821704,0.0015060426,76.89298631350712,246.386729258917,79.38142345031466,259.015527510319,51.2852430763644,162.622470079685,45.03363324630758,148.010274130134,65.05006524207604,188.798386586683,65.35391703646252,206.332242041018,71.78516943912827,194.65283464937,71.08604881535962,238.528682641596
Subj_01_Isokin_L_04kg_40bpm_EMG_data.csv,0,1.280029296875,1.269775390625,1.280029296875,0,0,0.0013394923150641374,0.0003626506396241737,0.002310276,-0.001264665523857272,0.00018115844454232017,0.0024181367,5.902315378139116e-05,0.00045693909055720926,0.0020891191,-0.0005267422601969286,0.0007020433904448566,0.0054628374,-0.006449254210914183,0.0002178425201804331,0.0073325159,-0.0051156226267244816,0.00020951133991063247,0.0060419086,-0.00011357235521047876,0.0003343172243296417,0.0023929598,0.0014690936106052394,0.00032293301502446135,0.0039133076,125.3962640301962,534.897618544509,143.891066056335,632.585831973175,151.43654928153126,714.672217353105,149.33717832525528,854.103390929014,115.70503904368866,395.424101071094,115.69006697060435,387.725810645056,146.0545518948197,511.712660265838,138.80930847062427,466.010513442779
Subj_01_Isokin_L_04kg_60bpm_EMG_data.csv,0,1.31005859375,1.31005859375,1.31982421875,0,0,0.0007896067934795008,0.000199046141761427,0.0015232087,-0.001316350907060606,0.0002385575939327836,0.0024787905,-0.0005288880465793227,0.00047431960205210924,0.0021577836,-0.0017494636770178252,0.0006212700605932854,0.005131817,-0.006173738131532976,0.00013280335380170955,0.0070850374,-0.004984384987461675,0.00026191676109146395,0.0063343053,-0.0008926212180552585,0.00034902501832665236,0.0034724236,0.0007838984198912655,0.0002793738157747955,0.0024587633,122.11669829087893,481.092901407176,147.07634332579363,513.392002907877,138.25951078052245,576.287633120659,167.5925494940098,801.520097075698,130.2652666957368,538.840616337155,126.7855199923476,473.120847232688,152.12441862967785,496.111669558229,139.0527104036649,474.834893139892
Subj_01_Isokin_L_04kg_80bpm_EMG_data.csv,0,1.260009765625,1.259765625,1.27001953125,0,0,0.0006906304887145708,0.00014340370944934485,0.0013936043,-0.0020584891116666665,0.00029712877955186394,0.0031225206,-0.0006867425210918163,0.0004743242539425321,0.0020353319,-0.0020222693586826345,0.0005432938809122487,0.0052087787,-0.006430201889680639,0.0001795860318501897,0.0074689868,-0.005150698887718563,0.000184696537244733,0.0062856679,-0.0009616662471377246,0.0003101197806946196,0.003926754,0.0006430917696866268,0.0002762780273299174,0.0023091317,122.80986182809413,541.298935014386,144.1897817652194,611.695477612061,164.34916368389912,750.896655576466,171.67088970944283,783.534445183909,117.39443118325154,420.994403664209,115.4311797434275,493.415792836217,159.53755112034426,515.579347587252,154.09814795490016,417.694219609713
Subj_01_Isokin_L_04kg_St_EMG_data.csv,0,1.340087890625,1.33984375,1.35009765625,0,0,0.0012869104010530972,0.0004881354935798908,0.0020510675,-0.0004923738152979351,0.00021082398231630185,0.0013495446,0.0014723556466017698,0.00040024966183744415,0.0028819086,0.0015156034406312684,0.001048407620644303,0.0048276903,-0.0060381767786814155,0.0002775006911232636,0.0070661549,-0.006177522426088495,0.0003550698318289239,0.0074183466,0.0010019859265840707,0.00021553703916231927,0.0020956993,0.0029256496850383483,0.00023854900258532243,0.0041487697,94.19427943749042,319.833726850861,110.6549491077359,342.621588588014,99.21300906210301,312.244130218821,92.67204850975891,337.7995870042,105.78033833670014,360.878908544449,103.61713544420613,340.824543817332,111.67427845045584,369.426687957323,108.12210155166295,309.583789843506
Subj_01_Isokin_R_02kg_40bpm_EMG_data.csv,0,1.300048828125,1.289794921875,1.300048828125,0,0,-0.0060786112929845934,0.0022197650751705927,0.0118543627,-0.0041544192267156865,0.0018700594689678024,0.0099580772,-0.0032182948309229693,0.001988304617618594,0.0080984123,-0.003934252141830533,0.0015900832623726726,0.00927372,-0.011941810577438376,0.0017102587796052502,0.0169595722,-0.012590660329658263,0.0016128168076541692,0.0177480709,-0.005116120522242297,0.0017608161377273843,0.0104261404,-0.0013702947781246498,0.0018875000873448283,0.0070598605,73.96245719081747,505.777359507681,84.37973501782118,581.460011572519,56.96163046907921,385.551794117104,80.71625593565088,462.579605064474,36.04292105333366,261.289421074829,36.47937873378526,290.284509173324,66.67118102639563,231.330779272537,70.97264927711146,291.605920155284
Subj_01_Isokin_R_02kg_60bpm_EMG_data.csv,0,1.2900390625,1.27978515625,1.2900390625,0,0,-0.0025063945812284264,0.0005212934642947582,0.0043493272,-0.0001428976160642978,0.00033711655853711916,0.001227665,-0.002467716532379019,0.0006192139797396543,0.0035433772,-0.0004088609802978004,0.0006490575561818773,0.0023494721,-0.007105355996783418,0.0003169755998303616,0.0080366135,-0.007433332483607445,0.0002770348612434182,0.0081790928,-0.0012786906640981388,0.0004443269129167928,0.0028006556,0.0018528985836632826,0.0003951757627789103,0.0039662365,64.63622403778236,223.754805276813,82.56334733312764,308.393464485572,71.11096511349515,459.388448002893,84.49548157641897,394.075383864868,37.643393770857664,139.38360936294,38.55609075071886,119.820494910345,64.15509711924773,208.627479434894,70.20957552583619,234.699924936459
Subj_01_Isokin_R_02kg_80bpm_EMG_data.csv,0,1.3798828125,1.3798828125,1.389892578125,0,0,-0.0016486678421374044,0.0005322912790421677,0.0033536912,0.0007857317414792196,0.0005208254434571754,0.0021411898,-0.0018719770043443597,0.0002889584697063076,0.0032595636,-0.00041859439664122133,0.000280297553923329,0.0019214631,-0.005726670795986428,0.00026840294269413613,0.0066681863,-0.006089680853095844,0.00026117422818086676,0.0069803242,-0.0006251025569211197,0.0002613521648776161,0.0026144029,0.0024716745706649702,0.0002570001967574297,0.0038154603,67.21726759284772,443.036474680211,82.26058142116473,299.982726305857,48.75760798262591,200.493607127765,64.83945619452443,242.704039681032,34.95244405360598,117.068728202219,34.01698086384069,112.113782115501,51.35593434573572,196.512180326649,56.6513397040157,235.997256670389
Subj_01_Isokin_R_02kg_St_EMG_data.csv,0,1.210205078125,1.2099609375,1.22021484375,0,0,0.002720625203038889,0.0020412138698839254,0.0048076632,0.0023774083553138895,0.0014432464010965362,0.0043418887,0.01077979403455,0.0011963943544655573,0.0124643333,-2.136934052499997e-05,0.0007353539533491508,0.0015998841,-0.004752412898613888,0.000637253946082586,0.0063669207,-0.007521551728941666,0.0005543832791150925,0.0093881609,-0.0012611709019166666,0.00041244291975631945,0.0025729181,0.002270041303586111,0.0004518591714068761,0.0037716867,32.430280608625885,98.6293180874175,41.479216246139394,138.082271025341,40.63896122689583,144.423892725309,50.53538301796166,184.149514149535,20.894979832247284,77.0434899407255,21.05226509506553,75.9288979255133,44.70464542408338,136.880409838964,48.155166146502395,134.108421191048
Subj_01_Isokin_R_04kg_40bpm_EMG_data.csv,0,1.330078125,1.31982421875,1.330078125,0,0,-0.0007551339538818565,0.0005725331981065396,0.0021483423,0.001630041883971308,0.0002387873188027646,0.0025428773,-0.000954774397113924,0.0003367649727312984,0.0037118914,0.000355039340649789,0.00036202589467011233,0.0018828392,-0.005937142590226161,0.0004259025229582377,0.0072887423,-0.007170574701299578,0.00035656952537445373,0.0082560545,0.00045701783069873413,0.00032682986171627315,0.0028507235,0.004786664548676794,0.0003572477116098434,0.0075236321,75.29693851928866,266.6747787184,86.30965111158034,297.060186218391,92.83361225594459,674.3852691621,105.18809964419634,452.415689365359,61.13855862427973,201.440851228317,60.131568955025394,195.725830967657,92.23406670544567,393.037443194174,101.60301199461465,429.601510433791
Subj_01_Isokin_R_04kg_60bpm_EMG_data.csv,0,1.329833984375,1.31982421875,1.330078125,0,0,-0.0006068053872399267,0.0004909793672493502,0.0025752068,0.001967419500554945,0.00029813707107701794,0.003280163,-0.0002673135545897436,0.0003518273452196464,0.0184387211,0.0005298384737051282,0.00028908599843775165,0.0018756867,-0.0055461077608333345,0.00025503362007669924,0.0066910745,-0.006556222568366301,0.000273053632368042,0.0080080032,0.0007016575957637361,0.0003145575521556802,0.0024684907,0.005049590514891941,0.0003218309535107481,0.0071545602,80.82372781432538,366.210373330377,97.55945325096891,423.573110961732,112.8626810373996,3339.50600651733,112.04012115222716,555.69088844188,55.107110759567476,189.918728002605,53.861299650122575,188.406811589803,81.95761842573505,295.823925935804,94.59724151734352,312.774383538911
Subj_01_Isokin_R_04kg_80bpm_EMG_data.csv,0,1.330078125,1.329833984375,1.340087890625,0,0,-0.0014567303990705987,0.0007939239881039272,0.0031568529,0.0011784304283127792,0.0003521472779772907,0.0025440217,-0.0003501699910223414,0.000401576799238234,0.0028678896,0.0004187506624325291,0.0003890987765854224,0.0026195527,-0.006304849110613049,0.0002724650638159563,0.007525349,-0.006992218589347632,0.0002720272194581637,0.00838337,0.0009716542101823056,0.0002630662459643871,0.0040357593,0.005228994893747989,0.00030607260637326855,0.0091458326,98.27239790237367,396.217250167945,121.1262403835352,392.9178267044,130.5247795697851,671.421569994603,135.94921080379348,602.523485982546,65.12295830735714,331.578528722785,63.670509955296204,323.790126769847,99.41802569289221,431.882982874583,117.4383515760512,549.243096816867
Subj_01_Isokin_R_04kg_St_EMG_data.csv,0,1.239990234375,1.239990234375,1.25,0,0,-0.0006813574037891737,0.001034642710981479,0.002922249,0.0014282296077635327,0.0011775991287495682,0.0031085017,-0.0010928774839145299,0.0006934390698354413,0.0027683259,0.00045954831626495726,0.0005913085517232198,0.002256775,-0.006489526148803419,0.0008816194616404229,0.008248616,-0.00787907807605983,0.0005953107328782462,0.0092931753,0.0003573890076039886,0.0006759430811023187,0.0023921013,0.0042181562317179485,0.0006098419403277073,0.0065829279,49.824167776535894,169.297456865241,49.06198195233845,174.558573189148,80.12693985702893,543.100621634827,79.97265963354269,291.643916779575,45.73580490548839,174.922391943291,43.92169537712018,174.251354037975,67.11472218571852,281.254857315379,71.36907198984308,242.61280533353
Subj_01_MMH_Bim_L_02kg_Trial_1_EMG_data.csv,0,1.110107421875,1.10986328125,1.1201171875,0,0,-0.0080586099441324,0.002155893124675928,0.0120483404,-0.00439189781023676,0.0021407872035910996,0.0084383013,-0.002578006384266355,0.0010018457497492713,0.0042860988,-0.0011487205395295948,0.001060473612158008,0.0057595256,-0.002551895078665109,0.00040368379325778336,0.0035880089,-0.009044009127699376,0.00017699119861695832,0.0106112482,0.0007878088204501557,0.0009941731646679304,0.0026055337,-0.0018784249616214956,0.0009414083060850076,0.004818249,55.99025941083176,318.631679408024,67.33227302647352,342.746934836554,37.47291660469598,146.27874118147,59.23681813926539,632.513536761346,30.896795003502376,213.697551582136,22.28285347995717,150.357178161221,48.237843335162005,175.710658607317,57.03849819725166,283.319198214636
Subj_01_MMH_Bim_L_02kg_Trial_2_EMG_data.csv,0,1.1201171875,1.119873046875,1.130126953125,0,0,-0.012051326276700892,0.000724567609621331,0.0137612345,-0.008530133404837797,0.0005525525705386047,0.0096897129,-0.0035714586413482146,0.0003576190111891972,0.0043750764,-0.0008676391445312499,0.0008615094130837182,0.0034094811,-0.001298388589421131,0.0008807865894688234,0.0028707506,-0.0085259717844375,0.00034224598656873776,0.0094682695,-0.000728339759107143,0.00035252457867210226,0.0019037247,-0.003378719890907738,0.0002924381761422166,0.0043018344,64.30862985082919,261.953589764099,65.14840700943152,232.695991178604,38.187142796757364,156.973022664223,63.08714355380969,280.716618434113,40.35816441550605,199.897933706047,27.896211341068323,129.626872180146,52.02871540188397,176.493616617502,51.939867539261634,187.394800960481
Subj_01_MMH_Bim_L_02kg_Trial_3_EMG_data.csv,0,1.27001953125,1.259765625,1.27001953125,0,0,-0.011762537651016536,0.0011115884567749082,0.0151485447,-0.008570044179329852,0.0012310351008310515,0.0117164617,-0.0026731920887867714,0.0002985878258439259,0.0037239075,3.572099610269801e-05,0.0006706295000973222,0.003126526,-0.000520874658132289,0.0005563462365952003,0.0014545441,-0.008255499998898172,0.00041723430907137255,0.009220791,-0.0008108896749068756,0.0007169076958085976,0.0027133944,-0.0032527692521740646,0.0004263649880043204,0.0050992016,70.94425020834059,259.7868166596,67.4428287844658,339.207765177997,40.83793951493358,182.625366284327,52.06054118432468,325.318590622049,30.425648062904273,151.817879190042,21.410977052411486,95.0344076253267,52.62908667907835,189.903353211557,54.52114027744893,272.678616669384
Subj_01_MMH_Bim_L_08kg_Trial_1_EMG_data.csv,0,1.219970703125,1.2099609375,1.22021484375,0,0,-0.00938753677818647,0.0021096120856685784,0.0148212435,-0.00660336304829703,0.0022698616942266416,0.0127741816,-0.002509424428376238,0.0012596709938655086,0.0060221674,-0.0001330183160495049,0.001542551730581947,0.006367207,-0.0007884935062227723,0.0005053707899924771,0.0022584917,-0.008275014327750825,0.000500566998872693,0.0095881466,-0.0003524879606320132,0.0014271157258043102,0.0040148739,-0.003221798366371287,0.0009638491300290088,0.0066787722,192.44341171287556,842.36342470327,221.05446846877257,954.287078344083,87.13759338349642,434.827438382608,136.20153548172252,551.718296586368,51.17418577804219,217.674807553437,37.885000635249625,155.205044875361,89.64709152227981,310.756868304532,98.7253843986266,340.475731751191
Subj_01_MMH_Bim_L_08kg_Trial_2_EMG_data.csv,0,1.219970703125,1.2099609375,1.22021484375,0,0,-0.016380872490833743,0.001818550735253183,0.0195848476,-0.0159168949279525,0.0017902690672439517,0.0191745758,-0.006103265733189189,0.0010905490564800965,0.0082952501,-0.002010036248717445,0.001778295770219588,0.0058084489,-0.0007238359001359541,0.0009951209293736964,0.0025237084,-0.007825098124933661,0.0003867416316231285,0.0094782831,-0.005260653903366093,0.001253888052512827,0.0074758534,-0.006076840931020475,0.001055871634490512,0.0089063644,184.29974620558627,732.239223856306,221.8370912953819,1077.81075801337,86.42127304378342,330.284396156574,122.555716991949,522.906782872106,52.36328189581928,373.203377539523,37.984588513003274,260.544732918734,85.4835553460405,356.699024058369,98.40594140039222,370.258215274659
Subj_01_MMH_Bim_L_08kg_Trial_3_EMG_data.csv,0,1.18994140625,1.179931640625,1.190185546875,0,0,-0.005290468431537124,0.0026279614109197855,0.0110283857,-0.002028861726025276,0.0031159672304974548,0.0089710243,-0.0006147822499684045,0.0020512039789209718,0.0050551416,0.001138908354129542,0.002278849573023166,0.0060161594,-0.0014119927119336493,0.0005734736349643164,0.0030301095,-0.008397657070248025,0.0003905275771441767,0.009706879,0.0014835327535545023,0.0017078135265898224,0.0179111492,-0.0012783006766492893,0.0015153517351271133,0.0053263665,163.3126947004679,705.50540538535,179.75978463598642,663.363939263319,89.149227592681,420.495139577756,137.525253154918,615.351039302751,50.109431758025416,204.875882903544,37.22960307090176,163.605015943682,94.10446110695041,2176.15918546803,104.97553111440845,363.777820960096
Subj_01_MMH_Bim_L_12kg_Trial_1_EMG_data.csv,0,1.169921875,1.159912109375,1.170166015625,0,0,-0.009902237139285383,0.00229932832970906,0.0157573707,-0.008683836852941995,0.002753893371474184,0.0155422213,-0.0027791374333518944,0.0012143168169564368,0.0057003023,-0.00036390634618252134,0.001540857611783952,0.0050791744,-0.0012947940600262955,0.0005674686692320785,0.0027294159,-0.007918390764205722,0.00033904686064729266,0.0094705587,-0.0012830804172884764,0.0012641477823099707,0.0048437119,-0.003126292941225058,0.0010450536783117902,0.0074684145,260.7480375171596,960.133229053233,272.6108894309712,1039.7952034791,105.29759141781652,374.983016692346,171.0501706742047,572.877252837343,58.82075497878277,319.538570588954,42.47376527079018,205.36417617224,115.95736810665285,378.898803577681,133.53615832280533,649.777262267717
Subj_01_MMH_Bim_L_12kg_Trial_2_EMG_data.csv,0,1.22021484375,1.219970703125,1.230224609375,0,0,-0.012186300053784172,0.0008800749311914751,0.0144893648,-0.011982851658864908,0.0005543112815065349,0.0145889288,-0.0031311200244540367,0.0006184343643107544,0.0045255665,0.0011070229500143884,0.0013526395565836365,0.0032329562,-0.0007305581702701838,0.0004888067491902784,0.0018725396,-0.007307419608572343,0.00025072636845709697,0.0084042549,-0.0031783599426107112,0.00048449437829754566,0.0051163677,-0.003952202935003996,0.0005159777463069195,0.0083496096,190.12936277541073,795.197870307773,204.10999643225523,933.866398269969,94.04585085233634,377.563501868932,135.9252504570947,545.294606675888,56.998995925134956,231.177441465238,41.42408631711441,164.007177153722,115.99116014967284,426.523390637448,135.30887589110344,709.320342080271
Subj_01_MMH_Bim_L_12kg_Trial_3_EMG_data.csv,0,1.22998046875,1.22998046875,1.240234375,0,0,-0.009255233046315358,0.0008214018185779124,0.0119344713,-0.010732960951228759,0.0008739905671230878,0.013449383,-0.0017844656951062094,0.000779651090733207,0.0037098886,0.0025238088440751633,0.0013212153962544534,0.0044013979,-6.32162681764706e-05,0.0003850882841814476,0.0018716813,-0.0075525979121307185,0.00028041342598990484,0.0086342813,-0.0023324203767924835,0.0005899428326736634,0.0050745965,-0.0027605196115441178,0.0004133755329476066,0.0057824138,191.17273139270387,722.188924692409,213.30223507529678,801.4938582474,96.25077781499436,410.120668560604,157.00326598641618,609.979824076916,54.01298781389073,197.886588449351,39.381060883767034,146.750259754702,104.47378253898425,461.692199144141,116.30102821173162,443.248981476533
Subj_01_MMH_Bim_R_02kg_Trial_1_EMG_data.csv,0,1.080078125,1.079833984375,1.090087890625,0,0,-0.004349061916955508,0.0010021792206354346,0.0075877192,-0.004841505916832969,0.0010927541953670125,0.0079525001,0.006622983445699489,0.0016179469316236822,0.0086614611,-0.0010088171827381473,0.00039446095121613934,0.0043252949,-0.010131559925988331,0.0008528206357257754,0.0135632521,-0.007129446428762946,0.000497838756614854,0.0110881813,-0.0009945644961050328,0.0006093670053037971,0.0050725937,-0.0038627862851203505,0.00039502510772156395,0.0073336605,61.21495506718264,336.043723898695,68.23100583694243,533.1009200628,54.941401452024245,284.228685830705,39.94619871919321,246.066647763789,33.25861904876338,159.519823260557,29.808302690133853,125.871043781184,60.71086326452867,335.193841207724,43.733229847860336,215.344995802996
Subj_01_MMH_Bim_R_02kg_Trial_2_EMG_data.csv,0,1.10009765625,1.08984375,1.10009765625,0,0,-0.00578303687214862,0.00030448590040851317,0.0068922048,-0.006150095853489031,0.00032040375703499256,0.0074126245,0.008172190631728238,0.0015452840176792728,0.0097955707,-0.0006442292279363057,0.00037879438563443585,0.0015051842,-0.011020388036094834,0.00037681369286699575,0.0119396215,-0.006094649821258316,0.00029796152728822986,0.0078309067,0.00038998170879971686,0.0004027145256807962,0.0014536858,-0.003675881222972399,0.00039441701192909957,0.0048917774,54.48682349980744,248.378807521405,49.258714549827204,186.866457714665,38.71500787751511,843.358026116156,32.37798092795756,139.465252881312,28.87501380777718,191.513028587067,39.58262553589346,309.43823283844,48.449496490181474,185.261222449554,31.09389881907616,138.714159504154
Subj_01_MMH_Bim_R_02kg_Trial_3_EMG_data.csv,0,1.25,1.25,1.260009765625,0,0,-0.006018146018373738,0.00040104678850323255,0.0074355127,-0.0057304964266464645,0.00043227550397788696,0.0073096277,0.008148536937771043,0.0011306861659049568,0.0097306259,-0.00061449491293266,0.0002745340064693856,0.001580143,-0.010527472440609429,0.00032946401326087527,0.0114114769,-0.005911102239781145,0.0004052405768915132,0.0070286752,4.315109619696972e-05,0.00036022738657374547,0.0014657021,-0.003969529315444444,0.0004280813474146158,0.0052740099,76.72442072308212,412.362254262765,66.93307582583797,286.691970232552,56.155686706884026,391.277390853593,36.9763710641262,289.98706558446,23.807456743762494,201.802132962764,22.557493810170367,143.763797865905,53.101560310908226,170.22616502741,33.18145510387643,126.357219929968
Subj_01_MMH_Bim_R_08kg_Trial_1_EMG_data.csv,0,1.280029296875,1.269775390625,1.280029296875,0,0,-0.004866894899536281,0.0010868760539770716,0.008316136,-0.004944231301678066,0.0009522915665443431,0.0083187111,0.00802823581264554,0.0011187729643518914,0.0097658159,-0.0008900040539182653,0.0006304901532819023,0.0032386782,-0.010322648012728941,0.0005314979069654486,0.0118509298,-0.006212990860475396,0.0005923332481527919,0.0073119164,-0.0002403589390358632,0.0004512446955434531,0.0031147958,-0.004008974910095079,0.0007268664545752731,0.0066029551,189.39488902004936,676.160199603117,170.27231277673312,613.579467199283,113.91715049398151,741.986957588434,82.32242970221836,650.986061518619,41.00919357606002,205.012932168294,39.30762991370335,169.26522630424,109.41400955630365,608.049338840176,76.59042775639881,348.342781560632
Subj_01_MMH_Bim_R_08kg_Trial_2_EMG_data.csv,0,1.25,1.25,1.260009765625,0,0,-0.011706384886042311,0.0005960581459983047,0.0143051157,-0.009557059489205858,0.001173075053870621,0.0120529179,0.00835162316609764,0.002011594969465027,0.0109296804,-0.003805875443861676,0.00035063275777182025,0.0047810557,-0.013676199912717657,0.000749609568933861,0.0153963091,-0.006841823322514239,0.0002539514106670315,0.008187104,-0.0019181195057542716,0.00030764917973462346,0.0047410014,-0.007682960156063467,0.0005921657191853422,0.009563542,176.4169686737192,716.915027486658,162.94531889122112,641.079154741735,91.34895846564969,367.230747083086,70.20668569526012,278.762845417185,37.77676935541553,212.075563150614,32.26618292630451,177.326007724445,105.6048696862499,455.471627727276,66.43253898086846,332.53905579263
Subj_01_MMH_Bim_R_08kg_Trial_3_EMG_data.csv,0,1.199951171875,1.199951171875,1.210205078125,0,0,-0.0018204120382890874,0.0012113582113147162,0.0054951669,-0.0016155433248113817,0.0014962977007925479,0.0057435036,0.008824732366526275,0.0011643831641853673,0.0107760429,0.0014928025315585256,0.000980058904006743,0.0030896189,-0.009625026043313379,0.0005861195500886508,0.0114217764,-0.00633655674224551,0.00028020802864072277,0.0079270368,0.00034190083887774224,0.00031201876833918,0.0030032159,-0.0021039795623310725,0.0004682120014094764,0.0042546275,183.77746887144758,868.552702992215,173.15982627380367,621.230174400177,116.00921379355148,482.060902854219,80.42900916349431,403.222649731673,40.803693755053,149.716492772722,37.56157806370672,158.480548556223,91.68982010102395,430.072643425036,69.99931806476863,322.444432321319
Subj_01_MMH_Bim_R_12kg_Trial_1_EMG_data.csv,0,1.170166015625,1.169921875,1.18017578125,0,0,-0.00471397104595662,0.0018319558641937761,0.0096004494,-0.0043315122531742715,0.0013875724144790502,0.0086025242,0.009618259186896036,0.0014591760936809685,0.011560536,0.00044064073327449517,0.001065365332967884,0.002642727,-0.011331523619419597,0.0004102676627415892,0.0126746185,-0.005745409360181003,0.0002627625971320157,0.0068561556,0.0013774715768840688,0.0007254342182572792,0.0037396431,-0.002247986822140613,0.0009371071849476597,0.0052448274,295.6508078571111,1413.10363219174,248.16582445474305,927.775052856311,162.22993397333184,507.356403244541,108.83693805000871,530.218462142132,43.3479521143964,188.846304288109,38.83760898406171,174.674250776566,156.21680705976976,748.57990795805,97.05457753568665,317.47312383305
Subj_01_MMH_Bim_R_12kg_Trial_2_EMG_data.csv,0,1.22998046875,1.22998046875,1.240234375,0,0,-0.008419461615736508,0.00048089180615008966,0.0123084076,-0.006313088201795238,0.0006212919205869335,0.0091795921,0.009660453796555557,0.0021020365418896237,0.0125965122,-0.0014857918068253968,0.0005454445528830106,0.0031651498,-0.013127979431715875,0.0009634128486842201,0.0151628498,-0.006261782056853968,0.000285303091679321,0.0076395036,0.0002253705119952381,0.00037002082646981423,0.0031388283,-0.004512498077720635,0.0005222290001931453,0.0068902019,231.01997267256291,1096.61971248073,201.9181874076272,778.023513489114,140.08495405899174,555.065203421985,105.22854754027585,436.920324871621,42.167006749036645,179.105036225172,37.34941321492057,150.315760705099,129.465768450359,567.113385743453,91.86591009910521,377.184220078699
Subj_01_MMH_Bim_R_12kg_Trial_3_EMG_data.csv,0,1.280029296875,1.269775390625,1.280029296875,0,0,-0.006760360715172919,0.0006228712548336752,0.0100118639,-0.004654780429008156,0.0005813059933984062,0.0073030475,0.00914839142870636,0.002301084747547082,0.0119467741,-0.00035416776377161503,0.0007125405105598292,0.0029814721,-0.013422296964553018,0.0006182981678170771,0.0147963529,-0.006095861304101142,0.00020230131062093723,0.0070349695,0.0014024572236068513,0.000354356972184701,0.0032166482,-0.003593076598450245,0.0005390596245848647,0.0059935572,228.14250680589686,804.458593521638,213.05815045979492,749.073770708533,135.1345640226178,537.14367817475,84.86750831610753,561.797113699343,47.37998394299874,164.982456146748,41.339193495191026,146.418046333728,126.32350664360588,496.332652361826,92.23542827706513,311.089656618045
Subj_01_MMH_One_L_02kg_Trial_1_EMG_data.csv,0,1.099853515625,1.08984375,1.10009765625,0,0,-0.004355201679935546,0.0006067187772198001,0.0107500078,-0.0015023634093746993,0.0006451163362798393,0.0052680019,-0.001420577028897547,0.0009658150105782664,0.0033170702,-0.0010658998435949976,0.0011642102370631475,0.0030595781,-0.0019469256432900432,0.0008014724894758954,0.0036952973,-0.006233661583650793,0.0007732956507895886,0.0077679637,0.0014912304438816737,0.0007801775007280599,0.0057097436,-0.0011181876179509381,0.0010199927529950278,0.0037965777,16.239915221207113,130.990076558075,80.93984739797558,358.947408586962,58.14122179669307,227.737452646063,59.00703193944824,252.122536760178,33.42410664354937,145.898289921904,31.926111804447697,138.813576545485,50.682070445812485,171.330510271101,65.99997405699122,280.331680310327
Subj_01_MMH_One_L_02kg_Trial_2_EMG_data.csv,0,1.1201171875,1.119873046875,1.130126953125,0,0,-0.00470451717072394,0.0007495164476750991,0.0063265804,-0.0015559361742703323,0.0006299675199530571,0.0035556795,-0.0015158596658636884,0.0006660051417054893,0.0027834894,-0.0008047963035395189,0.0008677402273339371,0.0021363259,-0.0017682536617342499,0.0006836072723846998,0.0029474259,-0.006583495003828179,0.0007268862038206521,0.0080503467,0.0016832427736208477,0.0005272141096924382,0.0041479114,-0.0013996330086093929,0.0005945085620097617,0.0038125992,18.737423283796847,74.9712167452755,95.89471202298627,409.159854410966,49.80126842789927,206.949210876619,50.56023003557082,181.986983536111,30.04958833365441,149.368203039643,26.360195247847816,169.044093939086,51.1502098350083,188.329020169941,76.54131299395807,281.292522787875
Subj_01_MMH_One_L_02kg_Trial_3_EMG_data.csv,0,1.130126953125,1.1298828125,1.14013671875,0,0,-0.005114568640250739,0.0005251254885995307,0.0063577653,-0.0021906994918982304,0.0005505822556452261,0.0036741258,-0.0006960732369144543,0.00044785173304010147,0.0017912865,0.000498896461961652,0.0006219818045015021,0.0021612169,-0.003034150110390855,0.0005512239713330529,0.0043127062,-0.009438528310371681,0.000589293975567968,0.0107920654,0.0019852688305693213,0.0004690258798197812,0.0040795328,-0.0007727416755870206,0.0005137663531940464,0.0035725594,22.032633423830084,76.7998960359807,87.3390154745511,325.848957199373,65.94289175069474,233.91964276483,76.1801251392151,297.097340114201,34.219500601019085,140.128480721835,32.5733409049249,131.362402544023,60.80750539180204,231.147293227644,92.15870710987188,444.573524825191
Subj_01_MMH_One_L_04kg_Trial_1_EMG_data.csv,0,1.090087890625,1.090087890625,1.099853515625,0,0,-0.005726222238229308,0.0006367284229832789,0.0074646953,-0.0026650388284586183,0.0005818270037601936,0.0041104318,-8.714199667577831e-05,0.0005597959794703437,0.0019286156,0.0018897688198542143,0.000790329505043351,0.005300045,-4.549071464692492e-05,0.00113647199026395,0.002684498,-0.007010233622566439,0.0006290344150953245,0.0083561903,0.001994914352153379,0.00046939983869024,0.0044935229,-0.0011303618350721335,0.0005219700849752806,0.0054957392,18.305436946439418,126.388891877571,79.8972839565359,436.244922593591,71.9526825943387,288.334212309288,92.91301058608484,486.286298812412,43.42840264712874,174.077352948052,40.75373525268882,167.534951946952,77.04607786191906,335.935940924789,120.36653625302625,538.362456418719
Subj_01_MMH_One_L_04kg_Trial_2_EMG_data.csv,0,1.10986328125,1.099853515625,1.110107421875,0,0,-0.006255703027850242,0.0009758536865383536,0.0080563547,-0.0036590510914219004,0.0008408669057268935,0.0057766917,-0.00011579590527536236,0.0006552742612755068,0.0023763657,0.0020287166413864737,0.0011199176714139748,0.006065655,0.0003357287277858293,0.0005839432271013921,0.0025031092,-0.006636497836020933,0.0003974767902902768,0.0078423508,0.001787190324571659,0.0004963455849454061,0.004222298,-0.0012779034919855072,0.0004987844133160592,0.004228306,22.220266782640167,98.7716726004769,91.10987101939405,360.095967376696,75.36544930597262,311.621529768879,84.12314997724883,426.285334857586,42.90610754161904,181.818046814509,40.331259603268975,174.094656169406,69.7986325786912,264.652467331903,116.36989534754196,447.078011220552
Subj_01_MMH_One_L_04kg_Trial_3_EMG_data.csv,0,1.080078125,1.079833984375,1.090087890625,0,0,-0.00793962459970739,0.0011205943876904242,0.0130230905,-0.00522588267688537,0.0012324589508160113,0.0082571991,-0.0005777595561191553,0.0006662615809523403,0.0021397592,0.0020901032802579187,0.0010035370362711296,0.0060264589,0.000274652439158371,0.000810199472518375,0.0024224282,-0.006493389656837105,0.0004803572810718793,0.0083015449,0.0013581412450030166,0.000639890373142336,0.0034861567,-0.001252086218085973,0.0004505397804667234,0.0045813564,24.165784995826353,346.867551308714,88.75037890239766,461.85908755477,72.93072344053306,337.96427283784,84.86110283418583,297.040361954735,42.557221247418596,199.889393509199,39.09277893544083,149.411494122207,67.25538271445853,253.3725166943,111.5407046008666,583.622225128244
Subj_01_MMH_One_R_02kg_Trial_1_EMG_data.csv,0,1.139892578125,1.1298828125,1.14013671875,0,0,-0.005324547755980247,0.0010312145000477063,0.0168505684,-0.005293266447071604,0.0010028794313141633,0.0170791633,0.0030800234472469134,0.0015769568622854464,0.00951376,-0.0034210684639024687,0.0009309779712647095,0.0150953298,-0.01130439393550247,0.0014350694110701273,0.0226638801,-0.008956563252455555,0.0009869193430506594,0.0204545986,-0.0024439763780493826,0.0009770973346111965,0.0139451986,-0.004376363369150618,0.0009864891328856126,0.0155536653,98.27748055522456,448.103979725589,84.44463336922128,466.845485080023,60.91471088230482,419.157036125096,62.928459252449365,394.106077208966,33.10985638506485,284.88340020233,33.214851948716294,219.962618203629,87.68296107086925,338.178359024084,52.467198446861,242.308873321096
Subj_01_MMH_One_R_02kg_Trial_2_EMG_data.csv,0,1.070068359375,1.06982421875,1.080078125,0,0,-0.005778192374069472,0.0024947931066400023,0.0315854102,-0.005760972980255177,0.002547554351180586,0.0318328887,0.0027046629184729457,0.00272199891475108,0.0236623771,-0.003238200343199733,0.002543571656796504,0.0292493831,-0.013269865752665332,0.00246806566747665,0.0381626152,-0.009952148845959921,0.002615282504848003,0.0350950249,-0.0031321038679706075,0.002632832619387573,0.0286937729,-0.004917194131577822,0.0025897743293548164,0.0301171318,99.99930301334284,652.906265950569,84.27201972653522,595.443248060942,73.63891609086436,627.722862740885,64.04457639925687,647.008827027061,34.2794663882569,413.29551159041,30.26808419656194,322.158168010954,85.30136233603632,381.96791634026,55.311033847504184,340.456970183247
Subj_01_MMH_One_R_02kg_Trial_3_EMG_data.csv,0,1.099853515625,1.08984375,1.10009765625,0,0,-0.004406185937670175,0.000933293488709387,0.0068956376,-0.0047538081780463155,0.0009469372878284453,0.0073499684,0.005139109614150175,0.002535276843399119,0.0088325506,-0.0012575854036042107,0.0009952075897431353,0.0037453652,-0.01134152913196772,0.0006138925140269137,0.012854577,-0.007428474008237194,0.0007562966047688368,0.0090176584,-0.0009801584466933332,0.001175211971773148,0.004040909,-0.003373534973122807,0.0011572470621710779,0.0064106942,86.26283955816533,467.533013346597,67.52825935911632,350.314358133709,63.579558494595666,469.922890210681,64.45728942719703,326.78328529633,31.335154181878625,230.433529938167,30.299729445121198,185.362177719716,98.5452980908044,612.514586497304,64.91124289986769,307.170671823446
Subj_01_MMH_One_R_04kg_Trial_1_EMG_data.csv,0,1.080078125,1.079833984375,1.090087890625,0,0,-0.008490832125066974,0.004306021830921019,0.0368462577,-0.008582585929056197,0.004353306985968516,0.0371409431,0.006189838541716705,0.004211402510448933,0.0223205574,-0.0033358453705296383,0.004395023990418361,0.0323321372,-0.013418298632440338,0.004387428442872527,0.0419780761,-0.00888660747634642,0.004333143332745684,0.03789654,-0.0033646593423063893,0.004298068510091314,0.0323507339,-0.007437401687023865,0.004279334658610557,0.0361035354,108.63344304342247,571.141523745508,99.36840576010482,547.433727037955,113.62153852347174,546.152259609867,101.7096786211486,553.164454688167,54.177935547615576,361.332641938172,46.059380594106315,277.004846873758,142.41599018129392,556.357607771544,91.26936766233547,383.046540080863
Subj_01_MMH_One_R_04kg_Trial_2_EMG_data.csv,0,1.080078125,1.079833984375,1.090087890625,0,0,-0.00860473045604404,0.0012729690332337878,0.013425923,-0.008498488178103263,0.0012775774184653123,0.0133083351,0.0070108184588276385,0.002511045967967043,0.0100001339,-0.0025357706425451786,0.0013267030540890462,0.0075190547,-0.013116409082742598,0.000995043165910487,0.0167887695,-0.00789652076695672,0.0012591880427736404,0.0119765289,-0.002452669243337889,0.001445760965888915,0.0080932621,-0.006728308892311314,0.0013994389651341191,0.0126957903,91.00626974271721,376.518539013343,85.13531084337723,307.09831203463,88.42626284380205,380.133407018518,77.62453574645362,326.656447512051,47.03433903999556,215.205974054579,40.687390173541885,177.219920475982,128.26863521043157,712.458586400945,92.96434080494689,375.375838796026
Subj_01_MMH_One_R_04kg_Trial_3_EMG_data.csv,0,1.080078125,1.079833984375,1.090087890625,0,0,-0.009024726155680304,0.0031106535934530004,0.0347854644,-0.008709609865157576,0.003131037774570697,0.0342410095,0.004489840691660606,0.003936830389612808,0.0219091419,-0.003667925690062121,0.003180719234512636,0.0297772419,-0.013928046777356061,0.0028968340989799814,0.0396406204,-0.009479545845460605,0.0030462215288838044,0.0359868072,-0.004199367622999999,0.0032919068147618,0.0307843219,-0.00781343133766818,0.003157093561697699,0.0339672118,89.71535529686804,957.384631761578,79.10012789329045,901.74891293413,99.082536046839,920.08362348299,83.59767027713406,893.42265757761,50.73590559243784,589.597105993535,42.47010340506628,448.211723875203,125.8638354694462,624.245349432288,93.62519388833698,556.330966394259
Subj_01_MVC_Isokin_L_EMG_data.csv,0,1.320068359375,1.31982421875,1.330078125,0,0,-0.0012062666616629212,0.0003966480700159481,0.0020090104,-0.0036146283431385774,0.0008479399590845763,0.0046648979,-0.001847849209196005,0.0014011014813922348,0.0184464455,-0.0015704514488539328,0.0013118564114742,0.0035765648,-0.009004548046154807,0.0003891029219335442,0.0100891115,-0.007592774315790262,0.00036860334254873326,0.008720112,-0.0004884593732933832,0.0008787159755226473,0.0031871798,0.0012048879302072409,0.0007705602213737852,0.0048551559,,,,,,,,,,,,,,,,
Subj_01_MVC_Isokin_R_EMG_data.csv,0,1.449951171875,1.43994140625,1.4501953125,0,0,-0.0002733236303792049,0.0003740912617478604,0.0018499375,0.004510773161067278,0.0003745759173110978,0.0057045938,0.0029189188749541286,0.0007449750305779594,0.0039276127,0.0018543217984006118,0.0005185805974313421,0.0025136948,-0.006053224876134557,0.0003403389180453996,0.0078171734,-0.005640058307645259,0.00047074612990175523,0.0077053071,0.003476014602737003,0.00041357510225478955,0.0068072323,0.006830945299464831,0.0003962542105260443,0.0102270134,,,,,,,,,,,,,,,,
Subj_01_MVC_MMH_Bim_L_EMG_data.csv,0,1.31005859375,1.2998046875,1.31005859375,0,0,-0.004771146278653552,0.0015325757572214466,0.0109525686,-0.003146862722419672,0.0010973888826248121,0.0074675563,-0.001564261097451366,0.001154913638721436,0.0042119981,-0.0010616813753202186,0.0013548533279820307,0.0040555,-0.004592620801960655,0.0017967745517283693,0.0123447422,-0.00854372564088306,0.0017767238104158453,0.0167032257,0.0009465502851322405,0.0010432804190277632,0.0029909136,-0.0005152486866010928,0.0012575161640305391,0.0043642046,,,,,,,,,,,,,,,,
Subj_01_MVC_MMH_Bim_R_EMG_data.csv,0,1.219970703125,1.2099609375,1.22021484375,0,0,-0.0018348278600555557,0.0004032095932526127,0.0031022073,-2.6091301681623962e-05,0.0005364649461517347,0.003504181,0.00199193422541453,0.002033230023312354,0.01007309,-4.390905581196581e-05,0.0012113019498335969,0.0054553989,-0.009858580531623931,0.001582942767632687,0.0158952717,-0.009165497987871795,0.001641888493080011,0.0162162781,-0.002146267509854701,0.0009128041461156732,0.0037988664,-0.0030510750810363247,0.0006295414704195035,0.0059606554,,,,,,,,,,,,,,,,
Subj_01_MVC_MMH_One_L_EMG_data.csv,0,1.31005859375,1.2998046875,1.31005859375,0,0,-0.004771146278653552,0.0015325757572214466,0.0109525686,-0.003146862722419672,0.0010973888826248121,0.0074675563,-0.001564261097451366,0.001154913638721436,0.0042119981,-0.0010616813753202186,0.0013548533279820307,0.0040555,-0.004592620801960655,0.0017967745517283693,0.0123447422,-0.00854372564088306,0.0017767238104158453,0.0167032257,0.0009465502851322405,0.0010432804190277632,0.0029909136,-0.0005152486866010928,0.0012575161640305391,0.0043642046,,,,,,,,,,,,,,,,
Subj_01_MVC_MMH_One_R_EMG_data.csv,0,1.219970703125,1.2099609375,1.22021484375,0,0,-0.0018348278600555557,0.0004032095932526127,0.0031022073,-2.6091301681623962e-05,0.0005364649461517347,0.003504181,0.00199193422541453,0.002033230023312354,0.01007309,-4.390905581196581e-05,0.0012113019498335969,0.0054553989,-0.009858580531623931,0.001582942767632687,0.0158952717,-0.009165497987871795,0.001641888493080011,0.0162162781,-0.002146267509854701,0.0009128041461156732,0.0037988664,-0.0030510750810363247,0.0006295414704195035,0.0059606554,,,,,,,,,,,,,,,,
Subj_02_Isokin_L_02kg_40bpm_EMG_data.csv,0,1.909912109375,1.900146484375,1.91015625,0,0,-0.003955858875126761,0.0010837209659858777,0.0062067034,-0.001967430712954929,0.0010620428448909476,0.0043942453,-0.0019085880241070427,0.0011700458005698827,0.0039344789,0.00012212153527042254,0.0008214661097566131,0.0019666674,-0.01872665203877183,0.00062347511478113,0.0198801048,-0.017704278581749295,0.0007399197386383831,0.0187797546,-0.008130106593281687,0.0012731741652806763,0.0103597641,-0.004443753244008451,0.0009459647936523382,0.0061695101,31.4358943180631,116.830237301962,24.27264930032,90.8896292540378,15.53868643754439,90.3389988388074,18.988721404205,151.739229773632,15.217817231433052,54.9415593759761,19.2060463588746,58.0908963171919,57.15329606242066,166.442036817723,71.13048028204257,246.961491511503
Subj_02_Isokin_L_02kg_60bpm_EMG_data.csv,0,1.89990234375,1.89990234375,1.91015625,0,0,-0.002380222638636667,0.00046821786699210077,0.0045613293,-0.0006285013269133333,0.000597363455537016,0.0033293725,-0.0004715467075966667,0.0004494813494846944,0.0025517466,0.00060371379377,0.00040633083391426733,0.0020785332,-0.017339740684416665,0.0003860452517630092,0.0191039089,-0.015561961564066666,0.000377775454737453,0.0171566978,-0.005610834268986667,0.000558423710964885,0.0082580568,-0.0031401638102033333,0.0004734866530527462,0.0053240778,19.424663690348474,128.668062347599,19.22302454381,184.216873065288,15.000548432628536,117.409014392912,16.142475780937787,90.7670572117142,16.689482577770146,58.9720413279414,21.07105771504513,73.0366157536982,57.519108343114524,216.889238726515,73.79560868601017,330.53395404208
Subj_02_Isokin_L_02kg_80bpm_EMG_data.csv,0,1.9501953125,1.949951171875,1.960205078125,0,0,-0.0031507743192695035,0.0005586439937541517,0.0045733452,-0.0019097172434539005,0.0006149913593024347,0.0035079003,-0.0012541593114113476,0.0005458269307576689,0.002790642,4.4738000354609914e-05,0.00044522148824634313,0.0014945985,-0.01783899529087943,0.00041752922734322414,0.0195416454,-0.015840488874152483,0.00041456834373181014,0.0175941475,-0.006994533307663121,0.0005678113052736131,0.0093123438,-0.0036701962726666663,0.0004766348606769244,0.0060484889,23.993248995624654,155.950756664869,23.659511819722567,156.307250910118,19.664302686865067,121.285388853764,23.621095659093307,108.62971984382,23.142274525316093,84.0045957401989,28.819856923152802,109.164616117719,76.31745877304498,222.138528829489,94.46841243141324,308.918405955345
Subj_02_Isokin_L_02kg_St_EMG_data.csv,0,1.830078125,1.81982421875,1.830078125,0,0,-0.005854992700154321,0.0003183572593163703,0.0064919475,-0.00385619090841358,0.0002934152950903589,0.0046219826,-0.0041924606728148146,0.00047364304135009803,0.0048892023,-0.0013676024228086421,0.0004882855273758194,0.0021597864,-0.020560739292623455,0.00029787342463150827,0.0212224964,-0.019511289781530862,0.0002800094209443065,0.0199444778,-0.010765673545314814,0.0003222729112301554,0.0118017206,-0.006888676674333334,0.0005151057813450715,0.008002854,19.061022558698344,90.8130833711119,15.410800159574572,71.5085711985436,12.135903323642088,41.212149787232,13.643254952428853,47.2778663734601,6.1259165751783655,16.8135701034596,7.247611624339866,20.2236522008568,29.5006714173434,77.6099762377913,39.05918822333629,120.210410849772
Subj_02_Isokin_L_04kg_40bpm_EMG_data.csv,0,1.919921875,1.919921875,1.93017578125,0,0,-0.005864737304493617,0.0005391750845371292,0.0073448182,-0.002398416188093617,0.0005409971255440184,0.0040483475,-0.002460614842360284,0.0006430296812889564,0.0038349153,0.00012181642074042555,0.0004416556340639503,0.0015137673,-0.024437797764116313,0.0005486767345807494,0.0261094104,-0.022488863629821276,0.0004883891698686657,0.024104692,-0.010300793413401418,0.0005296486451452308,0.0121736536,-0.006760979216442554,0.0005819885266386685,0.0091486936,29.137858052943034,173.1985338324,28.20267835741364,186.233207533888,31.58583313174687,209.37691250671,26.411164758671298,119.373333319568,22.12721377810535,102.268542565265,27.339805072185747,107.714853183255,89.14492722515298,280.531309357343,120.05004885675834,406.379206965509
Subj_02_Isokin_L_04kg_60bpm_EMG_data.csv,0,1.93994140625,1.93994140625,1.9501953125,0,0,-0.005349469830534686,0.0005563316627575777,0.0068879132,-0.001875397059532995,0.0005970835673098979,0.0037110329,-0.002340869351015229,0.0006319239903543006,0.0044013979,0.00022873310127918784,0.0004389339925253929,0.001747799,-0.02393382195967513,0.0004909569691938456,0.0258421917,-0.022050473309729274,0.0005066967152633932,0.0237510689,-0.009374840026812185,0.0004816573182255076,0.0117313387,-0.006045805557922165,0.0005013067720218436,0.0089538582,27.861871422209745,193.401070380009,28.45398392979087,202.30665985285,25.67847932439865,193.68526107101,25.837312878942818,142.645259079543,20.640196938963506,98.9973455131798,24.21983353973466,103.390557547552,86.62750024269218,340.175294425915,107.41731406894642,404.958962619964
Subj_02_Isokin_L_04kg_80bpm_EMG_data.csv,0,1.949951171875,1.940185546875,1.9501953125,0,0,-0.005271095322686614,0.0004938931778734138,0.006714249,-0.0018689746276503937,0.0005129664666444372,0.003341961,-0.0025517393055149605,0.0005003515990049247,0.0040303231,0.00027580616501732285,0.0004662026616358803,0.0187093746,-0.024137371521656695,0.0004777762981186816,0.0257532131,-0.022184094533883467,0.0004925082587465582,0.0234981552,-0.009441494978988977,0.0004722792821515734,0.0113845831,-0.006360919170346457,0.0005331803948590724,0.0085899355,32.041164018283624,186.119315209235,27.921143212654556,187.552568439948,24.79644300137348,134.794680055367,31.789428120091866,2432.54961893076,21.08096615282951,85.6377098832653,26.653186961980893,110.658292037766,74.91973283351398,310.245874353276,95.29153428411931,340.403272648553
Subj_02_Isokin_L_04kg_St_EMG_data.csv,0,1.85986328125,1.849853515625,1.860107421875,0,0,-0.005423258491370717,0.000605233504404664,0.0070123677,-0.0021557018585420563,0.0006341824225695422,0.0036792757,-0.0025169660036510905,0.0006348103148630336,0.003917885,0.0003589111009719627,0.000433176601183519,0.0014187814,-0.024303463311694706,0.0006086377462697685,0.0256464966,-0.020965646702660438,0.0005063619668281195,0.0219883919,-0.01038634846811215,0.0004923780692036091,0.0121627813,-0.006867276856728971,0.0004300890009629734,0.0093609812,31.03409643068376,100.051386499464,22.032094723090427,95.5559357090395,16.328876642696986,93.9420065941285,19.230712650438875,67.4041938599522,9.721261259984125,28.6320445948876,11.744952920820216,32.3029530023523,66.36974903820408,216.749343147398,81.86478107498704,353.545676857603
Subj_02_Isokin_R_02kg_40bpm_EMG_data.csv,0,1.85986328125,1.849853515625,1.860107421875,0,0,-0.004375801838713451,0.001245206813231427,0.0067245485,-0.004458764023476608,0.0013327204573698817,0.0070549967,-0.005760992859874269,0.001194731922493158,0.0079994202,4.912343039766087e-05,0.0007204345266265563,0.0017655373,-0.011574327962687134,0.0003395497514162709,0.0125275617,-0.008313905706695907,0.00046698398839814726,0.0090170866,-0.006195302349973684,0.0006530169084618771,0.0079164505,-0.0025779616808567253,0.0006703927847862392,0.0043221475,65.21369493088935,479.012765268511,134.10592094482627,1017.17259279992,65.0780898117258,524.871073375523,40.944846192891646,268.341256563647,43.59768746574626,171.440667198735,35.99161572537646,138.603297361626,56.03670984464732,172.239584461846,58.85913320150833,182.929886611937
Subj_02_Isokin_R_02kg_60bpm_EMG_data.csv,0,1.900146484375,1.89990234375,1.91015625,0,0,-0.0004726518461189024,0.0011052417456441845,0.0025846483,0.00019984791198475612,0.0010051121993770035,0.0041582109,-0.0015219978215609755,0.001049893492151204,0.0032535554,0.0026880517836646344,0.0006434044730881521,0.0046008113,-0.010354311487134147,0.0007746395602715144,0.011771393,-0.006445264526844512,0.0009245435613883767,0.0080354698,-0.0036497025915640247,0.0006475009554363322,0.0052637104,0.00022193045768902444,0.0006809411263340868,0.0027557374,57.709153823962225,356.656651331277,50.859661506798744,287.576483124642,46.28650384834732,287.498718148859,39.61350392518089,154.489209176341,42.12808015182542,251.38691826637,34.00923317994577,114.488048663435,56.26221390312189,193.653364946208,58.69184549887872,174.39417982953
Subj_02_Isokin_R_02kg_80bpm_EMG_data.csv,0,1.85009765625,1.849853515625,1.860107421875,0,0,-0.0020599223576761904,0.0012595709963691807,0.0054485323,-0.0009568094922793651,0.0007508914726920583,0.003289032,-0.003397321471473016,0.0009706441120242477,0.0062072757,0.0019329757338285714,0.0007055642499575564,0.00324955,-0.009391914931466667,0.0008377113344009134,0.0111313825,-0.005362895698520634,0.0010337420394168628,0.0076334956,-0.004135576026717461,0.0006191336317818509,0.0058570863,-0.0005253937727301588,0.0006509054556320999,0.0024081231,81.0569999618413,408.428587112255,68.41696160699416,596.286783311561,54.458547717976415,285.151725840137,43.06142854039473,205.62074001515,56.435244876289055,192.724510708519,46.51842099988869,142.430810793129,77.01215042687772,277.381834184553,81.80821048251893,262.108890477387
Subj_02_Isokin_R_02kg_St_EMG_data.csv,0,1.830078125,1.829833984375,1.840087890625,0,0,-0.00825075744107971,0.0005004339049772339,0.0094840052,-0.007091381672739131,0.0007934795862397317,0.0085418709,-0.009202307416347826,0.0006356286896987994,0.0103503233,-0.00311471136081884,0.00039945827644926425,0.0038377764,-0.01175569050428261,0.0011825636613909576,0.013738919,-0.009505961654297103,0.0004993963719721844,0.0107208258,-0.008351514367869566,0.0002342890635222946,0.0094665531,-0.004783898973,0.00046691851851142144,0.0058948519,37.36629537804873,207.339671693017,39.72587572709489,200.366911227615,45.663552126558166,144.884426346722,36.1082373981488,113.913762841721,30.782957548582605,96.6371843324604,26.872892093197517,105.216842827614,51.87445520511663,155.774903176523,54.35886844777802,214.206539300909
Subj_02_Isokin_R_04kg_40bpm_EMG_data.csv,0,1.860107421875,1.85986328125,1.869873046875,0,0,0.003017756559670851,0.000683523395795033,0.0043144226,0.00310070473032636,0.0007691035580269574,0.0053143501,0.0006984464528117156,0.0006146040327982867,0.0025737763,0.005451480262516039,0.000385807894828691,0.0065671923,-0.008400701419244073,0.0005249129388783593,0.0097048767,-0.0041309520579525805,0.0005871042977863408,0.0052502635,-0.0023088513774728037,0.00042094389724165067,0.0040017129,0.001235831871191074,0.00039362903581500433,0.0035370828,60.750221601687144,308.726979736126,90.39553841454686,767.920390133147,57.181508541912294,295.922595513607,53.82795675034458,302.406522814732,63.76335750002634,218.950708341005,52.13706907551047,188.038206101953,82.23175532663801,276.389265573142,90.41963907574458,283.484551314236
Subj_02_Isokin_R_04kg_60bpm_EMG_data.csv,0,1.900146484375,1.89990234375,1.91015625,0,0,0.002137319685097701,0.0012334679131779348,0.0046025277,0.0030425416432557474,0.0009395390359775091,0.0078217508,0.0005735270221293103,0.0006232241101905928,0.0023394586,0.0048259917954109185,0.0005775085113789394,0.006188679,-0.008797993292229887,0.0010784898138620055,0.0105680469,-0.004866327125255747,0.0007844695022923836,0.006529713,-0.001971649565008621,0.0007188659057882147,0.0037470818,0.0012999422493218391,0.0007527543631415263,0.0035808564,73.09569824151086,530.732064724223,65.09135170727005,1018.17481125443,58.093860926261755,308.465748765433,57.67326969871165,323.239411060584,56.473434457116774,199.325481401961,46.60317454650374,156.430272506751,81.95266206785384,234.288759176314,90.16839864088682,300.633535061265
Subj_02_Isokin_R_04kg_80bpm_EMG_data.csv,0,1.940185546875,1.93994140625,1.9501953125,0,0,0.0025531710444158416,0.0009041998519740934,0.0042812349,0.003815073464432343,0.0013350958701377536,0.013947201,0.0011778864140957097,0.0005946895874208051,0.0029691698,0.00538225480040264,0.0004441761212758373,0.006778908,-0.007510489002475247,0.0006180556814195479,0.0095621115,-0.0036957829280066003,0.0006078153676420616,0.0051587108,-0.0014749152089537955,0.000514164209781411,0.0037299157,0.001801022406980198,0.000514477030346006,0.0045218468,87.80205506960284,562.193898267783,71.38150956740849,400.532665672699,71.96017874903096,324.351736990179,74.0870311793065,327.313313344504,69.7807509556404,282.812298461809,55.991134451379025,201.746445894654,89.5151855450577,354.897412032443,92.56344531160434,284.037978497346
Subj_02_Isokin_R_04kg_St_EMG_data.csv,0,1.849853515625,1.83984375,1.85009765625,0,0,-0.00010932004779439257,0.00037606253662503524,0.0009269715,0.001529199514361371,0.00023657456184354071,0.0021486282,-0.0008069961055451715,0.0004934030738570896,0.0186550152,0.004968639166380062,0.0002139149569402331,0.0057108882,-0.01069133583257321,0.0002998704675998208,0.0113565447,-0.005626605175968848,0.0003581605729734133,0.0061191563,-0.0032002630696884734,0.00027857418211974135,0.0043270113,0.0007023244759875389,0.0002857777984949036,0.0025494576,46.67304090959116,159.986864035383,35.50540822399427,130.501256801546,453.8958748180496,5724.54321179376,44.21478099058111,161.123849632043,27.892521104497202,93.985679932715,23.923631291952784,78.2877680013389,60.64710435487332,294.811279439849,51.45723142541508,153.465649968949
Subj_02_MMH_Bim_L_02kg_Trial_1_EMG_data.csv,0,1.889892578125,1.8798828125,1.89013671875,0,0,0.003286371421433106,0.002575929037145349,0.0060725217,0.0015860349749841271,0.0020363521261233856,0.0041293148,0.002327927037585034,0.002288117781017006,0.0049910545,0.003585059298385487,0.0029067555746559158,0.0073622707,-0.01388982256699093,0.0017533995932883827,0.0170808807,-0.008253363884743764,0.002350282622986804,0.0130165108,-0.0009287929174489796,0.002217926934969441,0.0058733942,-0.0012652809754172334,0.0015853669837670309,0.0044008256,56.95041862790037,388.393899458488,55.57195573741017,569.05466473008,43.724517715792494,359.936887219957,77.37147535396775,872.484004432353,31.117048799780402,157.918319042436,22.427747102104693,137.804967477154,46.85959822345652,157.561214423398,33.54806930100275,110.460051194953
Subj_02_MMH_Bim_L_02kg_Trial_2_EMG_data.csv,0,1.93017578125,1.929931640625,1.940185546875,0,0,-0.0037856030333197777,0.0005816364152982843,0.0051280977,-0.0021213809258779446,0.0006502694133781442,0.0040274621,-0.0034354537428965635,0.0006136702726755852,0.0051169395,-0.0021622209302756554,0.00052355207212902,0.0033685686,-0.01822584219985186,0.0006176581466685126,0.0197078716,-0.013743067295233391,0.00037406202320322134,0.0155542381,-0.006518683459395241,0.0006701895954816047,0.0088474276,-0.004922527517770936,0.00053863220909404,0.0064447406,44.86618967314419,287.481320595527,44.94490865528908,271.60448852295,37.51091131104443,304.548536145002,42.087284265924175,295.931642458603,26.547383976763197,124.399045403471,19.651690900481796,93.4673143745136,37.73286461303043,126.241057980281,28.077266927974886,93.4282209659038
Subj_02_MMH_Bim_L_02kg_Trial_3_EMG_data.csv,0,1.909912109375,1.89990234375,1.91015625,0,0,-0.00436179440554026,0.0006270894169870102,0.0067431452,-0.002855451974166234,0.000592838685173486,0.0049183848,-0.003167134320376623,0.0004803774823797688,0.0047990801,-0.0025837193179194806,0.000556224093830575,0.0039868355,-0.018845483725522076,0.0004917990537811684,0.0198423397,-0.014303301335322078,0.00022187561896999685,0.016125299,-0.007144911244979222,0.0006939091054924047,0.0098190308,-0.005804905788667533,0.0008808978923883462,0.0088711744,49.010242658220704,258.746440041467,51.09965898300944,277.407132174566,37.42590122760535,237.199660724892,41.41136174900358,239.455659298516,24.51403726556747,120.245403019666,19.183048641806813,104.692739902398,40.74654898889942,194.666798588274,28.47534880339091,107.424605024146
Subj_02_MMH_Bim_L_08kg_Trial_1_EMG_data.csv,0,1.869873046875,1.85986328125,1.8701171875,0,0,-0.005759984738103568,0.0011314259850098137,0.0093695642,-0.0037372386181426928,0.0018579680890825942,0.0096322065,-0.0031962744109597244,0.0016038779214383454,0.0077236178,-0.002960904760361335,0.0007518836304236256,0.0049115182,-0.020395555571021864,0.001530421120149632,0.0243736282,-0.015015452354046029,0.0018238513386851605,0.0194824226,-0.009190074516593786,0.002348050264075555,0.0163175594,-0.008359737466602991,0.001840488975305433,0.01363678,60.38276922480053,295.140893953038,64.44092639286488,320.24426288191,72.97242768477838,360.106922663441,80.43018751500604,371.185992365243,35.70881505905735,199.587765685362,25.91213153560308,165.972483900952,88.76733118539853,386.362298518961,61.96940911945907,233.137180487184
Subj_02_MMH_Bim_L_08kg_Trial_2_EMG_data.csv,0,1.919921875,1.909912109375,1.920166015625,0,0,-0.01095447372939726,0.0011899186568522576,0.013379002,-0.01128664172305936,0.0004173217002867119,0.0123930937,-0.0082711423726758,0.0008677028101924962,0.0103451731,-0.004928422105878234,0.0003874543144700849,0.0061291698,-0.028141824065908677,0.0017683113074403326,0.0317934044,-0.020379858895175035,0.0014427960033685386,0.0238440521,-0.018981886427890414,0.0006008438837905675,0.0212016106,-0.013443333258423135,0.0004632533654970691,0.0150535591,81.2935975633349,378.50713616565,75.80587815077129,337.254354852172,78.56200605004858,528.630663803361,82.870154014126,285.503930577704,37.251515099790865,186.344472533303,26.752649054605033,116.512692986405,79.83913170546435,311.017040655677,58.27427248385949,188.133437253586
Subj_02_MMH_Bim_L_08kg_Trial_3_EMG_data.csv,0,1.929931640625,1.929931640625,1.940185546875,0,0,-0.01120957940353867,0.0005315610122288621,0.013144684,-0.010029831228436908,0.0007009219061517703,0.0119044306,-0.007538013795682496,0.0006579219453765111,0.0096885683,-0.0038594772754871097,0.0005825804459473578,0.005795002,-0.028033070254944368,0.000891906755629977,0.029314328,-0.022504348299424694,0.0007507869085660787,0.0245678909,-0.016365188313986433,0.0007184117567927558,0.0188587196,-0.011734969643587518,0.0006387086237028043,0.0140979774,66.3684491709801,489.36056927356,70.5792974820211,587.14767194218,83.92530335331277,353.825797849882,91.804995148434,428.227270754392,29.18167911254936,137.611425254128,20.114650516970084,96.7425987845241,72.78267831836175,343.71645816886,66.03751245667682,204.025911042656
Subj_02_MMH_Bim_L_12kg_Trial_1_EMG_data.csv,0,1.909912109375,1.89990234375,1.91015625,0,0,-0.006735813841962265,0.0021783462659098886,0.0102759367,-0.005928278931393081,0.0024927055063515115,0.0103780748,-0.0033519711630943393,0.0017138368898226254,0.0063314443,-0.00021555563304402508,0.0010840307097145425,0.0026144029,-0.02263681950901258,0.0013047138766596833,0.0253397953,-0.01860623121471698,0.0010486336429658895,0.0209930427,-0.011433401467955975,0.003515793652195553,0.0197871216,-0.008862107241327046,0.002401099735890325,0.0144498833,110.43296584354273,539.710187981325,104.02078004325534,614.439331459809,124.51127634291346,482.181826339974,150.52187405571598,575.045753540839,44.93490579161239,211.223650716856,30.947133233654345,130.681747503054,159.42099492123467,607.430034059368,109.89128438124479,420.059428780636
Subj_02_MMH_Bim_L_12kg_Trial_2_EMG_data.csv,0,1.9599609375,1.949951171875,1.960205078125,0,0,-0.01177739619152025,0.0008989715289298762,0.0137220388,-0.011057549053127726,0.0006135292283733563,0.0127876289,-0.0073482702702461055,0.0008168026966652949,0.0094636921,-0.0032657253062492214,0.001020246107665587,0.005869675,-0.026770042946772585,0.001693425602332402,0.0300084129,-0.021647510420417446,0.00147528134559468,0.0246168151,-0.019480056694934578,0.001016224271022514,0.0237333309,-0.013200096633221184,0.00075850789252063,0.0161962509,86.67529240565587,324.221898629094,103.11932394813314,511.19270437671,124.0031923616879,391.639577971745,149.4999547421947,543.512932415874,43.92824259377179,188.766969794947,34.01928785491191,172.771418482972,120.8535409686629,391.74867139861,78.92099761198686,243.194632710719
Subj_02_MMH_Bim_L_12kg_Trial_3_EMG_data.csv,0,1.849853515625,1.83984375,1.85009765625,0,0,-0.006265587800287951,0.0027191517642723086,0.0114060408,-0.0054952015264287946,0.00291001659675539,0.0101892473,-0.0028144177093990612,0.0021271045026741604,0.0071150782,-0.0014967281241001565,0.0017317804532069436,0.0046391487,-0.014439833124964007,0.0040816217532036285,0.0215686802,-0.01019932775023161,0.0033236173033497703,0.0162860882,-0.008287219813752737,0.005196915125175358,0.0164053924,-0.006718283468031299,0.0037694276080444426,0.012368775,97.96774668502987,476.103867849131,92.83364605508459,554.30665126041,133.7115603227705,450.170817329597,151.66818768707677,491.257615551179,42.41993066931279,201.153199421585,30.16719806970014,164.717591427333,110.83704716734033,497.862176837061,98.32288632231266,339.031577271772
Subj_02_MMH_Bim_R_02kg_Trial_1_EMG_data.csv,0,1.949951171875,1.949951171875,1.9599609375,0,0,0.005234364075185454,0.002971892124575874,0.0090974811,0.00848297923877091,0.0029734100246544787,0.0122551927,0.004977435282305455,0.003020275884771971,0.0087395674,0.00900022904216,0.0012858322149745592,0.0110169416,-0.0061175354035418175,0.0032350761962102684,0.012023163,-0.001629377006870303,0.0022484329187438448,0.0052742958,0.004148778611047273,0.002596581062025031,0.0087152487,0.005573981860363637,0.0021638840312890612,0.0095984461,73.53501636828258,355.540838253609,67.11186456348513,320.478131121587,68.79421787653537,491.342723333546,49.95446824092734,321.904068790724,41.219658060632,252.503366490158,32.59256783602822,206.759318634128,26.217274483047895,152.536087824279,19.438634412156997,112.401088033263
Subj_02_MMH_Bim_R_02kg_Trial_2_EMG_data.csv,0,1.93994140625,1.929931640625,1.940185546875,0,0,0.0005798120194922117,0.0006041123071840173,0.0017872811,0.003823319910037384,0.0009324637033456439,0.0055692676,0.0009322404512211838,0.0007491820567236304,0.0025629045,0.0035925961618566977,0.001028249847062795,0.0055664065,-0.01536819464526168,0.0007773311878475745,0.0171895996,-0.006465957899218069,0.0005555693405791862,0.0079905512,-0.000596528355211838,0.0008093861605185706,0.0028827668,0.0019064481321183803,0.0006958249372148352,0.0036618235,62.384900063832305,354.890707179741,65.07034153142352,424.601387336458,61.631132341599496,282.483318717776,48.742564808223534,300.115235102193,37.91405365704747,243.375884456854,32.631098219669504,217.648321551199,24.290638824827216,121.950087264382,17.456667608100805,110.429444066626
Subj_02_MMH_Bim_R_02kg_Trial_3_EMG_data.csv,0,1.89013671875,1.889892578125,1.900146484375,0,0,-0.0009239027484971266,0.0006266298345329003,0.0029943467,0.0015331723251264366,0.0011182932282432026,0.0034286501,-0.0013221756409166668,0.0006322286570895829,0.0031571391,0.00206391498479023,0.0008713394019964756,0.0038706781,-0.015463859113827588,0.00036748343844143647,0.0167587288,-0.00798459473175,0.0004293255567378862,0.0091761593,-0.0019681561470402302,0.0008971432126646345,0.0044978145,0.00024821503493390796,0.0010833951288978913,0.0187311172,64.78425446432215,313.10958911349,64.54830899547723,418.466909204994,52.38225286906629,304.410157315005,58.43900988767084,531.647679182817,34.155070334006474,201.093110445752,26.561007684431136,149.612624894614,26.67887087554581,176.093341234611,19.133351003826053,1533.64846877004
Subj_02_MMH_Bim_R_08kg_Trial_1_EMG_data.csv,0,1.8701171875,1.869873046875,1.880126953125,0,0,-0.0025276811165006385,0.0010381174582818381,0.0054851533,1.424331912643673e-05,0.0011950264733487869,0.0033411027,-0.001584635607100894,0.0007926385395188373,0.0041376115,0.001580168851596424,0.0007859432127730059,0.0037608149,-0.014575818492620688,0.0004000325182017751,0.0161321647,-0.009287191983943807,0.0011983834394363624,0.0124362949,-0.003370203162776501,0.00108217253559213,0.006320572,-0.001103556551376756,0.0010265646538174765,0.0173764229,109.40372065895482,448.551128011738,84.8955019986297,462.745555301154,96.51297119927794,467.282500962297,85.19252318547393,560.767735886497,42.44613607386917,160.728264094859,41.05247987196291,164.476237480512,57.27525591718127,219.053549906919,43.319235900160756,1561.81667239158
Subj_02_MMH_Bim_R_08kg_Trial_2_EMG_data.csv,0,1.940185546875,1.93994140625,1.9501953125,0,0,-0.007074298137726027,0.0006405281411059191,0.0088110929,-0.0037256191610745815,0.0007239697203426256,0.0056859972,-0.0045445071771141555,0.0006589276946903314,0.006434727,0.0003149029825753424,0.0008790198843868544,0.0022845268,-0.017761124892882802,0.00042570043503718287,0.0190661438,-0.011337776106024355,0.00073094226919012,0.0133944517,-0.005815539803869102,0.000601693367609414,0.0076772692,-0.003169519881214612,0.0006197913283293952,0.0047804834,110.9441308658829,497.109023920952,106.1842180980347,380.778872131189,108.11109342421604,507.509404012591,95.7503415605909,386.795787166286,42.64502853616541,218.089081675294,35.98192364034027,181.487775043846,44.24854732904978,141.094449685001,37.19673617077701,131.05785330931
Subj_02_MMH_Bim_R_08kg_Trial_3_EMG_data.csv,0,1.929931640625,1.919921875,1.93017578125,0,0,-0.004827857443456259,0.0007565519636841389,0.0067251208,-0.0019960541760995964,0.0007905619393721288,0.0040389062,-0.0035224537704737547,0.0008889740912758675,0.0059400559,0.0012704827839730818,0.0007742642028876171,0.00323267,-0.018380930657671605,0.0006920377140404946,0.0203375816,-0.012594571043224763,0.0007199287119341378,0.0146158226,-0.005066578002309556,0.0007514175558442285,0.0071119312,-0.0020381780615881563,0.0007951221468203651,0.0041596415,86.84396773977606,553.791932451945,92.46788019237582,584.261834729905,96.23317978665341,759.421231210603,80.22725594093406,651.739064814131,39.438603819088435,172.726081083761,34.08134948667723,179.822443225365,52.812492217898274,181.252862134641,43.86346353242836,155.117579621691
Subj_02_MMH_Bim_R_12kg_Trial_1_EMG_data.csv,0,1.929931640625,1.929931640625,1.940185546875,0,0,-0.0010412202998947367,0.002173930933330519,0.0057048798,0.0006432439436714511,0.00214370492937084,0.0047055245,0.0006999594589377989,0.001822330408841605,0.0044540409,0.003512760725987241,0.0017048880630231487,0.0068716053,-0.015347812987259967,0.0004696501807605213,0.0166766178,-0.010597825440992028,0.0007903340771394272,0.0120912557,-0.0033033907871323764,0.001667764465029558,0.0066410066,-0.0004886937609154705,0.001682230539422983,0.0046960833,119.68655028429238,633.975291754058,97.83821730285064,727.369307694083,222.5747800203393,775.203300166893,150.72624759970572,586.705186498851,55.016899692775645,233.456377451834,49.43324129233307,198.267017164881,83.81119999708838,290.684299113065,59.15869685561738,184.131348031523
Subj_02_MMH_Bim_R_12kg_Trial_2_EMG_data.csv,0,1.929931640625,1.919921875,1.93017578125,0,0,-0.005905032139128205,0.0006335005197457357,0.0073691369,-0.0030185210532669687,0.0006008430875990125,0.0046468736,-0.0018789435349622925,0.000684583416816651,0.0036975862,0.001539080928361991,0.0008321442195770256,0.0039012909,-0.01444542160468175,0.0006520440512247168,0.0158423427,-0.010346342048983409,0.0007924945082843151,0.0118406303,-0.005487695505656109,0.0006518181910110445,0.0073782923,-0.0018802244361900455,0.0007326953612571413,0.0037176134,143.11565038712268,447.025292000736,103.62758493699049,331.932882215752,217.74620990709457,807.31134463564,166.4632364310618,676.214658789756,59.190301568263294,226.443744401028,54.686634754672674,195.904338785898,75.89971966362748,266.425258516581,56.4150911585041,202.430642809683
Subj_02_MMH_Bim_R_12kg_Trial_3_EMG_data.csv,0,1.830078125,1.81982421875,1.830078125,0,0,-0.002094913100718447,0.0025207623835087067,0.0062622074,-0.000255120562935275,0.0021020512047626215,0.0040389062,-8.93630634563107e-05,0.001780233520398422,0.003584862,0.0029282895522233007,0.0006639803056183799,0.0049263956,-0.00846514137280906,0.0016372244772326426,0.0118045816,-0.0038789524311100324,0.0021635719481734443,0.0086731911,-0.0020965767743624597,0.0021492100023486724,0.005607605,0.0014854596568025888,0.0015824427545241785,0.0059600831,110.96754204878624,551.317780068395,85.78466592473183,431.702635403494,163.57652206659355,669.102425021906,118.82875290189428,466.362750579197,49.554653562257364,167.490548223696,42.88581454589266,188.571659474426,76.60222714737776,248.435275304789,57.25076324636723,165.895816148017
Subj_02_MMH_One_L_02kg_Trial_1_EMG_data.csv,0,1.83984375,1.829833984375,1.840087890625,0,0,-0.011164558808728058,0.0007132351366340676,0.0129627232,-0.009655119645315107,0.0008413785274700382,0.0118108755,-0.009086376953444605,0.0005637402264885491,0.0103737833,-0.00482705911131223,0.0005984540956523978,0.0060341838,-0.023738596805050357,0.0005907916505834122,0.0247601513,-0.021934331442719425,0.0004752286264408045,0.0230581295,-0.01613358191444029,0.0008108775462848757,0.0177111626,-0.012093691344543883,0.001143760146456986,0.014154912,32.196147285663734,204.082177366474,32.10501773368894,189.844785987717,18.762458442310507,115.84522940078,25.156465626410686,144.313968568855,9.529738122080184,51.9255959462859,11.767846346270133,70.2419877417417,50.230524300307295,176.314095804902,49.07633160194618,167.858554838816
Subj_02_MMH_One_L_02kg_Trial_2_EMG_data.csv,0,1.89013671875,1.889892578125,1.900146484375,0,0,-0.010637462073335142,0.000924935671992014,0.0127721792,-0.008852647449020354,0.0011795633628963727,0.0112669952,-0.009247144747327001,0.0006104317503339514,0.0108495718,-0.005287427075940298,0.000656051126069725,0.0069977762,-0.023232581721658072,0.0007536101798248355,0.024827959,-0.02196216288565536,0.0006074728959809912,0.0233442318,-0.016558985184578018,0.0008049615166394814,0.0190192237,-0.01228140893521031,0.0009236960707699642,0.0146859176,30.79998021857173,187.533342567763,33.06073185388146,233.219113966689,15.574501184331043,132.597557668087,21.18724880377248,139.446608890832,9.260623168054803,61.8358474148697,11.04216074321974,66.074041002226,48.81827026332611,246.403305053652,48.43444348723522,185.684065111049
Subj_02_MMH_One_L_02kg_Trial_3_EMG_data.csv,0,1.880126953125,1.8798828125,1.89013671875,0,0,-0.01015172532922933,0.0012338882535530519,0.0135149006,-0.00867703047626521,0.0014573242647803874,0.0126288421,-0.010323066933195008,0.0007195077980287794,0.0122414595,-0.006638006270836193,0.0006538772247887956,0.008184243,-0.023526051327862712,0.00087710962926066,0.0259826668,-0.022566502782820592,0.0006281029618318622,0.0243730564,-0.01727414139345398,0.0007695899557404345,0.0194623955,-0.012452694602318253,0.0008571481822164909,0.0145923616,30.523803056625646,192.738949899256,27.710495629724864,310.459577305336,14.564735373603899,135.654210483255,18.30448683800133,110.322396380602,12.240572459399413,79.3109024575958,13.387267198822144,90.2743006800192,50.42301593944639,159.750023847574,43.33993657042606,140.209739624133
Subj_02_MMH_One_L_04kg_Trial_1_EMG_data.csv,0,1.909912109375,1.89990234375,1.91015625,0,0,-0.007858181779737758,0.0015828511253900698,0.0106375702,-0.00593563051364613,0.0017136656630719707,0.0089003565,-0.009722881772394944,0.0010803999771859777,0.0116563803,-0.006492935150638231,0.0008851526003309016,0.0083713531,-0.021157137236900474,0.0011654316173661723,0.0235393532,-0.021974540531102687,0.001019618150793035,0.0239853878,-0.016316933464559244,0.0011466690821820957,0.019589711,-0.010188250084938387,0.0015462721925465967,0.0131011968,42.89069685711265,211.237686543635,34.22743708717732,248.534750912733,21.925178699728473,206.429855999944,26.14524047424151,122.141465038492,14.11752106845663,105.630855706822,16.063015181570215,139.465095750839,98.7122076219143,375.276026827548,80.21845390136386,413.611550709939
Subj_02_MMH_One_L_04kg_Trial_2_EMG_data.csv,0,1.89990234375,1.889892578125,1.900146484375,0,0,-0.008255706555478262,0.0015463483405763903,0.011800576,-0.005591631695938808,0.001663201206830341,0.0091898926,-0.009689165252679549,0.001182809393149359,0.0125232702,-0.006971208328334944,0.000741700573431825,0.0089138038,-0.020672431817761676,0.0011293630303968307,0.0226610191,-0.02118191485221578,0.0010687779967801902,0.0231104866,-0.01586287905694686,0.0021876401250363188,0.0192106254,-0.009866530845874397,0.0029761835127468635,0.0128047951,35.96215617186482,231.230271664106,42.509842301356706,365.137423492258,23.759631841640342,144.347554311296,23.144686002144663,128.542914517488,14.310441310972463,122.252103177094,16.773590775981308,131.388543943296,112.14330672040357,851.704635750267,117.63121614761145,1023.68768492527
Subj_02_MMH_One_L_04kg_Trial_3_EMG_data.csv,0,1.929931640625,1.929931640625,1.940185546875,0,0,-0.007702259539285921,0.0011955477395099556,0.0112106325,-0.005033737977146589,0.001299599451648749,0.00843916,-0.00984446426121916,0.0009394387946877286,0.0121341711,-0.0069428476072075475,0.0007898184423310349,0.0090047838,-0.01996106936159071,0.0012721745681533439,0.0221709255,-0.020936408782438316,0.0011803673883240533,0.0228798874,-0.016120792721373005,0.0009779801336978233,0.0187162403,-0.010383780425216257,0.0012798062072822034,0.0129939085,28.83213835426681,149.572938525065,26.003945638357113,153.421056755335,20.244841880679868,91.8911224684677,21.41353785735265,103.526941327307,14.95271383010204,102.394140200441,16.599432428628123,98.6194642536772,100.21671080752631,466.841474689869,77.52353148828135,398.837354966102
Subj_02_MMH_One_R_02kg_Trial_1_EMG_data.csv,0,1.83984375,1.829833984375,1.840087890625,0,0,0.0002836204517309942,0.0014509295985645602,0.0040658,0.0012039349762865497,0.0011100566316193724,0.0032658579,0.002107183006391813,0.001241612421177789,0.004185963,0.006374055100266082,0.0011398983858279205,0.0085764891,-0.011042058327777778,0.00064465570524488,0.0129773142,-0.007438040812508771,0.0008782526100996477,0.0102098472,-0.002263615080561404,0.0014918133523361026,0.004935551,0.0028470581672046785,0.0018289876038733567,0.0089489939,102.40535240740834,531.375333825229,99.66572986506056,547.530389724533,90.12330637084749,465.426243520187,70.40335571669318,370.149703335226,68.97565071449114,355.04987504246,59.914582230135316,277.877786659343,49.39845541129076,295.290859369889,48.735812084636024,354.0623033576
Subj_02_MMH_One_R_02kg_Trial_2_EMG_data.csv,0,1.900146484375,1.89990234375,1.91015625,0,0,-0.004032777457155607,0.0010676849909149876,0.0062873843,-0.0018455266574992192,0.0006529128334597974,0.0032698633,-0.0018993779957918694,0.0007688351440239722,0.0039250376,0.003888838080579232,0.0007910702357103574,0.0052894596,-0.011367261970717123,0.0007771768416195738,0.0127015123,-0.008164660644281315,0.0009042052157886549,0.0098084453,-0.003835618036155116,0.001273575054906929,0.006136036,0.0011502778658797805,0.0017621730483385698,0.0104802139,136.84566462892045,718.396944238919,166.52865670205227,917.213718726333,100.78217701629755,517.072164300275,80.26493069316415,539.272780203804,31.204815190956833,144.113701353076,27.54653314808328,124.698302703994,45.37226875613463,154.912037355116,28.45624041146137,137.731837952024
Subj_02_MMH_One_R_02kg_Trial_3_EMG_data.csv,0,1.85009765625,1.849853515625,1.860107421875,0,0,-0.004722540351880259,0.0008073679334494736,0.0066681863,-0.0025555620192588995,0.0006247397330594856,0.0040975572,-0.0027554995421715214,0.0006124475295329339,0.0042603496,0.002721835703537217,0.0005704074990775707,0.004237175,-0.011320538296453074,0.0005872016446679049,0.0125510218,-0.007889534208152102,0.0007296166505991852,0.0093629844,-0.005105473310912621,0.0007539841437212336,0.0067780497,-0.00011824633381553398,0.0009482053141285419,0.0052554132,116.05085541017668,711.024524625826,98.72228705969093,502.364576567091,98.87148511869947,469.089193497885,65.54695070987479,330.169066960593,34.73745815099678,304.052607750884,30.015267630312643,246.303127268193,42.91105112747899,199.053394751993,30.25586076179216,150.338910103942
Subj_02_MMH_One_R_04kg_Trial_1_EMG_data.csv,0,1.889892578125,1.8798828125,1.89013671875,0,0,-0.005233091665550388,0.0011822627612492237,0.0078005795,-0.002681687254592248,0.0009166575046387562,0.0049884799,-0.0048986315106325585,0.0006015812584840793,0.006600094,0.00010937464074728683,0.00040868567506487525,0.0014528275,-0.012383971831708526,0.0004774856105693972,0.0136585245,-0.010335300228043411,0.00045357566785774817,0.0114595415,-0.006708453873919379,0.0006361879214932777,0.0088963509,-0.0023853266937860465,0.000806380794966828,0.0042148591,110.08642901944678,789.483321884943,102.02973835252196,666.732890385921,85.87840654361553,409.697511472176,73.76478337336529,316.695587938922,50.532254938746384,232.418438501809,42.76280658272352,198.643208061049,75.21881148212806,312.546202529911,61.998186949854606,273.137663844794
Subj_02_MMH_One_R_04kg_Trial_2_EMG_data.csv,0,1.919921875,1.919921875,1.93017578125,0,0,-0.00497694830205613,0.0014421496318255031,0.0081779482,-0.0025507958492525847,0.001104377843561801,0.0048256875,-0.005265183378942393,0.0006912871471626713,0.006913376,-0.0007900603057607089,0.0004027963584043631,0.0016659737,-0.012479775070974888,0.0003753379019984943,0.013370133,-0.010687421902579026,0.0007252824177568991,0.0121590616,-0.006923204478912851,0.0007980805818541022,0.0085275657,-0.002328625784939439,0.0012818061464406841,0.005153561,141.37684192645875,939.694629661493,121.69408222012011,868.925321926298,78.53942790151432,474.569553310232,55.881340945820824,239.402795374276,43.11104435137758,191.161492480552,35.77279577474974,156.693602060438,49.65743629551631,166.095430940865,44.19704284267943,313.110200186015
Subj_02_MMH_One_R_04kg_Trial_3_EMG_data.csv,0,1.949951171875,1.93994140625,1.9501953125,0,0,-0.004316559136652308,0.0014614222201309805,0.0078374865,-0.0019135932254553847,0.0014868040728789663,0.0049572946,-0.005005967833415385,0.00101135774594663,0.0073124887,-0.0017145698823292307,0.0006152902913181535,0.0032592774,-0.013305200874821538,0.0007380580259636357,0.0144802099,-0.010853823805547693,0.000798191345955187,0.012067223,-0.007237176119873847,0.0012741818825379287,0.0089864731,-0.0022487949541538464,0.0022484643434688575,0.0112378122,132.46378253545478,476.562463590959,97.22842775024299,547.501994160828,107.18104288164243,461.557610368894,76.40733969933964,301.880672858186,52.07719266990612,282.554733930568,41.357794332882115,199.890475435792,66.38522716662844,212.649897559465,45.28754549833187,144.633903094329
Subj_02_MVC_All_L_EMG_data.csv,0,1.97998046875,1.969970703125,1.980224609375,0,0,-0.004778211940046448,0.0007578409965935298,0.0066149714,-0.0013823425001120218,0.0008164785388229451,0.0035688402,-0.0027927926513688526,0.0009313040359604857,0.0048657418,0.0006195123008060109,0.0006698888799885561,0.0038815499,-0.024014151562300547,0.00048225158160817715,0.0269837398,-0.021899468985887977,0.0007073211058596711,0.0240540523,-0.008838799273338797,0.0010999546728246515,0.0111645702,-0.005699294912773223,0.0011934923906288626,0.0079562189,,,,,,,,,,,,,,,,
Subj_02_MVC_All_R_EMG_data.csv,0,1.989990234375,1.97998046875,1.990234375,0,0,-0.0005124570186027779,0.0008819895529247331,0.0039462093,0.004390187903061111,0.0007950501729380019,0.0055752755,0.0012129320229055558,0.0008965192055683756,0.0025411607,0.007417907791825,0.0007289780268458168,0.008556176,-0.009826854454441666,0.00042345907354000216,0.0117047317,-0.005805176531086111,0.0006174413568449744,0.0084960945,-0.0010426181595138888,0.000651124301455338,0.0042640688,0.0016754977320472223,0.0006268367337559102,0.0047990801,,,,,,,,,,,,,,,,
Subj_03_Isokin_L_02kg_40bpm_EMG_data.csv,0,1.8798828125,1.8701171875,1.880126953125,0,0,0.000909971108193989,0.00031919280002175397,0.0019701004,0.0020017887045819674,0.00029150387885328895,0.002785492,0.00261921194545082,0.0005789720365783675,0.0042500496,0.002833138578147541,0.0007299841175302739,0.00543623,-0.009531165728663934,0.00034408806184819,0.0104298592,-0.010869437141483607,0.0008041290962981589,0.012406827,-0.002157392644994536,0.0005509346236382681,0.0042331698,-0.0013178669837267758,0.00038981919075497764,0.0027600289,27.020511641123683,125.565857465997,24.839479540842895,202.423226444736,53.056829390450545,236.475578718135,69.74313944345954,360.998954594162,50.902513640513476,168.8712401178,39.6369801062875,128.034061610971,78.72389228664065,294.7574035607,82.04989086758887,305.755137170067
Subj_03_Isokin_L_02kg_60bpm_EMG_data.csv,0,1.8701171875,1.869873046875,1.880126953125,0,0,0.0016959226879918257,0.0011965165059227704,0.0044054035,0.0027987169109618525,0.0010690114899197043,0.0051092152,0.004307417773152589,0.0010642806962134943,0.006898785,0.004786230707569482,0.0014125803059727882,0.0090482719,-0.010260148554318801,0.0009446764808815879,0.0115588196,-0.00935168451979019,0.0007956456070934183,0.0104407314,-0.001172845849558583,0.0012711193300790555,0.0048156739,-0.00028636732378474114,0.0011593477215294664,0.003464699,40.12818075335794,226.948186992167,35.02791218246724,180.468470663976,69.65838450748849,360.089401471939,88.2421449636409,551.4853797231,61.390208828311266,238.026681922014,46.251491988115596,158.290209948437,101.83815597135208,363.774094286771,108.51751566237155,410.387185900844
Subj_03_Isokin_L_02kg_80bpm_EMG_data.csv,0,1.869873046875,1.85986328125,1.8701171875,0,0,0.0011847616417881618,0.0010734257460738095,0.0033665658,0.0009339817838099689,0.0014077632318681423,0.0035119059,0.0021416531575202493,0.0020941923247639153,0.0185886398,0.00620194144434268,0.0017160085733156044,0.0094974525,-0.012878087152327104,0.0009728179466429184,0.0144186979,-0.012900573916676011,0.0012252908869859853,0.0146561628,-0.0017503647071931462,0.0006538648268537979,0.0052657127,-0.0005078520690249221,0.0008289700746927163,0.0033050538,54.96690030649003,197.225108960263,64.55591294063663,215.352717432862,70.58276932795769,4029.55992201792,90.16376602677595,307.886662556412,57.08242208125727,186.033737367236,43.46401729528829,143.712893735609,98.07757917503913,314.215494452361,103.88315847178416,338.335156524443
Subj_03_Isokin_L_02kg_St_EMG_data.csv,0,1.860107421875,1.85986328125,1.8701171875,0,0,0.002197318750436137,0.0003156367617876238,0.0030112269,0.0035477122288286606,0.0002132205727881976,0.0041092876,0.005885136672267913,0.000629279183911682,0.0070735933,0.005954028745426792,0.0007718210304395411,0.0074950219,-0.014037203675632397,0.0006937569187866746,0.0150601389,-0.014419301707663552,0.001039699875975822,0.0157731064,-0.0016261620029595016,0.0006758483294110841,0.0035436631,-0.0004863169864112149,0.0004725741841102298,0.0019165993,24.205503747625322,134.496254294312,34.734049150669655,196.814763666034,41.3791929015641,145.273252326253,48.01253807148949,139.877799123755,37.24462426681719,112.579646087004,29.288516753533717,91.5117314664345,69.38743134156618,201.376233392809,63.53466112719144,179.259434927926
Subj_03_Isokin_L_04kg_40bpm_EMG_data.csv,0,1.849853515625,1.83984375,1.85009765625,0,0,0.002163141872320802,0.00042963818986116426,0.0038969994,0.002798490789746867,0.0003846105630171231,0.0040148739,0.005931438847997493,0.0009672204807531787,0.0077116014,0.00550278822418797,0.001041032493381577,0.0092056282,-0.01751727773658897,0.001564477289928706,0.0203166977,-0.017182556209907267,0.001850572256934856,0.0202434547,-0.0027720614045313283,0.0012104756534705918,0.0051967623,-0.0008976476376015037,0.0008495172450157805,0.0027199746,47.15847964520617,197.001737761319,45.257879165956844,204.43279083139,93.88238402758513,598.078468529313,105.0560576708812,426.311136154916,63.23678726104571,273.935173753229,48.80514117867315,239.481759181866,110.36501685332594,400.996313057694,102.39208979895275,317.045159118757
Subj_03_Isokin_L_04kg_60bpm_EMG_data.csv,0,1.849853515625,1.83984375,1.85009765625,0,0,0.0025461730072191234,0.001063846967897975,0.0052588466,0.0032834244054687914,0.0009747787805284133,0.0058728219,0.004927942211219123,0.0007521245485215376,0.0075393678,0.004468637806464808,0.0014515453326075806,0.009584141,-0.012378376687035855,0.0016200599770230105,0.015133095,-0.012502602671171316,0.0015767080821441465,0.0152043346,-0.0014902768206480742,0.001499839957454089,0.004980755,0.00032487633445683927,0.0014290599550034692,0.004074669,71.57014133893806,244.485558513135,60.23211486407938,217.224078354517,114.34527421409675,443.736655689892,135.2387929484835,767.697809404397,84.4061917460514,303.65513296167,65.75489879861598,239.496361375461,140.50863541899605,472.494266687357,137.62496034807452,455.180987492134
Subj_03_Isokin_L_04kg_80bpm_EMG_data.csv,0,1.840087890625,1.83984375,1.85009765625,0,0,0.0024290639847411167,0.0006051688952518654,0.0037279131,0.0032043623583824024,0.0005817638204110071,0.0048311236,0.004827545371461929,0.0013058592799168114,0.0080769546,0.004864165637241963,0.0011732360055157303,0.0085927965,-0.011300192359790186,0.000787488301573152,0.0129678734,-0.010849714242592217,0.0006575308760300182,0.0121896751,-0.0012975793880507615,0.0009583329975529842,0.0049950602,0.0003217983456582064,0.0007842405581555177,0.0186953545,72.86490609709927,315.912073322355,64.57032801193877,255.387435282534,119.35150390118037,419.529946322816,140.67686145640155,665.84713109307,105.85839633038505,328.6718339346,80.83040123571968,248.172284723219,173.13211743372392,483.900686449088,179.99965608009273,2178.24334004856
Subj_03_Isokin_L_04kg_St_EMG_data.csv,0,1.840087890625,1.83984375,1.85009765625,0,0,-0.004914883255683848,0.001783669545772383,0.0074761393,-0.005796811457656357,0.0014600116225511235,0.0078237541,0.0021647221171477663,0.001652022678336702,0.0059346203,0.0041840360953676985,0.001572226195949362,0.0076606753,-0.023711090137209623,0.0009439062265967421,0.0248883255,-0.022886748502927837,0.0016718163952591215,0.0248534214,-0.008177145724831615,0.0020117522883733264,0.0110389711,-0.007328225485883162,0.0017916296144394536,0.0098759653,60.32464651167409,181.528563698536,61.237543874352326,191.905682221622,96.70448265495538,453.827674822743,120.38589430187818,410.718813521019,65.11831630677892,213.641540357495,50.50206000309359,167.592666325153,107.5420916794301,345.110225550811,118.80918484564059,432.417493515861
Subj_03_Isokin_R_02kg_40bpm_EMG_data.csv,0,1.7900390625,1.789794921875,1.800048828125,0,0,-0.006725775166196548,0.0003884196972508374,0.0077336314,-0.007494708880573704,0.0003199973047627741,0.0086050993,-0.007661924480539176,0.0009368223236111982,0.0096264845,-0.001771637509264276,0.0006084311094532797,0.0031868936,-0.02338898438477822,0.000532662666824362,0.0252021793,-0.021483470954432933,0.0006006088075137547,0.0234686863,-0.007763125623184596,0.0005456682421886503,0.009815312,-0.008382602997606906,0.0007968067825421953,0.0112369545,38.13197756240145,191.164070675937,31.490690108246753,141.480236135144,57.66611258181581,272.5670201258,62.7068173308441,366.638054225859,76.01599213194424,323.440219910533,83.86282966232963,351.342671272182,99.79468613351825,427.312951105076,112.318289415448,490.639773206365
Subj_03_Isokin_R_02kg_60bpm_EMG_data.csv,0,1.85009765625,1.83984375,1.85009765625,0,0,-0.012097346042616518,0.0010799616037815997,0.014081669,-0.01288207347939528,0.001362935921746968,0.0149571421,-0.011213193814908554,0.000790267133803699,0.0135231977,-0.005447658411519174,0.0005221142319015405,0.0074300771,-0.026846641106286134,0.0010927814666225055,0.0289309509,-0.025707619449914457,0.001050506249071201,0.0275198948,-0.00839139758735693,0.00032003999265927687,0.0105877882,-0.009793390207415929,0.0021148023428079884,0.0131452568,55.123817468368095,179.81464226745,45.147414672883045,196.296806963292,74.53585225756109,341.035569843767,71.66580761175668,252.847927940215,81.0207239557065,258.477166059325,85.86743831482106,275.1065529484,112.35063986236551,350.653672757943,105.72698473764586,306.272209415326
Subj_03_Isokin_R_02kg_80bpm_EMG_data.csv,0,1.800048828125,1.7998046875,1.81005859375,0,0,-0.015762206679964745,0.003856415707086853,0.0213995948,-0.017574727160115385,0.0037282395513276692,0.0230569839,-0.016648250284714748,0.0028961888370213538,0.0215294845,-0.010064024600291667,0.0036713539738676784,0.015981961,-0.030790478811852567,0.0025778444066374357,0.0348100662,-0.02915786216886859,0.002411954116621999,0.0327884704,-0.01418010705284936,0.002407764983279188,0.0188804641,-0.015388734810259616,0.0040587264820253965,0.0216733944,51.962287384326295,337.221813363193,44.55262306211121,326.529938484423,74.76553935830272,389.319670876821,82.14524914908127,467.530464139293,99.86598284579348,359.203983910763,111.46630596026458,384.189240092715,136.50574211632923,461.993594599223,144.7497925857359,585.778693752178
Subj_03_Isokin_R_02kg_St_EMG_data.csv,0,1.679931640625,1.669921875,1.68017578125,0,0,-0.009463108147769697,0.0011266334899045177,0.0111176493,-0.010075374114618181,0.0009969113838870336,0.0118895536,-0.007065531305969697,0.001164781788901717,0.0094911577,-0.003049620579515152,0.0009552640924228862,0.0052096369,-0.028560178814266663,0.0012494936600198113,0.0299909599,-0.0278207855302,0.0009821309577665775,0.028956987,-0.010414140028315151,0.0008792129801980994,0.0121241575,-0.010256564197393939,0.002285561897024467,0.0131378183,58.66050052057638,182.561614028232,74.01002247448587,282.621223886868,98.56535926845325,624.937689252736,72.51065009183115,466.562519201512,61.32161616914461,226.349565244773,66.85573098415573,234.244124184772,87.26692189474097,247.373400868343,86.73203008218563,265.590604392483
Subj_03_Isokin_R_04kg_40bpm_EMG_data.csv,0,1.840087890625,1.829833984375,1.840087890625,0,0,-0.007427667194528571,0.00036181721911974357,0.0083001144,-0.007744219466640476,0.0002938252943901294,0.0084663397,-0.007696709493188096,0.0004121948886308744,0.0094239237,-0.005461539198195238,0.000596297969495513,0.0070664408,-0.01844721286469762,0.0021922272248425245,0.0229030624,-0.017724622259114284,0.0017231365961673517,0.0215861332,-0.007970707741861904,0.0004411468622533818,0.0100467689,-0.006486641152257144,0.0009200997383086104,0.0091269501,71.30188960313617,224.000140020647,55.35891969976952,180.641193212378,122.58285747742079,633.952186836488,124.40579466572878,394.656714125336,97.80482985620993,322.078022169738,104.09145845481233,326.323551799514,169.50156128007916,578.149698822387,152.14313019243727,471.350836811506
Subj_03_Isokin_R_04kg_60bpm_EMG_data.csv,0,1.840087890625,1.829833984375,1.840087890625,0,0,-0.00705726843912,0.0006608304062237457,0.008342457,-0.008853283760432,0.0009247097653413545,0.0104144104,-0.008614530939154666,0.0009832083561362652,0.0126588829,-0.003266798920874667,0.0009203195859922297,0.0058659557,-0.022493516022063998,0.0011632479741903378,0.0249575619,-0.019930139929008002,0.0011094730333580949,0.0232804306,-0.009431638015370666,0.0006158218694245862,0.0114366533,-0.009716162502016,0.0016455030127769043,0.0129801752,90.70448118963301,311.751454330938,73.34904585053046,264.380385331602,125.42405184905786,579.122625029419,131.4710284049642,441.158454718244,92.38184808350908,382.587934999667,95.68325033530698,339.53219208335,165.52738253830515,532.782955385743,151.45168118920847,481.08209960743
Subj_03_Isokin_R_04kg_80bpm_EMG_data.csv,0,1.869873046875,1.85986328125,1.8701171875,0,0,-0.011078774579157276,0.0030256129037844856,0.0220622066,-0.012724117205671362,0.0029386403210788486,0.0237367637,-0.013865186239377934,0.004269918708285474,0.026371194,-0.006069779232657276,0.0038713048663128777,0.0190569889,-0.026774754163523474,0.001519251692159069,0.0326388367,-0.025383096635652587,0.0016838945717320506,0.0314380676,-0.011323070297295774,0.0020578192152587776,0.0185414329,-0.01187376048520188,0.002656814511078224,0.0213466659,124.265832309205,485.443079301197,97.66875357196311,382.963020378644,139.46639628109352,590.899216066807,152.29781106909138,491.67049451955,104.7386303985383,496.464723372755,118.31218865266922,397.235292196402,200.00227925677535,699.471066740693,190.16962448037037,2470.34372959298
Subj_03_Isokin_R_04kg_St_EMG_data.csv,0,1.81005859375,1.809814453125,1.820068359375,0,0,-0.015679368527907103,0.0012257046512795383,0.0189331062,-0.01684047009990164,0.0012762475445438728,0.0201948173,-0.011372649017797814,0.0015150549784531703,0.0163496025,-0.00760106225262295,0.0009980823693776176,0.0117725376,-0.031033988978060114,0.0011926540757397084,0.0340587646,-0.028615403728306007,0.0010781721664010623,0.0312177669,-0.014733850828076501,0.0008891325326081879,0.0187857635,-0.016258322784704918,0.0020302527177206127,0.020573331,73.000175538229,268.614827304275,72.13105330889776,241.359696691368,96.91345103443894,436.771507834355,87.7215963331543,293.435565369535,80.05312756554636,301.327235225757,89.54613757839915,287.590104580396,122.09869163727699,335.211144027336,111.35522070448431,339.852397480963
Subj_03_MMH_Bim_L_02kg_Trial_1_EMG_data.csv,0,1.8701171875,1.869873046875,1.880126953125,0,0,0.002119580850079096,0.00029733754946776773,0.0030627253,0.0020603839412919023,0.00034408173852977633,0.0032197954,0.004228862746691149,0.0006917973488941712,0.0062853815,0.00384295372152919,0.0007823882349954208,0.0068976404,-0.008748960382258003,0.0012270079787507137,0.0109717371,-0.008868853518284368,0.0016123723845870724,0.0118635185,-4.6038942363465164e-05,0.0005758992604881392,0.0017420769,-0.000423339533314501,0.0005061544682186767,0.0016222001,52.05333403699446,345.575606826031,67.07190130571631,292.593863679655,37.88289424028587,139.155677667207,32.755168684820234,121.077843489639,40.33944563790593,185.484833651015,45.835547221533716,229.672474371304,55.74650437861115,237.967745531214,39.345198582005544,179.786486889039
Subj_03_MMH_Bim_L_02kg_Trial_2_EMG_data.csv,0,1.929931640625,1.919921875,1.93017578125,0,0,0.004281437594019126,0.0011011399718792528,0.0077030184,0.004499847311278689,0.0010823557221940493,0.0079490663,0.005626992485464481,0.0010599291710327407,0.0089595802,0.005740945372284152,0.001192926450670698,0.0094797136,-0.006278273764614754,0.00042443191084249796,0.0070441249,-0.005455744977513661,0.0004577601818731819,0.0067093852,0.0016558641157896174,0.0006267662489762335,0.0041808132,0.0017833638736803278,0.0008352567853627977,0.0045613293,47.53377219977257,224.480316814899,57.732272441148965,234.966528797125,35.94239955513897,151.247681734992,28.969316904143568,158.583676264571,40.95624637658364,251.579323520292,45.55477441796273,271.605421021082,46.08412061232664,155.868412249169,27.676265223134717,113.53273766378
Subj_03_MMH_Bim_L_02kg_Trial_3_EMG_data.csv,0,1.77001953125,1.769775390625,1.780029296875,0,0,0.0013286294358716981,0.0006220694683389976,0.00330534,0.0017334197903974844,0.0005792519411548294,0.0034947398,0.0030555132621031445,0.0007355383381063029,0.0053581242,0.004148546242472956,0.0009111116510379075,0.0065277102,-0.011800396206714466,0.0006851918650609172,0.0136965755,-0.013605934230188677,0.0007359064217431779,0.0154498108,-0.0006496470535798742,0.0008557230322991994,0.0031245232,-0.0022071834981484276,0.000745872765294843,0.0046932222,53.38451615918163,352.604810723558,64.0108984197045,303.842922055224,35.096518593423724,270.664914384241,42.44136856983958,278.202381352955,45.94799398098437,320.510732854526,49.61517731312402,348.732506487968,55.562578398682916,295.840858311907,36.21398150276198,171.169410127388
Subj_03_MMH_Bim_L_08kg_Trial_1_EMG_data.csv,0,1.909912109375,1.89990234375,1.91015625,0,0,6.491429879279286e-05,0.0013847550715773303,0.0036752701,0.0005424889377709138,0.0013541309071348807,0.0039376263,0.0011632003219948519,0.0016242703994725552,0.0184046756,0.0027286257541132564,0.0014970013228692886,0.0066421512,-0.012695005673379665,0.0009108911864197216,0.014553166,-0.014900486520936935,0.0010725956348724736,0.0168133751,-0.0016929879890888032,0.0012554483632943696,0.0054634097,-0.003698500192113256,0.0015400375482844514,0.0075376513,96.36066339268469,529.277302721832,97.5656527392176,449.02245645412,86.53386736929714,4093.50837668743,74.1641888967089,372.766957038758,63.766109515290864,323.195413895852,76.05868805681372,353.315711864832,119.20491991178332,537.761531747156,77.50023560886262,334.414731747859
Subj_03_MMH_Bim_L_08kg_Trial_2_EMG_data.csv,0,1.880126953125,1.8798828125,1.89013671875,0,0,-0.0031164059866666664,0.0007286015990231886,0.0050085071,-0.002442376355286475,0.000696102059425364,0.0044606212,-0.0016735233792779553,0.0008008639455687827,0.0037156106,0.000634856666828541,0.000977935512358226,0.0032841684,-0.015056413117942492,0.0005334401683728167,0.016430283,-0.01710671260342066,0.0006713238818284849,0.0182252899,-0.004210665847542066,0.0008175852577571299,0.0064470293,-0.00607550290572098,0.0008437551580560113,0.0081830984,100.47550391630993,630.265002902509,99.23681012205611,581.534395191608,82.46603218889373,428.158777330447,87.63415181207225,394.046150386051,79.74948714520974,434.476046039611,92.52966124298334,474.527349949382,132.0675166410795,556.910265252933,92.25508866704024,378.769661885933
Subj_03_MMH_Bim_L_08kg_Trial_3_EMG_data.csv,0,1.85009765625,1.849853515625,1.860107421875,0,0,-0.005061782726185447,0.0021291426892651867,0.0086437231,-0.00431285690999061,0.0021750316062269033,0.0081559187,-0.004075935384694836,0.0020177847098714137,0.0075213434,-0.001379762046197183,0.0018796524181210557,0.0046136859,-0.016345122138922537,0.0014165776272195485,0.0187723171,-0.01828711616406338,0.0013703251039688124,0.0207278263,-0.005809869041521127,0.0017409111647130886,0.009376145,-0.007696224363598592,0.0019053163471237893,0.011018944,93.20158551960319,610.78667369029,99.95476213064353,608.482145144689,73.33975287148868,426.747846890128,82.20880040629261,342.883185806192,78.73354290495016,538.797373882202,86.63368018528564,567.912737238076,142.53146833505596,492.691463380391,95.42482442730815,372.518900220337
Subj_03_MMH_Bim_L_12kg_Trial_1_EMG_data.csv,0,1.8701171875,1.869873046875,1.880126953125,0,0,-0.00488005695197619,0.002588583607644615,0.0109454161,-0.0047616946943528134,0.0028560968850829373,0.0115888603,-0.004468622551909091,0.0025225135953756113,0.0101182945,-0.0018382195700194805,0.0022058236367007867,0.0066475873,-0.017210889848608225,0.0014080066108041332,0.0206563007,-0.019065484334651515,0.001353696510329294,0.0223720558,-0.006256081767612554,0.0019207302071211473,0.0107491501,-0.007618030056813853,0.002574579731552572,0.0134470947,144.22585179745468,707.131024341533,132.09095726105622,866.635654160225,140.88066396432544,541.296365013973,146.0220095808853,486.258083737268,100.3857297115956,531.578735654593,119.24067285355636,548.099069154527,194.43158952048287,639.086781682584,130.00931073373536,460.764076754686
Subj_03_MMH_Bim_L_12kg_Trial_2_EMG_data.csv,0,1.7900390625,1.789794921875,1.800048828125,0,0,-0.010839251708499458,0.002808370870375494,0.0155682573,-0.010774038149878392,0.0031841866294577467,0.0160680786,-0.009391740238514657,0.0027049632682726726,0.0140570644,-0.005878485339952226,0.00208392095281846,0.0098473551,-0.020880444566760043,0.001494065860308421,0.0243879333,-0.022181290026679696,0.0010143828157946257,0.0255266204,-0.010570721040534203,0.0024595739859688596,0.0155556686,-0.012315104481042345,0.002340954552891295,0.0170019157,132.93183238091694,584.821043427166,126.8476348478791,512.393025499098,131.68759239369177,531.915480688515,124.1313098913341,451.500345698507,93.43843692942687,350.304085693448,110.57607251592275,416.249798688678,177.51833443003,579.446022515399,128.6664445257313,435.165968384844
Subj_03_MMH_Bim_L_12kg_Trial_3_EMG_data.csv,0,1.889892578125,1.8798828125,1.89013671875,0,0,-0.008991470380716451,0.0017700872578649256,0.0123779299,-0.009618044427709957,0.0020274296603872547,0.0137955667,-0.008436322501242424,0.002117602823438585,0.0132342344,-0.0043398660707207794,0.001833606501313279,0.0082757957,-0.02149677669021645,0.000791657571514044,0.0234789867,-0.021897406682677492,0.0007904432934704473,0.0237802509,-0.009414713983478354,0.0014698232212440776,0.0141503336,-0.01025335766471645,0.0016575058385503172,0.0146716125,140.01993144906123,597.590047440208,137.87791897814327,617.369832402241,133.8276962621664,611.491366013391,130.50788430690258,457.596125231945,108.8604353293533,524.561793501937,130.18922215639273,619.384128155913,220.95781001503698,823.243157027222,141.17649848221384,551.048039013481
Subj_03_MMH_Bim_R_02kg_Trial_1_EMG_data.csv,0,1.900146484375,1.89990234375,1.91015625,0,0,-0.006766251393439,0.0005359945992412993,0.0079745296,-0.006615973204115274,0.000678804595916357,0.0081705097,-0.007939330812034582,0.000246443199591348,0.0084952358,-0.006268986287763689,0.00016680177881224544,0.0070192339,-0.015010971785711816,0.0019295910285600315,0.019015789,-0.016953450882340057,0.0017945928495156135,0.0205204021,-0.007133346267600384,0.00033139159461154414,0.0079313284,-0.007218325437129683,0.0007592410479391903,0.0089286808,54.558828870208906,277.349914308679,52.769339950209876,280.247055310353,30.836541774286577,124.926289425729,27.52863816255527,110.73216411571,24.86748510195036,122.761362480963,28.064147254472633,126.689331560065,36.68747466377005,147.439048553865,33.94096232351208,153.006621204451
Subj_03_MMH_Bim_R_02kg_Trial_2_EMG_data.csv,0,1.909912109375,1.89990234375,1.91015625,0,0,-0.006660054441381916,0.00022405680150632112,0.0074784281,-0.006329473241827261,0.0002827049266832958,0.0077565196,-0.008720387018642374,0.0006605922885726439,0.0116578108,-0.0061474472270121455,0.0002871647412512431,0.0067903521,-0.015003707988998652,0.0018244326425910038,0.0220733657,-0.016734784690909582,0.0017291954337884375,0.0235533733,-0.007943749500021592,0.0010238799999396431,0.0114355087,-0.007715240323441297,0.001167553379740353,0.0116017349,62.660835914900524,310.294984302605,61.579791437107694,263.282845757343,26.450072645030218,138.118804177525,28.097734241911365,111.226166486715,31.555250109638727,313.928797683714,35.9890983551618,345.546396819354,35.59704173778382,184.848889971784,32.280105873654456,156.419205672191
Subj_03_MMH_Bim_R_02kg_Trial_3_EMG_data.csv,0,1.760009765625,1.759765625,1.77001953125,0,0,-0.012386193131133334,0.0005832524733285162,0.0137666706,-0.012870926366437038,0.000667530772247889,0.0144576076,-0.013509588341711112,0.0007762191279541591,0.0149356844,-0.009818122497604938,0.0007390868002450577,0.0118658068,-0.026262116565432096,0.0003543231475219457,0.0272023212,-0.026790687261958025,0.00035161100390421375,0.027800275,-0.01263306193834321,0.0006090986503317412,0.0150252348,-0.012930248639676544,0.0005991573952252077,0.0154569633,65.05046471749375,318.282295673615,62.46609996054024,292.560202700203,36.918580797292414,232.418307293131,34.75150562440509,256.136048819962,30.705896567482537,143.479617978877,33.41894585452726,156.246608177784,41.91421613529726,197.017659229435,40.08910952192566,188.693065745392
Subj_03_MMH_Bim_R_08kg_Trial_1_EMG_data.csv,0,1.8798828125,1.869873046875,1.880126953125,0,0,-0.01452825891656274,0.002095122006659278,0.0177915581,-0.01523317651417744,0.002343646741443137,0.0189488418,-0.01697471149895564,0.0027061435802099867,0.021375848,-0.013002242964811154,0.0025358073288478384,0.0174917225,-0.027661832479754123,0.0015402089586877717,0.0299737938,-0.027859731928420787,0.0013445694825317716,0.0300890934,-0.01642730890268948,0.0025174685127812937,0.0203810707,-0.017170891791178707,0.0026367461874125643,0.0216107368,150.09963249208576,609.059305084788,133.77560027622343,484.010520541089,90.1655871877102,527.698886856702,87.69106793419604,356.487737569441,56.61697853745921,312.320629261128,56.78269154856334,377.005578456213,78.82604842460667,351.65007615959,79.45387353128747,456.065395813382
Subj_03_MMH_Bim_R_08kg_Trial_2_EMG_data.csv,0,1.919921875,1.909912109375,1.920166015625,0,0,-0.017270894872728072,0.0007013934948130594,0.0186000839,-0.018482139965111843,0.0006959305662086027,0.0197610855,-0.018832049807980263,0.0012238431759528858,0.0207392704,-0.014600795356462718,0.0010534511127083968,0.0168368351,-0.030195756764583335,0.0006041384765882117,0.0313522369,-0.030520199384535086,0.00038737401209412465,0.0317038558,-0.017598389196848686,0.001011443973621509,0.0197768211,-0.01906008368942544,0.001078815375705827,0.021173574,166.76943639578587,606.438636190705,193.45993716642565,641.413358829014,108.83241990154983,511.3801412874,99.69163590384856,347.897424438389,60.54217423473982,265.94953171188,69.61647417058414,309.058735252427,69.83609476288282,277.683806652394,71.64234767283796,270.887545030057
Subj_03_MMH_Bim_R_08kg_Trial_3_EMG_data.csv,0,1.860107421875,1.85986328125,1.8701171875,0,0,-0.020917878657039146,0.002485569789541388,0.0246668831,-0.022675040287352313,0.002455945477581294,0.0264158268,-0.023638829192106765,0.0023395783189885193,0.0271574035,-0.018639264916771058,0.0023176188933224534,0.0221085548,-0.03188171598873072,0.0013322522892563102,0.0342298523,-0.032190969799803085,0.0011802105329500661,0.0343966484,-0.02155795627904626,0.0021726788130614957,0.0248528495,-0.023262961258998814,0.002125402785304063,0.0265686046,143.39679013444658,428.324851905837,182.0401696982776,636.879136436113,105.74205124785794,410.472360611675,79.80835103570587,290.915723351273,56.89997887679201,188.338292224138,60.5797174879717,205.414964276951,84.37194132355745,272.416056495255,75.65744489946388,258.166140841457
Subj_03_MMH_Bim_R_12kg_Trial_1_EMG_data.csv,0,1.8701171875,1.869873046875,1.880126953125,0,0,-0.020013132871533116,0.0035452521911051877,0.0268964786,-0.022376955529480998,0.004123431758642085,0.0300447475,-0.02393506453560695,0.004156354959453469,0.0309462566,-0.018372153483068403,0.0035115400335807736,0.0244471561,-0.03178115844764386,0.0015073142984218266,0.0348278061,-0.03201072137652117,0.0013954921167028788,0.0347362533,-0.021208210860536373,0.0030540156542968135,0.0266452804,-0.022727249743811073,0.003185597683151339,0.0286631603,159.8317121120568,606.378673274688,177.21866735224535,740.038085778489,123.12646035626426,507.46944928013,112.10904914768876,464.322828268274,79.7427746610614,249.491474321054,83.05332635391412,287.749206202086,111.46424858072788,3087.06421241992,105.02871681729307,415.251894028799
Subj_03_MMH_Bim_R_12kg_Trial_2_EMG_data.csv,0,1.85009765625,1.849853515625,1.860107421875,0,0,-0.02592970150837777,0.001951952774579421,0.031188298,-0.0278302138434075,0.0020772073739026794,0.0332877189,-0.02797068746239636,0.0015082702256358925,0.0315502174,-0.02196322169212194,0.0015788374615159253,0.0260381717,-0.035177148142302,0.00044757319026880195,0.0370199233,-0.0350873214639206,0.00038298168834401553,0.0368348137,-0.02401876844753078,0.0014395520466038024,0.0277224556,-0.026115004690086818,0.0018218608075791817,0.0311914459,147.20637190093777,660.52755394983,159.58038690248438,742.913115746489,135.52542883542625,544.708644143238,124.96950714793446,519.637327790086,77.62982521234514,335.649661881667,78.17366709448046,277.748504410474,111.72947779197861,417.198081775328,108.2178643517282,401.553928729456
Subj_03_MMH_Bim_R_12kg_Trial_3_EMG_data.csv,0,1.880126953125,1.8798828125,1.89013671875,0,0,-0.023890402132967743,0.0022468069910848436,0.0282740612,-0.026474190774090318,0.002719977071951779,0.0314220451,-0.02641181094945806,0.0025993800471701576,0.0312458053,-0.02031726978143656,0.0027282437593464603,0.0255140308,-0.03504549255159785,0.0006733360317714198,0.0364319831,-0.03539869804039785,0.0005285755037951913,0.0366431251,-0.021790665615120428,0.0021012751285248437,0.0369057655,-0.023844559712544084,0.0022513998679446687,0.0283052456,176.57922309129776,671.322401248908,175.0524725792081,560.494595441251,123.10092639716706,468.167811042268,120.80202037761006,412.642643717094,81.0903937473971,286.664610412733,80.32050951324365,274.217114284882,122.16328675756553,3064.37950958186,116.84505272298514,412.945879408889
Subj_03_MMH_One_L_02kg_Trial_1_EMG_data.csv,0,1.760009765625,1.75,1.760009765625,0,0,0.0027783913000661575,0.0025760895076414087,0.0105428696,0.0021106138046844787,0.002262237679853308,0.0077590947,0.002496107488361323,0.002639771071602341,0.0085473061,0.004803438922251909,0.002224069623093118,0.0130336769,-0.01618949982637659,0.0015536892927651912,0.0196449291,-0.0158874796083028,0.0020712708624676794,0.0201470386,-0.0012215718763435113,0.0016029399928485927,0.0185892116,-0.0011286019222620865,0.0019127831399974643,0.0057383538,82.47160968893948,1379.95505234194,112.38274967908806,1119.14398109576,85.40974116260328,524.73422470897,72.30608347053513,508.955508738109,64.66406079241796,270.911653294359,56.918192555486904,232.018071939693,145.49897106032694,1885.08813381964,69.36797386015847,330.837006560899
Subj_03_MMH_One_L_02kg_Trial_2_EMG_data.csv,0,1.829833984375,1.81982421875,1.830078125,0,0,0.0014935211176819337,0.001083803987129341,0.0069339755,0.0011675665225368956,0.0009654709803580857,0.0060636522,0.001380185632745547,0.0014771652968513466,0.0069314004,0.004313111356885496,0.0012826907768462897,0.0094636921,-0.016082913811002547,0.0008242288268941201,0.01836548,-0.016445137848997458,0.0008405110173890065,0.0186241157,-0.0020337746132900766,0.000867519099529701,0.0054708482,-0.0020930556013180664,0.0009852389646544813,0.0055718422,73.4363662760645,327.552589608618,96.97038584629902,328.70917405204,64.71180747206813,305.952487264147,69.50905760449722,440.517890076181,42.318806475054245,233.140004270993,34.313089789481765,131.432741152064,74.21068293030605,225.427731811607,66.56686291487766,188.397341343551
Subj_03_MMH_One_L_02kg_Trial_3_EMG_data.csv,0,1.77001953125,1.760009765625,1.77001953125,0,0,-0.0023633655101184666,0.0031061445535291044,0.0087535866,-0.0025988534896980255,0.00322908759120533,0.0091841705,-0.0029988324595191635,0.00330675701097317,0.0097389221,0.000251679550641115,0.0029811916052135175,0.0063431743,-0.017908857224910566,0.0016211763095411644,0.0214236267,-0.018239449050195124,0.0017572436640184942,0.0219566356,-0.0047935237866155635,0.0022463747557418504,0.0098267561,-0.005065611392260163,0.002445307401140111,0.010380364,53.557206118594294,396.13907375167,60.56726280562693,363.851770493242,52.995795025205624,304.083232935294,52.95278531593523,311.049927564306,45.69263472982164,177.278389124366,37.44209069751155,141.044841383136,75.94695118527112,236.072178688818,70.26429193857392,207.319054290219
Subj_03_MMH_One_L_04kg_Trial_1_EMG_data.csv,0,1.869873046875,1.85986328125,1.8701171875,0,0,-0.010217262824326797,0.0012755184963331872,0.0128826145,-0.00814359104262745,0.003914437235355621,0.0133286482,-0.01196374438705621,0.0014712391271190159,0.0145322802,-0.007591143564402613,0.001584741048380267,0.0104767801,-0.02389704791421438,0.0009708215154050414,0.0255832691,-0.02387179342873464,0.0010686572552159352,0.0254199039,-0.011584201759824837,0.0010922416581340324,0.0148055078,-0.012279686975231373,0.0012185327431861038,0.0148189552,92.99553796931188,396.704145115374,131.2434146695359,3215.71315970743,102.62026307540957,459.047895224138,108.36287459112442,676.681068661974,63.46284468687079,217.958886830128,49.578654592834795,197.427092412839,97.15241960897788,343.776164873185,95.10758949198748,314.461919087218
Subj_03_MMH_One_L_04kg_Trial_2_EMG_data.csv,0,1.8701171875,1.869873046875,1.880126953125,0,0,-0.01028316841389804,0.0011628369149891283,0.012772751,-0.00874497832179608,0.0011808930097526454,0.0119256023,-0.01171778499029281,0.0012925947470817558,0.0144484527,-0.008004992347354248,0.0013757337275396623,0.0107645988,-0.023584724175466667,0.0008548734370750589,0.0254470836,-0.023049215263735948,0.0012451817028443569,0.0252662674,-0.011320127222515033,0.0010978320550961611,0.013947201,-0.011928403225788236,0.0011709624766226196,0.0148369791,64.46445986116339,647.011545271478,99.06209286191208,411.811421759243,75.93398807824394,783.899581084199,63.79906629627878,715.027053029883,50.64822702359984,181.980653227782,41.34078842751443,171.254445280339,86.55672450610686,271.027822513569,87.9559653377846,284.795370550033
Subj_03_MMH_One_L_04kg_Trial_3_EMG_data.csv,0,1.830078125,1.829833984375,1.840087890625,0,0,-0.011238675557981921,0.000882068403517456,0.012922097,-0.010403091640413559,0.0010119553741183588,0.0131833078,-0.012829632205548024,0.0010149474876410011,0.0146475798,-0.008962625989432768,0.000997670472198591,0.0107837683,-0.024821130679148023,0.0006126010605016441,0.0279381759,-0.02476105320292655,0.0008505120559688515,0.026573468,-0.01227271089358644,0.0008116046775868464,0.0146933561,-0.012863320244341244,0.0009048085036774094,0.0148853306,105.46201525677517,396.016874242829,145.9097697396673,573.199102442041,88.89601838632888,410.553811886283,92.16884682667909,385.75181303667,62.986854465627935,302.147866298394,49.67379167488733,237.605424700589,99.13245473166906,332.344136626443,100.03179176049223,332.19235947625
Subj_03_MMH_One_R_02kg_Trial_1_EMG_data.csv,0,1.760009765625,1.759765625,1.77001953125,0,0,-0.010258987552247072,0.003857110366294588,0.018242741,-0.012274547074841317,0.003621776048384707,0.0195968635,-0.015446131253880724,0.004626586208093126,0.0244205482,-0.009326509706072418,0.004019892252766522,0.0180310253,-0.025367918258587863,0.003419524103075611,0.0314909965,-0.025000117440389772,0.00449041711385592,0.0328451172,-0.01140416095799361,0.0023192818111554864,0.0166331306,-0.01222592099276464,0.00295434504189665,0.0186873451,90.71601097925134,336.483754145462,95.71521562682453,417.266873065947,56.367644220175144,370.232998770133,48.072689989392615,310.668830552568,46.668544255900706,450.291238475089,61.89038347830037,612.132409659526,61.18805162768139,322.978533532541,60.214859762932754,241.82744108734
Subj_03_MMH_One_R_02kg_Trial_2_EMG_data.csv,0,1.75,1.75,1.760009765625,0,0,-0.014523732293481108,0.001286254162776832,0.016948415,-0.015821549353917098,0.0013646686409264552,0.0184604656,-0.017432282832623276,0.0014091549837931753,0.0211566929,-0.01078392587464497,0.0014018104168793193,0.0146704679,-0.030231826001354604,0.0010015989161035565,0.0324954987,-0.02980302419514752,0.0012421383737653928,0.0321527496,-0.012696340432075669,0.000957957917131788,0.0158343315,-0.01382776784861395,0.0009701714868499257,0.0170245171,68.92856159658085,447.208622876574,96.27166852963924,560.10922439845,58.91948090060888,379.793335480399,51.14648007881932,343.429221334888,46.995900516294,184.76132937688,60.65358536252552,459.261396514226,68.33556135711997,284.467316848069,69.24117549434679,246.00692453779
Subj_03_MMH_One_R_02kg_Trial_3_EMG_data.csv,0,1.72998046875,1.72998046875,1.740234375,0,0,-0.015003746532769953,0.0011904376179490699,0.0183809288,-0.01682662941666432,0.0011272732980520963,0.0200783741,-0.020076523055859156,0.0015614266098931484,0.0239301696,-0.01225181847669014,0.001476097734842953,0.0156194689,-0.030824734284481216,0.0010736683717508266,0.0327753089,-0.03115605146369718,0.0010835227779130725,0.0339428931,-0.014257254607511738,0.0010284262676888384,0.0179025661,-0.015099682227215963,0.0012381041236043083,0.0187216774,90.99808822187677,554.354379822292,94.92819539827536,578.959143411881,74.16097689181815,444.677267943352,64.4871607633944,360.644183044517,53.7007004246212,346.128989388714,55.33621064167203,407.947086294509,72.77903449358642,353.89667888183,61.81239269486221,289.981637614007
Subj_03_MMH_One_R_04kg_Trial_1_EMG_data.csv,0,1.83984375,1.829833984375,1.840087890625,0,0,-0.013017063784233654,0.0013295572879026688,0.0153368004,-0.015175988183706322,0.0014997731174480145,0.0179085732,-0.017070101102062165,0.0016019107728346992,0.0199862495,-0.009789404518531618,0.0017397590349919484,0.0128396992,-0.029346285262615217,0.0014005917652821893,0.0319659263,-0.029195478087894963,0.0014545524691653325,0.0315891281,-0.013151546608745977,0.0007969137494234287,0.0155179026,-0.014294541513751337,0.0010818171416507947,0.0163455978,103.92667450468194,359.232506957748,130.07841659040068,605.08667962818,98.69255155516458,4209.46755398204,86.48636340559592,293.268885400693,78.89635195136701,512.729543641917,83.83780558937679,650.398476066581,121.52928379168475,481.735521299543,119.47999169677448,361.25585605371
Subj_03_MMH_One_R_04kg_Trial_2_EMG_data.csv,0,1.830078125,1.829833984375,1.840087890625,0,0,-0.020295722777173054,0.0016179759054758987,0.022901345,-0.02275490623167712,0.0014886961047596338,0.0250994693,-0.025471434017505224,0.0015098855126161675,0.027946474,-0.01817787382697793,0.0018263960425914836,0.037228778,-0.033442951778778165,0.000976115717648927,0.0349362381,-0.03245012667579094,0.0011625309010772137,0.0341008194,-0.019741699487481997,0.0009781877018441968,0.0218504909,-0.021992148515937282,0.0010942361251609558,0.024676038,108.55065602741884,515.896334247765,113.54501901474879,873.30523508647,102.37955593920637,412.030470247979,88.42953117582248,3645.37668423073,79.39767573388495,443.612819432513,84.02145734436999,772.25886473808,100.87082624588727,356.99431326235,104.81155532031514,363.841813874783
Subj_03_MMH_One_R_04kg_Trial_3_EMG_data.csv,0,1.849853515625,1.83984375,1.85009765625,0,0,-0.017214088653642514,0.0014438101988674414,0.0204380043,-0.01941545958951691,0.0015110180793491818,0.0227351189,-0.02160092282012077,0.00197166220784995,0.0254508033,-0.01358897680987681,0.0024821605998495266,0.0182009712,-0.03197987265773188,0.0007671673775771811,0.0332668312,-0.03143734258644444,0.00090109238178299,0.0327632912,-0.01696400587902657,0.0014138122380626843,0.02029524,-0.018563605759222224,0.0016330126505062427,0.0224515926,70.22049991540652,294.713829282852,78.28380262778259,294.441275024065,78.79249099876884,355.634668428462,73.69615929450507,294.832195738178,73.8031657005806,270.281407255747,94.01639565352878,1077.16459806679,102.90829430530971,369.152367488303,93.02278184670753,313.215874287715
Subj_03_MVC_All_L_EMG_data.csv,0,1.919921875,1.909912109375,1.920166015625,0,0,0.004494483729666666,0.0004374045378087436,0.0061878208,0.00490677201768116,0.0005403412951734131,0.0067600254,0.005651631617347827,0.0006320947744933905,0.0079439171,0.0077493249953224635,0.0007369385065696777,0.0108478554,-0.011143093257637682,0.0008783525187744142,0.0122285848,-0.011560587029369565,0.0008294419281988777,0.0125653269,-0.00035868154778985516,0.0007880167872713527,0.0041965488,0.001701348891188406,0.0005279020833758004,0.0049035074,,,,,,,,,,,,,,,,
Subj_03_MVC_All_R_EMG_data.csv,0,1.8798828125,1.869873046875,1.880126953125,0,0,-0.008424404640735508,0.00036004947150009535,0.009024811,-0.009799670359315218,0.00028418216784147787,0.0103291515,-0.009929962878365941,0.00042953552744764636,0.0110020638,-0.004638178589503624,0.0005307464674720148,0.0053355219,-0.02424905584077536,0.0005469935583960381,0.0251389518,-0.024026594901652175,0.0004969103686743438,0.0250345245,-0.009629053687579709,0.0005053567535214339,0.0106421476,-0.009725974862481885,0.0008461996142543627,0.0113925934,,,,,,,,,,,,,,,,
Subj_04_Isokin_L_02kg_40bpm_EMG_data.csv,0,2.139892578125,2.139892578125,2.14990234375,0,0,0.0030654281946829267,0.00023952705063268325,0.003666115,0.002922287467798374,0.0002013458506186683,0.0034664155,0.005268013983908942,0.00023216154442091998,0.0060547832,0.00371574960185691,0.0004710357847597707,0.0053984644,-0.008565587982130083,0.0006279817743480072,0.0094688423,-0.0063376456163186995,0.000578723920481808,0.0072329524,0.003628113229700813,0.00039825996183107993,0.0050362591,0.0029821562605235772,0.0001861705682926492,0.0039688111,66.51321508776059,348.613454422243,87.7215155316587,306.16574097613,55.69513029690904,245.476138328848,58.4509949758832,329.085794727862,110.5843589016179,428.454479897185,113.68651964456762,452.177994041333,148.1360438423699,550.352885638666,130.00202140260836,433.135735512246
Subj_04_Isokin_L_02kg_60bpm_EMG_data.csv,0,2.159912109375,2.159912109375,2.170166015625,0,0,0.0023973704322094243,0.0006982403628829837,0.0035891535,0.002630583775839442,0.0005678122827294434,0.0034266473,0.004820385046488657,0.0005788162623336855,0.0058848383,0.002346602420024433,0.0008105584688745714,0.0043184282,-0.0068622294208691105,0.0006875071032923978,0.0082360273,-0.005615746087856893,0.0006605193378489906,0.0069248201,0.002368274604530541,0.0006802946587042053,0.0037075998,0.002105521823312391,0.0006285891600529609,0.0031860352,54.64169860984654,376.063898435526,72.24781586732881,420.454306387371,80.40895910646388,294.416975575454,74.16896488595255,308.920976513362,108.98162886405437,359.56757276876,113.03902604349861,321.6817795428,149.93073345365408,390.499532667247,148.03357825528474,542.214496063135
Subj_04_Isokin_L_02kg_80bpm_EMG_data.csv,0,2.170166015625,2.169921875,2.18017578125,0,0,0.0019788564439,0.0008871841248916447,0.0032260895,0.0022247445159703704,0.0008193125521398721,0.0033064843,0.003960377605600001,0.0008838468810919801,0.0052814484,0.0016555698370222223,0.0009518951852485429,0.0032961846,-0.007024827209622222,0.0008821820279622176,0.009425927,-0.005580943802485185,0.0009700944572431008,0.0080944067,0.0017761566383000002,0.0008762551222974006,0.0036314966,0.0015107514512851853,0.000862460688950745,0.0028950693,52.08768420361901,165.963662271097,81.43197985772454,284.19682134852,65.78140976364764,285.79998508434,59.17042451985606,252.799483794128,104.93694331407306,423.613699035917,112.35675717859688,446.694275308943,125.9949766415994,461.795035283039,123.06908320523912,398.318067641505
Subj_04_Isokin_L_02kg_St_EMG_data.csv,0,2.0400390625,2.039794921875,2.050048828125,0,0,0.0012231750362186665,0.0004518235099051724,0.0023792267,0.0014109380730133335,0.0003512235648533185,0.0022713663,0.004580449027381334,0.0005786902119195359,0.0060064318,0.0038743160956693327,0.0010052084084463525,0.0060919765,-0.011971642295973334,0.0004348982560132422,0.0124640474,-0.009327752281242666,0.00037314702293691154,0.0098939901,0.0028867974826293336,0.00043838639433163676,0.0040366175,0.0023590597512266665,0.00014217232398714612,0.0029262544,49.127850727841974,222.558790023444,54.65266658826462,193.345173909075,49.19676319419309,164.059775580798,40.60227007122728,232.671863001646,74.7489020474576,249.973496999471,78.02548402658924,253.413929641035,93.22138390498094,352.41196863146,82.47534444476163,244.341519088377
Subj_04_Isokin_L_04kg_40bpm_EMG_data.csv,0,2.1201171875,2.119873046875,2.130126953125,0,0,0.0017259789037269843,0.00038851425762321905,0.0030438425,0.0014447870445650794,0.0004174608282376915,0.002860737,0.0039366747228,0.0005078596835485223,0.0052568438,0.0021922331299555555,0.0007194427670537842,0.0042363168,-0.00648479697200635,0.0005104702086390413,0.0076858522,-0.006473573323942858,0.0004951329952481746,0.007713032,7.615422067936514e-05,0.0007681138602099991,0.0024209977,-0.0002189079011396825,0.0005343411570424879,0.0019171715,72.81617800800302,265.343397363923,95.18140960579876,391.196386287248,120.31576206864892,482.782775226336,114.76551225833369,489.295378756764,175.29509888473427,621.163434178577,187.17923486597934,659.864867343817,228.7416780522022,790.742591544811,196.28557408243034,611.508170337525
Subj_04_Isokin_L_04kg_60bpm_EMG_data.csv,0,2.14013671875,2.139892578125,2.150146484375,0,0,-0.0032748435219148936,0.0008386665116096796,0.004950142,-0.00342440622937234,0.001094541559214211,0.0053541185,0.0007740808746631206,0.0005503775212435294,0.0023517609,-0.0002832556903687943,0.0005067065500157931,0.0019145967,-0.007531268763390071,0.0002161800580033248,0.0081104282,-0.01007721428474468,0.0006448235876089963,0.011507893,-0.005461370227031915,0.001167152207804288,0.0089023598,-0.004986231348617021,0.0008431574551106398,0.0071551325,71.7164354293877,351.04974972099,83.18742421820787,278.593213929514,87.50714580304822,346.949034194811,81.10538184987229,448.761539883712,98.6442153968523,335.760235504406,106.23864986043903,366.366364544587,136.80246229969063,422.251471822214,141.7271954559778,418.26840065572
Subj_04_Isokin_L_04kg_80bpm_EMG_data.csv,0,2.08984375,2.079833984375,2.090087890625,0,0,-0.0012948077145,0.0003409863064533677,0.0021474839,-0.0012803532778018867,0.0003173456392052167,0.0021569254,0.0028090863670691825,0.0003803801765286718,0.0041779522,0.0010215113698742138,0.000477381607778872,0.0032160759,-0.007748227590820754,0.0001768273636342657,0.0085833557,-0.008723229979276728,0.0004664668225880309,0.0096665388,-0.0006909002477735848,0.0006109926712285193,0.0028730393,-0.001298642843845912,0.00034207956382015676,0.003473568,67.52628227250939,344.740100226609,82.53530884995742,342.577169546969,146.64560067611333,628.538815422138,121.3516379600211,634.97155448102,127.04862971014988,838.085243340543,127.11860050234425,694.521619405127,182.61552002740257,637.19367346525,201.13170200075118,740.892757426283
Subj_04_Isokin_L_04kg_St_EMG_data.csv,0,2.119873046875,2.10986328125,2.1201171875,0,0,0.0014466969325661375,0.0007984009137472584,0.0028298378,0.0014295591292857142,0.0008942917751456333,0.0034071924,0.004621711943634921,0.001356667874926447,0.0075276378,0.0032012827687089946,0.0017638330872902037,0.0067560198,-0.006840043421894179,0.0008473582396820035,0.0081956871,-0.0065474311982328046,0.0009454806520987952,0.0078452118,0.00012528566598412694,0.0011176003923174737,0.002645588,0.00016098243666137562,0.0011637325302708658,0.0024601938,76.59318952444897,280.617901486078,93.72210220242388,303.786850903634,97.95710075165303,558.405187390231,94.0817227654311,596.576421478589,129.42644749709427,403.963546436659,133.70122588620927,440.827061165299,163.22569274562477,562.81375011231,151.38214183222237,545.566627234838
Subj_04_Isokin_R_02kg_40bpm_EMG_data.csv,0,2.22998046875,2.22998046875,2.240234375,0,0,-0.015590390021186324,0.002066962498963228,0.0188667309,0.012138259857299145,0.00027352705562492483,0.0127810482,0.0050211633461880335,0.0012620532777276848,0.0070933346,-0.009157386669193163,0.0021492563853984935,0.0134777073,-0.022975761287135042,0.0009972096545060936,0.0244608894,-0.0222627095089265,0.0009096482243473661,0.0238712318,-0.01911149568677607,0.002104103179886883,0.0226776134,-0.014268735070478633,0.002011714528120108,0.0177967083,66.017420177463,305.264678513286,82.92459855761959,289.970331805991,83.02774218248375,302.670982353272,79.76812737152495,484.31311542611,100.82012420710814,367.251296715822,109.214713911223,393.176365320533,112.1715082365721,377.03726952759,118.35016110349163,403.609064846544
Subj_04_Isokin_R_02kg_60bpm_EMG_data.csv,0,2.18994140625,2.179931640625,2.190185546875,0,0,-0.007094057954213767,0.001342245096354044,0.0091712959,0.012077274524536231,0.00014537743456335297,0.0124980928,0.009186556746778986,0.00041165711678634357,0.0102802282,-0.00220151673717029,0.0008589105637370948,0.0035202028,-0.018062538034025362,0.0009609627672928204,0.0194526687,-0.017901269957264494,0.0008458231866615546,0.0191679969,-0.011266897737960144,0.0017370138774705577,0.0138250357,-0.006955602514543478,0.0019518370977760044,0.0099426275,66.88178711572822,281.542739366759,75.14624815803099,276.854628356805,69.69118078181836,241.015977954412,62.25967765980837,220.19540542499,124.48370535022504,400.840968968577,133.49344367167367,440.855227582891,162.26251753071423,434.839696010137,162.57601392450812,510.030311766928
Subj_04_Isokin_R_02kg_80bpm_EMG_data.csv,0,2.139892578125,2.1298828125,2.14013671875,0,0,-0.0032040760484313728,0.0006396932358608944,0.0042975429,0.012419529247119431,8.14942373972019e-05,0.0128768925,0.010684492098377896,0.00034034961471756726,0.0115522388,0.00014430731002495543,0.0006030385993674565,0.0014059067,-0.014390099178278075,0.000761336200855306,0.0156829841,-0.014565030099554364,0.0007737133178418709,0.0158632286,-0.006210414205818181,0.0010933027460847762,0.0080449106,-0.001988188501918004,0.0012941276206447521,0.0041719438,66.43798563906464,242.053308770673,77.61623885510335,356.873524580324,66.60704219747433,290.021499509156,53.973940852583624,283.39241373148,107.67623691335513,519.82913245551,111.46365570287952,489.002753614296,116.16769519967626,354.265916172779,143.1521411449306,481.385345772243
Subj_04_Isokin_R_02kg_St_EMG_data.csv,0,2.0400390625,2.039794921875,2.050048828125,0,0,-0.02440676976117816,0.0011247166496184532,0.0263414402,0.013731597146988506,0.00043433946382869356,0.0143405916,0.0023018097708908045,0.0004635953801284056,0.0032918931,-0.01947333305675862,0.0012418388531633185,0.02156353,-0.028730549554195402,0.0005570045575876342,0.0297726635,-0.027039544569339078,0.00034485573268222303,0.0280360226,-0.02584366811864368,0.0004651930183303956,0.0266601574,-0.02007365964606322,0.0003886875705582246,0.0209744461,80.50046692784754,551.133988742691,55.75338302720084,212.997128760281,91.4627832249986,624.820559043082,91.30176552260995,628.198328334902,88.88373477089343,593.206424016324,81.26735649320844,465.967330280705,120.76386368097096,348.073364058644,112.80609547307233,316.47612078997
Subj_04_Isokin_R_04kg_40bpm_EMG_data.csv,0,2.14013671875,2.139892578125,2.150146484375,0,0,8.191514850653594e-05,0.0001643281957915978,0.0005538941,0.012159136667911763,0.00013321982574252426,0.0125741968,0.013749328779186273,0.0001979732262681689,0.0147394184,0.003771166244973856,0.00026100778573541933,0.0048482898,-0.008458131463591504,0.00017449066809195412,0.0089429859,-0.00919871487154902,0.00018738085538987749,0.0097123152,-0.0032332896551078424,0.0003534601717422203,0.0045659067,0.0007364316372516339,0.00026296187914609813,0.0020570755,69.89877235074695,217.676012054736,76.10932980894893,276.901736483393,130.90639865010547,396.739373726238,111.32084226116986,497.81169935377,153.26391297040263,517.366021285623,168.57742917526963,592.55764988609,209.10178947295867,643.438688672289,199.9286078292521,592.475482565006
Subj_04_Isokin_R_04kg_60bpm_EMG_data.csv,0,2.1201171875,2.119873046875,2.1298828125,0,0,-0.0004766009539028476,0.0002453056360797258,0.001373005,0.011770920309279731,0.0002620946591955945,0.0128176697,0.013621782203246231,0.0002765515296511248,0.0147694591,0.003481637395772194,0.0004012903455263804,0.004717255,-0.008415630430653267,0.00024602382577920874,0.0088880546,-0.009196301203393636,0.0002729756229994663,0.0097947121,-0.0033992664327102177,0.0003393090802607434,0.005515194,0.0007159792448810721,0.000351349743689373,0.0017915727,67.61817103966827,352.284726178764,78.5332801044471,458.736412787088,120.24667534559008,409.412398845286,108.99706594129023,541.303381548309,156.9085893506586,496.742158630265,169.84626242298393,582.263555119816,225.01535282775214,787.518915837637,197.90255000566395,582.069636382803
Subj_04_Isokin_R_04kg_80bpm_EMG_data.csv,0,2.070068359375,2.06982421875,2.080078125,0,0,-0.00072752845972,0.00021350975812823165,0.0016559601,0.011854100501893334,0.0001723842543821519,0.0140593536,0.013781201064013334,0.0002005975869067829,0.0162142757,0.003275313598173333,0.000361510732708641,0.0054276469,-0.008259949965986666,0.0001707992892393134,0.0087973597,-0.009196487110773335,0.00019873092174887828,0.0098539358,-0.00385096864046,0.0004245711943792723,0.0062218667,-0.00030128021529,0.0003774172747637959,0.001873684,98.25809438766508,427.834060280249,100.01982191185756,618.5730582437,139.6605676865606,560.405244154595,117.40007362262027,546.830097268989,169.12917125718138,635.822314327816,178.66703762007214,695.468223694155,232.65691184974204,864.348969165323,224.1356239510759,751.772517149565
Subj_04_Isokin_R_04kg_St_EMG_data.csv,0,2.150146484375,2.14990234375,2.16015625,0,0,0.00035019669359259253,0.0005407758770808239,0.0022247315,0.012431523396425925,0.0001994340846068013,0.0136897089,0.014393525512660493,0.00030192841722305095,0.0154569633,0.004495271868580247,0.000362445691983665,0.0056553842,-0.00880198985082716,0.0004501424375631275,0.0096470835,-0.008997870052771605,0.0004444318507988629,0.0098339086,-0.0025013235896913576,0.0003454709570029072,0.004633713,0.0010520925217839506,0.0003362277684852619,0.0023034096,66.52548093913623,433.424952315397,74.17984337438975,420.053142552634,109.01021811382901,404.587177232974,84.25409503755071,290.540955374926,129.0852029069287,406.217950352737,135.575861529389,452.915855644858,140.6468824603172,554.141722047066,142.02961908512412,517.918528561731
Subj_04_MMH_Bim_L_02kg_Trial_1_EMG_data.csv,0,2.340087890625,2.33984375,2.35009765625,0,0,-0.004254549964527197,0.0004110910696410689,0.0059117321,-0.0039019399649790785,0.00032830124193828497,0.0053541185,-0.002179475181698745,0.00038129092889935663,0.00295887,-0.0017736651337517434,0.00038254088615747277,0.0024747849,-0.011362652769202232,0.00022098055605219915,0.0122005465,-0.009949543856577404,0.0004157334901264594,0.0114163402,-0.0035691689202594144,0.00042438255626177775,0.0051398277,-0.0048687702346834035,0.00028336127055596493,0.0057394984,68.65479134471191,491.004816320642,103.77980280217906,486.242866992359,53.09044991955947,263.512700300094,59.272950582745175,296.34753316642,48.244811974730986,239.596766015946,70.94063882821114,560.497133003375,42.645330610284674,341.157464975715,46.298918612845554,172.576039909767
Subj_04_MMH_Bim_L_02kg_Trial_2_EMG_data.csv,0,2.31982421875,2.309814453125,2.320068359375,0,0,-0.0032897467451557497,0.00035545889889174187,0.0042108539,-0.002978983930518195,0.0002731922799456481,0.0038492205,-0.001999631383464338,0.0003676222582243513,0.0028209686,-0.0016567147128209606,0.0003289611200105448,0.0023709298,-0.010385366585502183,0.0003566281843331593,0.0120803835,-0.008909855439924308,0.00039791033257231443,0.0097426418,-0.0032893933964541484,0.00020856992472863693,0.0038140297,-0.004848914911918486,0.00023114301228677813,0.0055014612,58.178075263115,290.090675089142,121.28407966872037,699.747029125517,51.2883946513127,377.832683547146,61.28084719666302,402.160290809434,44.06042042279797,230.314356558228,48.04691867459909,289.019504195976,45.34615233548002,165.193821631133,46.53690615429403,185.367273384848
Subj_04_MMH_Bim_L_02kg_Trial_3_EMG_data.csv,0,2.469970703125,2.4599609375,2.47021484375,0,0,-0.0029322914905252524,0.00022062334853586524,0.0036572458,-0.0029151125385858587,0.00018601456953179306,0.0036137581,-0.0019411373901178448,0.0003150959725432927,0.0027091028,-0.001464165857077441,0.00030402759591256377,0.0021746636,-0.009801458999565657,0.00013941525497028896,0.0116741182,-0.00830030746143771,0.00017112017988281874,0.0087181097,-0.0036652211305690237,0.0002740126655021296,0.0046626092,-0.004679682205380471,0.00017295409898104502,0.0054645538,56.173068504032855,206.938898116185,81.40693527848845,272.390819390078,51.695999233079924,239.104283388237,56.929526017506376,244.341583645588,45.53403178139606,204.583395105057,51.26675959066124,269.807106513696,41.319097366773285,152.429100284296,54.02939960760357,177.740700347269
Subj_04_MMH_Bim_L_08kg_Trial_1_EMG_data.csv,0,2.360107421875,2.35986328125,2.3701171875,0,0,-0.005420207406696833,0.0008274923855891986,0.0074933055,-0.00547503463530015,0.0009485197735459569,0.0077994349,-0.0035505548909743594,0.0006417931085086663,0.0051166536,-0.0025589362595656107,0.0006669175511720579,0.0038758279,-0.010957175850932128,0.0007554971961836865,0.0126746185,-0.009920494938006032,0.0005305434797700353,0.0112203602,-0.005341930672235294,0.0008048973519948781,0.0075327875,-0.0051044155826093516,0.0004540547982199413,0.006613255,129.26373751302887,673.764566302488,205.9322930459661,1108.26370259756,134.34422054549293,607.877691646049,149.4261699970234,512.969192661933,91.11964662498194,371.172080232768,106.84479412840163,643.366650177351,97.98907940801973,459.520590649686,115.58628400690726,401.073894546601
Subj_04_MMH_Bim_L_08kg_Trial_2_EMG_data.csv,0,2.3701171875,2.369873046875,2.380126953125,0,0,-0.01343111530006775,0.004717271997827362,0.0211612713,-0.014341964495528457,0.004533579240293981,0.0209312439,-0.007851889007308944,0.002712933754900749,0.0143754967,-0.006867594631807588,0.0023676452791502193,0.0119467741,-0.01662185295492141,0.0021292698631395156,0.0197093021,-0.015118095082178862,0.0024069117882026866,0.0198042877,-0.01224940493900813,0.0032756080898228763,0.0176021587,-0.010174802648585364,0.002891577557366699,0.0148561485,228.55354201001867,8424.63858370749,268.8047759470345,2382.33372638144,117.74302530579095,932.559821382996,159.58678130765722,849.351101711349,78.11098367087948,545.792712674756,89.0324790064207,495.105278922881,101.00570859061067,880.083699969083,114.2870551384808,1062.95459507777
Subj_04_MMH_Bim_L_08kg_Trial_3_EMG_data.csv,0,2.389892578125,2.3798828125,2.39013671875,0,0,-0.018513561590232895,0.0010699946714012914,0.0208683014,-0.018668212241691413,0.0016083264807727168,0.0221159942,-0.010649782988206695,0.0008967297407449135,0.0126196863,-0.009176479021863174,0.0011784184205812051,0.0115133291,-0.020656202229004366,0.00038951606091950036,0.0217337608,-0.020588537020486172,0.0006847962592254469,0.0216782577,-0.014844219885173216,0.001490424280127551,0.0183557514,-0.011730116640416304,0.000975386508904915,0.014722825,105.47293918230888,719.79718848515,176.64699581394112,1506.81695179016,113.57186701048657,788.314999537688,154.16935347924993,914.417159607134,85.7453097156548,702.242958535452,95.76937289513988,607.307778010944,92.11247721926536,658.293260804993,103.34078500112331,614.453696166444
Subj_04_MMH_Bim_L_12kg_Trial_1_EMG_data.csv,0,2.300048828125,2.2998046875,2.31005859375,0,0,-0.02060575879363896,0.0020979081123574895,0.0237473492,-0.01949008934058182,0.0029087294584670374,0.022942258,-0.011458241038218181,0.0018396300118001894,0.0140461931,-0.010815790134174027,0.0021510913749242266,0.0136153223,-0.023639403039896104,0.0005247229467076382,0.0248986259,-0.02361623475142078,0.0009923751471635654,0.025926305,-0.016514400996924677,0.0026456000405209253,0.0218928345,-0.013492502293106492,0.002091764211495954,0.0183142666,187.71785519619763,1909.88890315165,374.23063000753774,2711.28011244222,174.38613580233053,1718.24772941595,247.79297281599202,2085.42381768822,103.90995989218554,791.126269929193,117.14681116460604,1570.24465841606,151.64948297322988,1252.30096032681,144.8833047095819,1193.64954513074
Subj_04_MMH_Bim_L_12kg_Trial_2_EMG_data.csv,0,2.31005859375,2.309814453125,2.320068359375,0,0,-0.019288225218813515,0.003054953959177138,0.0250070579,-0.017096948216900002,0.0034506748434599962,0.0244957935,-0.011671166077851352,0.0018295747513619293,0.0145331388,-0.01118842991884865,0.0022322550247211186,0.0144541748,-0.024126521910878378,0.0009458635888593361,0.0258419048,-0.024479593958383783,0.0012863525056881697,0.0265831966,-0.015572709017581083,0.0030737808296460336,0.0219623577,-0.013035833514764865,0.002359885949226805,0.0181094185,215.04849996900273,1688.99572519447,357.53945859531103,2620.44848470998,153.31948718557797,1293.97142310148,206.25886621097186,1490.41026146883,133.30726291672016,988.098705916364,156.55127935400284,1147.44863593849,146.31679793996906,1123.44402386239,147.37484523744575,1014.77533665257
Subj_04_MMH_Bim_L_12kg_Trial_3_EMG_data.csv,0,2.2900390625,2.289794921875,2.300048828125,0,0,-0.016086281720444445,0.0025307105838236073,0.0219434742,-0.01476813825778544,0.002448825701082097,0.0204174053,-0.010818229368227331,0.0021727946666314875,0.0153410919,-0.010308738529435505,0.0025224484253850575,0.0150604257,-0.02297750551691954,0.0012906766940884375,0.0249710102,-0.023155311786120052,0.0014707329334856481,0.0257020015,-0.01341329424002554,0.002622394685286275,0.0191433914,-0.012618648011555557,0.0024692937940526175,0.0178044327,279.49333633248574,2557.82313542311,401.4648780084089,2911.07259734418,246.57023286027382,2197.30618357611,299.0250507361503,2738.06444542554,134.0967446217658,1123.10503672788,157.33417410710905,1145.56016240575,174.19828383692987,1577.95469511744,191.17081695544832,1650.57743930812
Subj_04_MMH_Bim_R_02kg_Trial_1_EMG_data.csv,0,2.349853515625,2.33984375,2.35009765625,0,0,-0.005779375793545197,0.0003212148374721431,0.0068455697,0.013649995071124294,0.0001737142282970423,0.0147711756,0.005895315743985876,0.00023335749394099998,0.0068567279,-0.002935808999974576,0.0003648052542114251,0.0037201883,-0.011530105088754237,0.0001996182591707863,0.0122177126,-0.011127673338683615,0.0002980658193183375,0.0120082861,-0.008384896358683615,0.0006583262160135505,0.0107196812,-0.006820859740220339,0.0004915448239756262,0.0084835058,83.25575248455027,584.255221201591,81.51469306353441,593.554729586979,49.92321029591151,264.133401575855,48.666421218405624,328.457301796404,46.05893412815219,241.405435195855,46.261259999296634,223.594320760985,44.289786190525525,421.425236798598,47.96594847645927,282.895912316729
Subj_04_MMH_Bim_R_02kg_Trial_2_EMG_data.csv,0,2.449951171875,2.43994140625,2.4501953125,0,0,-0.005286614900899785,0.00013375497033713097,0.0057048798,0.013868466226592838,0.0001498404141922555,0.0149388323,0.006177526585333867,0.00021527592187665416,0.0071951868,-0.0028759742253287673,0.0003315922861723081,0.0033290864,-0.010816615052078248,0.00020398690030218273,0.0112526901,-0.010237172411376637,0.0002710495889240371,0.0107734688,-0.00743390955704346,0.000155825191331389,0.0080849649,-0.005683941473745947,0.00012683327724792134,0.0060064318,83.3722243660024,329.988392590792,75.90200533829145,321.215262862741,46.077205332599746,222.520472295187,44.44775040158815,285.420383121181,75.4476154232521,290.81503399315,66.87950584368349,315.193368352411,41.439949655727006,159.037367962752,42.5650104023405,182.453106650177
Subj_04_MMH_Bim_R_02kg_Trial_3_EMG_data.csv,0,2.47998046875,2.469970703125,2.480224609375,0,0,-0.00569404080425,0.0003098217216704151,0.0067666057,0.013706254575913332,0.0001888350135437556,0.0156294834,0.006467431385413332,0.00024772342865341386,0.0083561903,-0.0029323848145699997,0.00035452402645148634,0.0037370683,-0.010563386459293334,0.00022534040300594657,0.011144829,-0.009553057269833335,0.0002017753011307857,0.0102765085,-0.00846850955424333,0.0006309003871460296,0.0105646141,-0.006868081933536666,0.0005682488623333098,0.0089787487,83.847760228948,702.272094432008,99.95029052077797,936.860874120553,58.07254805036108,638.677494571925,50.840273912772865,619.468545868326,49.71227532653883,927.516281608746,47.57026485217163,928.104788384256,47.703655125861445,341.130114006729,50.03579137316845,419.225824168671
Subj_04_MMH_Bim_R_08kg_Trial_1_EMG_data.csv,0,2.27001953125,2.269775390625,2.280029296875,0,0,-0.008529162552496136,0.0008133710434847843,0.0111874584,0.012769118578312267,0.00024714311850050174,0.013750935,0.005328286246544512,0.00040035151551285497,0.0064146998,-0.003808371127307448,0.0005529792900356176,0.0051466944,-0.01169676715778849,0.0003454022057165896,0.012793351,-0.011186094205637901,0.0003338880014044015,0.012193108,-0.012068908238969717,0.000977395441293086,0.0152089121,-0.011041636087342002,0.0009407488414205895,0.0139374742,128.38935729851758,880.370807456132,156.3486890982158,547.206572492914,109.57105884002918,396.096861195486,121.75496795491284,711.704298454137,81.02091229775117,396.510050623421,91.22113424798403,606.71650336974,120.03983018524413,868.963093606175,114.12784945918968,736.01081996543
Subj_04_MMH_Bim_R_08kg_Trial_2_EMG_data.csv,0,2.340087890625,2.33984375,2.35009765625,0,0,-0.02081396651829867,0.0048697360492769536,0.028708078,0.013722928738842665,0.0015280864752003508,0.0164906513,0.00029447389041066687,0.0017708029657918082,0.0035230638,-0.012637352336592,0.0046579575328548565,0.0201235786,-0.017184393074312,0.0022721378052104157,0.0215263367,-0.016717818869213332,0.0017922120679808278,0.0200683605,-0.02124179735266667,0.0023606421677248284,0.025785543,-0.019685546312728,0.0024289156453080546,0.02414589,190.33144706134397,1674.89985872354,150.12087484622444,597.297716726563,130.51784583103003,859.053567114398,141.6278632838052,1348.28629688284,125.58275320734154,1137.68611356034,139.46720391164823,1211.14761198875,172.3397334891275,1925.94369610347,199.93927433035554,2507.0396976253
Subj_04_MMH_Bim_R_08kg_Trial_3_EMG_data.csv,0,2.41015625,2.409912109375,2.420166015625,0,0,-0.028623578719168295,0.001768733839410036,0.0317044258,0.015816505150817804,0.00016168601511905086,0.0163747799,-0.003097031210286509,0.0008702570792169895,0.0051095011,-0.019848489992272598,0.0016318128559407376,0.022374345,-0.023405848513190542,0.0005425250464795462,0.0246803295,-0.022147360772547982,0.0007399559102973757,0.0235359203,-0.02614312655774965,0.0023688818097653366,0.0299826637,-0.02249880831376356,0.002537902444579271,0.0263686199,159.491988442497,1352.45428525525,151.41747044215577,643.457658803348,122.05381231426551,498.359847006543,108.01630345878637,633.986720158059,86.34026255265188,603.389791428373,96.58634865834782,673.965158648015,121.76928813957463,856.798843727889,163.4682519275096,1230.64920785328
Subj_04_MMH_Bim_R_12kg_Trial_1_EMG_data.csv,0,2.309814453125,2.2998046875,2.31005859375,0,0,-0.02858725611010145,0.0029888480342152753,0.0319713615,0.014567964527510146,0.000496252232846332,0.0158417709,-0.005163258792197102,0.0014364741047415187,0.0087590218,-0.022405396278510143,0.002457616437863893,0.0254204758,-0.025018394009313043,0.0006989794133871918,0.0265070926,-0.02341075313186087,0.0008039030197029668,0.0249266643,-0.025464371247455073,0.00400285851890445,0.0314789787,-0.021890625972460873,0.004261933962407478,0.028066922,218.0495116721403,2576.52868486305,182.51264492223737,898.286036478508,191.4333373612037,1047.93723044357,277.5058030228049,2152.40105401058,113.06216029396582,455.141424648217,164.59381419996774,1258.39954421451,165.97747643885148,1183.91707782125,176.08464279089563,1275.94330978871
Subj_04_MMH_Bim_R_12kg_Trial_2_EMG_data.csv,0,2.300048828125,2.2900390625,2.300048828125,0,0,-0.024638235520588064,0.004275781990107364,0.0327661522,0.01498050707684716,0.0005315025182420866,0.0159510616,-0.0038326701468588066,0.001448612725063711,0.0071150782,-0.02126306241377584,0.004048662383420768,0.0272563938,-0.02596501087698981,0.0009927265957193603,0.0271840114,-0.023271964200180496,0.0016474063382113146,0.0260458961,-0.022664141070879183,0.004923700385143498,0.0323704742,-0.018147891947149927,0.004904507152564499,0.0281255729,235.09278537337218,1985.56773057525,114.6174085206041,786.057623700617,193.30158971474984,1419.3755899054,296.58426553511464,2401.85430250485,124.6786179373528,886.748961670418,176.8279728380203,1314.74619444124,163.09001013213816,1585.69514160644,182.89029314170352,1557.58604306022
Subj_04_MMH_Bim_R_12kg_Trial_3_EMG_data.csv,0,2.27001953125,2.269775390625,2.280029296875,0,0,-0.021358753970491764,0.002195025474337188,0.0272220615,0.013426528108808617,0.0007033293227394601,0.0148793226,-0.0032405951361799746,0.0013179519687950142,0.0076581002,-0.018683914797467678,0.0028662578626065054,0.0258490574,-0.025172278604775666,0.0009327796598500611,0.0272286423,-0.02193100909957668,0.0013842039931620856,0.025472261,-0.019431622270963244,0.002468647981147962,0.0271004681,-0.014848278623675538,0.0021109432445643966,0.0210705772,199.90185758332692,1393.86257660767,115.17256677795774,563.300600183061,209.25334060644138,1362.78324072729,347.2851657329409,2440.84375433755,116.32407406147478,786.392993117581,182.1435881495537,1291.6522045812,167.88534700717844,2255.25546512872,310.9591087427485,5856.33195714452
Subj_04_MMH_One_L_02kg_Trial_1_EMG_data.csv,0,2.130126953125,2.1298828125,2.14013671875,0,0,-0.012488989486980556,0.002229635682930994,0.0181666389,-0.011173488819844445,0.0018682029248570666,0.0161321647,-0.011688883155766668,0.0021418527769130114,0.0167864803,-0.0096035517916,0.0023562869930642176,0.0158457756,-0.023776248147013887,0.0012998913789548966,0.0263254177,-0.024063916201094444,0.001601785563103475,0.0273247734,-0.00914318542551111,0.00262166912841613,0.0157610904,-0.009075432687541667,0.002600974718217288,0.015768243,115.84347040947736,1306.6255970672,153.47358974378574,1293.73870838176,114.81629624286411,807.029328851185,78.93968975517147,617.526686436695,134.54353475864397,1162.75981553942,128.68084762387628,1268.0987100974,100.9426241774953,583.753762512388,103.94179047669459,571.417415986922
Subj_04_MMH_One_L_02kg_Trial_2_EMG_data.csv,0,2.170166015625,2.169921875,2.18017578125,0,0,-0.01506574225730065,0.001827520020509127,0.0202051178,-0.013972732874642308,0.0016524222988263317,0.0189145096,-0.01466856272878781,0.0018138326820366418,0.0191408172,-0.01319562563186839,0.002031991050250074,0.0175987259,-0.02434345393709279,0.0009863498956474432,0.0266535766,-0.024478624379610382,0.0012810833504051295,0.0275041591,-0.011940847471585029,0.0021997160436336353,0.0168359764,-0.011449299491895418,0.0021570511861100524,0.0170230865,109.74585769781882,768.900620402533,98.63711448793411,689.38056088834,89.02635377408454,604.309354416,71.77870065800889,506.554982736912,93.34920954536805,586.182311205485,108.59162514176569,723.535078393349,127.7175216935474,819.003536203076,129.3612255742867,757.009677415329
Subj_04_MMH_One_L_02kg_Trial_3_EMG_data.csv,0,2.170166015625,2.169921875,2.18017578125,0,0,-0.0179266236824127,0.005048081823978569,0.0285181049,-0.017240279752756615,0.005568280177884996,0.0286382679,-0.01634632202972222,0.0033459645464363696,0.0220218673,-0.014121649319843915,0.003734489369575437,0.0201890953,-0.02669771430349471,0.0020503499230264694,0.0302061085,-0.02736023672619312,0.0024274552703377546,0.0315879844,-0.014890662636539683,0.005386912941080077,0.0252834335,-0.014257569131579367,0.004753410423136468,0.0232541095,196.93245841757997,1518.73324215206,193.77231942241647,1357.30969707281,143.7736820453938,1147.15478036447,116.10029405351915,1018.97638363416,114.19975552658899,696.551536150604,148.72852720659094,1069.7441709693,102.21431684622858,1659.28289105209,114.0971426559015,1701.16552271569
Subj_04_MMH_One_L_04kg_Trial_1_EMG_data.csv,0,2.18994140625,2.179931640625,2.190185546875,0,0,-0.023611511112413247,0.0010087687600551145,0.0257151611,-0.022220389630625167,0.001408422049965626,0.0245395675,-0.012314423356243706,0.0011499763678791688,0.0147056589,-0.013160362841403974,0.0015487844006820141,0.0160268787,-0.029310391135708606,0.00034069243402752515,0.0306598675,-0.02913455225483973,0.0005769640671639999,0.0303774849,-0.020311836817160266,0.0010321756295838115,0.0226810463,-0.019964354246569536,0.0009641733526318771,0.0218636524,182.9637681902806,1854.98789500337,165.976696914801,1242.13814978825,93.6003123075782,514.055687817979,101.13572378244946,941.678094946924,144.34963162738683,1146.71343374043,152.50809191754053,1117.7597862204,172.69746300514538,996.078531768508,201.95127625242515,839.223436535255
Subj_04_MMH_One_L_04kg_Trial_2_EMG_data.csv,0,2.199951171875,2.18994140625,2.2001953125,0,0,-0.024417711799881617,0.00089894135125592,0.0264575966,-0.02322206591888162,0.0011845736395089,0.0250007641,-0.010908428598099687,0.0011179792853458872,0.0131083494,-0.011571576943348911,0.0011828624946616177,0.0138207441,-0.029070128291965733,0.00030757335746118365,0.0297872555,-0.02866453536507165,0.00050073451558685,0.0295246132,-0.021014168912728972,0.0011707308520218665,0.0231891647,-0.021011892525327105,0.0010980668590163353,0.0229657181,119.73313545716697,953.18687149804,149.76741542862706,1301.90321115034,95.57332570955954,651.350784021403,134.44451831699433,922.950685463229,136.59575813101577,554.76072395534,145.94529484543088,719.06416645531,170.4232424870049,656.53732417964,193.04355924261029,790.139190125913
Subj_04_MMH_One_L_04kg_Trial_3_EMG_data.csv,0,2.179931640625,2.169921875,2.18017578125,0,0,-0.02084054200011958,0.003811972729432866,0.0258599296,-0.017661921807198805,0.0039047044238129445,0.0235642437,-0.010414993353402091,0.0015553762073186829,0.0135503775,-0.010995447161431988,0.002032305667433747,0.0151167875,-0.02790109399365919,0.000784536606430785,0.0291675571,-0.027646370515246637,0.0011039459277777145,0.0292771347,-0.015339804948517189,0.0036629072742214103,0.0216957107,-0.01643912119736921,0.0032444800719974584,0.021624757,168.75627361147878,1650.23131622163,194.43159744392221,1721.65878475902,97.32016644577779,823.444037293854,97.25727066928584,1648.06414091473,126.23500721017403,654.609030513987,131.93168197715804,652.35381467671,184.48881653176218,1299.64088586838,201.91554701722245,1497.64105518208
Subj_04_MMH_One_R_02kg_Trial_1_EMG_data.csv,0,2.110107421875,2.10986328125,2.1201171875,0,0,-0.025068516294410377,0.0047367850246174395,0.030889608,0.014400754817820754,0.00046354442986899937,0.0157024395,-0.004883441385195754,0.002011833639551297,0.0088691711,-0.02451014752415802,0.004514735382394976,0.0301397331,-0.028730417830193394,0.0013092422104371785,0.031624034,-0.027274629163049527,0.0020688386164051027,0.0311067589,-0.02667522300767689,0.006131325781342555,0.0332133323,-0.021322135354889152,0.006179110253252378,0.0277427677,186.56329242797082,1549.89431136718,143.71274397998712,898.005549478916,111.0597719960964,1278.83473414152,74.38686512251259,1029.46682149928,95.35279961306547,649.475935568854,106.73391933835582,958.518538424385,106.97150945141964,592.834176894682,115.52291638989183,733.153290276127
Subj_04_MMH_One_R_02kg_Trial_2_EMG_data.csv,0,2.300048828125,2.2998046875,2.31005859375,0,0,-0.02498793716051584,0.004398771701895032,0.0308229458,0.014402591942325793,0.0002476787689856035,0.0153963091,-0.004506427886337858,0.0012596264542276796,0.0068839076,-0.025606136098268475,0.003289732511754519,0.0295855533,-0.029956292504769232,0.0008796585709748859,0.0313333534,-0.02741151294591855,0.0013699468368334484,0.0295563713,-0.02513612302105882,0.0047737595498867184,0.0321965218,-0.02002875676033484,0.004261722181687322,0.0370897315,371.78827747931774,2730.28358955848,153.53737096991958,696.698662730239,158.97314053708155,1465.54238152396,317.77933666284645,2879.42909087398,65.88090150723731,466.755912641639,101.58809352541336,941.173820703741,115.42371377932365,1742.60361253434,199.01665306167467,6184.14658279462
Subj_04_MMH_One_R_02kg_Trial_3_EMG_data.csv,0,2.119873046875,2.10986328125,2.1201171875,0,0,-0.018250620051232878,0.001305826665001499,0.0224510208,0.013035656765884323,0.0006268820247647412,0.0140456203,-0.002277409929850837,0.0008513479121715316,0.004874039,-0.017786351247585996,0.001919567389008778,0.0224996582,-0.02740113985902283,0.0011392796595699245,0.0290479679,-0.023895941886319636,0.0015036910417832426,0.0263677612,-0.017132070524350076,0.0013027099820045493,0.02163334,-0.011979773600499241,0.001152624823069567,0.0161381736,189.01025244309116,1503.31309852889,105.41683381234415,1182.72269471764,135.633055035724,1536.48259895514,214.91542634436706,2284.77733927173,91.55986019130964,637.191070206714,113.68510964825079,1022.57234577968,118.15741589294784,925.894936707817,127.93867612430319,949.362692394576
Subj_04_MMH_One_R_04kg_Trial_1_EMG_data.csv,0,2.219970703125,2.2099609375,2.22021484375,0,0,-0.01987543722602469,0.0020195857070420234,0.0256479271,0.012215996814175926,0.00030420226256794075,0.0149093634,-0.00433477137674074,0.0012076841918944284,0.0077888491,-0.02111450842557099,0.002512289512536947,0.0281659141,-0.02888073545748457,0.0007934356595621275,0.0306163803,-0.02568698149019136,0.0012511340428768736,0.0289089214,-0.01837226896247222,0.00207133623874553,0.0241310131,-0.013899785332450617,0.0018255942314187967,0.0186046604,256.26960349400144,2729.65991809432,174.38510123097697,671.830940007788,135.065403960042,1785.99303871883,270.67569669694313,2947.16537313021,144.6336540376879,712.230794645695,175.19589391791723,1431.02195975837,224.58842228809624,1765.94608303746,182.46337495198094,1428.82199475198
Subj_04_MMH_One_R_04kg_Trial_2_EMG_data.csv,0,2.159912109375,2.14990234375,2.16015625,0,0,-0.020111885295856502,0.001884620007813385,0.024553014,0.012317298405976082,0.0003614407019615943,0.0133698471,-0.0033091534802122567,0.0009196601334160896,0.0056136134,-0.021043225064744396,0.002380169484336244,0.0256856922,-0.02847165240156054,0.0008051620894978307,0.0300856605,-0.02584824266253214,0.0010316767503060966,0.0282202736,-0.01924412573510613,0.0017140510116090259,0.0239009876,-0.013920437263829594,0.0012886464479652862,0.0175835621,168.18847202326043,1348.20098935761,145.70960290522208,646.220584907029,129.6108920069695,794.773790398497,190.85143832216787,1693.88918273352,134.10508401965333,582.442141019797,158.0937114715127,829.17442432018,263.8025167117297,5229.87725485303,192.4132385943114,872.524773384895
Subj_04_MMH_One_R_04kg_Trial_3_EMG_data.csv,0,2.080078125,2.079833984375,2.090087890625,0,0,-0.017303585511721516,0.0025568095391585175,0.0246431362,0.011205247113029537,0.0006521618495489781,0.0125936512,-0.0023118828550323487,0.0010366171958000314,0.0063803676,-0.015499829774441632,0.003330128162819386,0.0245072376,-0.02628395900140647,0.0017315378599356821,0.029861642,-0.0225750098255218,0.0021602988387678344,0.0272987373,-0.016425257599488045,0.002334025781236989,0.023993684,-0.01197374759727145,0.0015267924649987634,0.0183102619,126.31175448460404,830.251995424139,157.0673589035296,628.665616581364,145.9741210294318,837.950170979415,156.8960468237218,1107.0472993454,149.907024529773,983.294678637034,179.17992221488677,1414.72482533106,226.74359965642216,842.295242233757,206.78850189740456,700.414418118761
Subj_04_MVC_All_L_EMG_data.csv,0,2.579833984375,2.56982421875,2.580078125,0,0,0.0006039577913741496,0.0008593397220948153,0.0034054758,0.0003540811734648526,0.0004467419331220844,0.0021861077,0.0038776966649297054,0.0009925218524506818,0.0072466852,0.0015150642110884354,0.0015515676201686942,0.0064544682,-0.008116038729342403,0.00017055706081326566,0.0086663254,-0.007942653754988663,0.00018006658467583522,0.0082852365,0.00046122489323356,0.00046157823923798064,0.0030615807,-0.0006245976654285716,0.0004143193328200835,0.0015815735,,,,,,,,,,,,,,,,
Subj_04_MVC_All_R_EMG_data.csv,0,2.5400390625,2.530029296875,2.5400390625,0,0,-0.0021796948706423354,0.0005023862700973207,0.0027214051,0.011857551217562042,0.00011101217271054653,0.0125304228,0.014569074452160583,0.00040537406326933184,0.01623087,0.0032390192467931875,0.0010413137947949808,0.0063863755,-0.011413304228987835,0.00030328547321985765,0.0117937094,-0.011100617793090024,0.00032882960109090626,0.0116603859,-0.0062779571159659354,0.0013456738682295865,0.0093289381,-0.0026750196470851583,0.0012556382013734486,0.0054814341,,,,,,,,,,,,,,,,
Subj_05_Isokin_L_02kg_40bpm_EMG_data.csv,0,2.280029296875,2.27978515625,2.2900390625,0,0,0.007148155327244898,0.00020359421123735847,0.0078254705,0.005399543273455782,0.00015865031574720722,0.0061234478,0.010875501608972788,0.0003993895536463588,0.0124471672,0.006260431785064625,0.0005447305006533761,0.0083590513,0.0028510616898741498,0.00014979287474650244,0.0036538125,0.00733741352420068,0.00015785889104024848,0.0082823755,0.007544927421908164,0.0009983131701140294,0.0104001053,0.007161289655486394,0.0005564303569511668,0.0093366625,36.574516423551195,125.178573470058,38.42304010680695,130.581177756852,43.56071940330775,276.777499193232,40.13622058568875,271.594706427574,50.36651034129864,245.062884143063,48.97959937666758,240.670641423438,57.39187763623535,255.355564075974,56.59803101083685,187.484680587377
Subj_05_Isokin_L_02kg_60bpm_EMG_data.csv,0,2.360107421875,2.35986328125,2.369873046875,0,0,0.007444546123035715,0.00018273223415867412,0.0082305912,0.005659083061369048,0.00017277055230873416,0.0064867977,0.011447351645642857,0.00028160511298456727,0.0125713358,0.006495919587234127,0.00026764398281413826,0.0077854157,0.003078240286821429,0.00016399513866728987,0.003982258,0.007734663021583333,0.000186592174892188,0.0086915018,0.008408469092833333,0.00048322893092425705,0.0106252674,0.008026430951488094,0.00025332038367152936,0.0093071945,37.098717190520354,150.500613115101,43.31996742821394,151.936754959517,47.316576018840216,316.594855812059,41.633826990235,245.603437306349,51.485520592461114,165.072507943148,50.469160421894635,159.744998696817,67.73924925298076,226.799203922594,67.03070203731308,189.09455759452
Subj_05_Isokin_L_02kg_80bpm_EMG_data.csv,0,2.219970703125,2.2099609375,2.22021484375,0,0,0.007332398822260073,0.00022824118170636248,0.0082772262,0.006126509714380952,0.0001492532942440789,0.0069262506,0.01144871408512088,0.0003557189493567384,0.01304226,0.006730011710399267,0.00045047420156438673,0.0088551529,0.003271044058029304,0.00016062221328961906,0.004216576,0.008134571768311356,0.00016161894135297605,0.0090559963,0.008861945137831501,0.000823025503406901,0.011885548,0.007811300038673993,0.0005600136511700007,0.0097726826,41.374654506376444,184.217885242745,47.83163721277535,263.529798616245,52.65329724238936,203.465268330032,42.41972414780491,198.176234962832,59.37421581750473,217.701095937217,56.95809521275919,213.203343154725,77.7973822925849,292.161348405186,68.4202371676717,211.571225519
Subj_05_Isokin_L_02kg_St_EMG_data.csv,0,2.2099609375,2.2099609375,2.22021484375,0,0,0.006229752338300518,0.00045651849041296555,0.006754017,0.004598496671383419,0.0004923027348746851,0.0051372531,0.010156896561870467,0.000515403711189847,0.0115413666,0.0061013417899481864,0.0008970280296493259,0.0083321575,0.002487190543554404,0.00012214318945832147,0.0029994966,0.007179007142715026,0.0001536720833712358,0.0077445032,0.007926059473093265,0.0008675156630113782,0.0104350094,0.007541366690362695,0.0004443161916528251,0.0087976456,31.52043743616138,193.208912348541,28.95672055970002,172.203491773657,32.800161542318214,184.237313797991,28.97067647755672,197.54258773492,38.96057381203328,144.616431562449,37.84233884755364,141.661767128265,40.51334773183528,126.987118108535,38.05296753739165,138.260723710228
Subj_05_Isokin_L_04kg_40bpm_EMG_data.csv,0,2.419921875,2.419921875,2.43017578125,0,0,0.005559204510407225,0.00032620849063249067,0.0068899156,0.002346119594899836,0.00027115799375921094,0.003316784,0.008605201551651887,0.0007888801185459746,0.0108953482,0.006117694970686371,0.0007825886539801392,0.008957291,0.0014576643502036126,0.00043479659391087967,0.0027259828,0.006647075660009852,0.000462030463102066,0.0080955513,0.005074326804738916,0.0010152816709643943,0.0084297182,0.0048901352276912976,0.00080933072899296,0.0077236178,59.801751052681354,195.073983079087,69.58348177004108,219.766131477536,74.73056546944066,449.179551069582,58.47122083624963,311.549307180986,69.73683601332763,262.611301595535,68.99465193658253,273.413000061736,107.15129103280756,382.863659253222,129.38366819872147,450.4637602657
Subj_05_Isokin_L_04kg_60bpm_EMG_data.csv,0,2.35009765625,2.349853515625,2.360107421875,0,0,0.005639520586351255,0.00036047584006028237,0.0068058018,0.003180547752469534,0.0002907013320771392,0.0045733452,0.009909850260376343,0.0004580495950391562,0.0115259178,0.006445476311376344,0.0004082684018579435,0.0083221439,0.0022344726585483876,0.00030441979151488597,0.0037470818,0.007516057373254481,0.0002752156978174359,0.0089166649,0.005848248302756273,0.0005220032110389222,0.0083029754,0.005354654158,0.0003860198715284432,0.0075662616,68.0473267609544,253.935655823107,86.1019454278196,269.717950041061,96.19349548452793,437.559048280931,71.75222516043945,250.636849931868,80.26340693804883,330.042665313219,77.4633576762675,309.22725787532,122.94776343079393,383.01735772569,127.43308247153558,439.460530976431
Subj_05_Isokin_L_04kg_80bpm_EMG_data.csv,0,2.22998046875,2.22998046875,2.240234375,0,0,0.0040148418090073254,0.0002650055319134185,0.0051054955,0.0008101275521318682,0.00022737556863320133,0.0018699646,0.007129528806091574,0.000631831019507597,0.0089143757,0.005057654179879121,0.0005794166476879198,0.0070738797,0.00020744872704761907,0.000307616092616567,0.0016242028,0.004572238986457876,0.0002948612778906072,0.0058393478,0.0050738247333663,0.0007104299547763001,0.0076970104,0.004592954626527473,0.0005437102811771159,0.0068841935,83.04834507043479,336.145434231375,112.8694556939789,433.407417351646,136.44743274633888,478.198808969119,114.01880034921977,533.064113550928,80.36170003181185,279.712609307676,79.23598979190692,279.761617197278,150.89719725992828,524.720620057083,134.4981346810563,517.871541187719
Subj_05_Isokin_L_04kg_St_EMG_data.csv,0,2.219970703125,2.219970703125,2.22998046875,0,0,0.005814897498991151,0.0007021776114954813,0.0072175027,0.00286184155960472,0.0010983586037341625,0.0049547199,0.007739592043687315,0.000771217883046985,0.00928545,0.006240339221699115,0.0008340715688514393,0.0081464769,0.002311847765221239,0.0010201029592147566,0.0041954042,0.007958283232530974,0.0007465725086629301,0.0093426704,0.004225053724188791,0.0009922441290686934,0.006840134,0.0038963765894867255,0.0005064471811347385,0.0055111889,64.06128154670432,399.057661528631,67.16524685525899,284.912467259714,77.11281780197567,482.194453625117,55.664254238283604,316.545382480266,67.31664859303086,206.339858525057,64.52795431143821,236.144820693481,69.99186989140003,268.926979574628,71.96796091422479,213.700320522396
Subj_05_Isokin_R_02kg_40bpm_EMG_data.csv,0,2.170166015625,2.169921875,2.18017578125,0,0,0.006807909917355011,0.0006668396013489801,0.0077093127,0.006170074859062205,0.0004482939051118021,0.0068947794,0.004150699257646802,0.0003970222620163215,0.0051215175,0.008017402925390143,0.0005066362883170624,0.0099429134,0.0026737785052115843,0.0006213539813348699,0.0034907341,0.0033395749165710965,0.0005563391188131034,0.0042174342,0.011522934986274224,0.0004728207448946052,0.0135200508,0.013441819954692603,0.00043513485804780734,0.0145935062,63.599913244404746,411.14106509198,49.072706422226965,294.75341265573,38.84637739166306,234.968606947564,44.92409082766274,282.947968479828,57.30959627057421,342.219241988008,34.62381147347748,194.630068895715,90.4701825442859,344.492469427657,110.82121591062092,579.156370442073
Subj_05_Isokin_R_02kg_60bpm_EMG_data.csv,0,2.2099609375,2.199951171875,2.210205078125,0,0,0.00675254763816,0.0005224574675910178,0.0079791071,0.006513222817356666,0.0004981175669488699,0.0077922824,0.004775057183743333,0.0004929174091388704,0.0063494686,0.00789036094401,0.0004524581141308631,0.008995343,0.0029046684218366663,0.0004612361664007364,0.004160786,0.0033249099954433337,0.0004779566315035816,0.0047269822,0.010678548355406667,0.0005869038825465839,0.0121762278,0.011979469949126667,0.0005801913882894546,0.0137658129,50.231123148628015,293.276094045753,43.60101804772778,225.951565080538,43.171620726856645,327.916724583469,41.23059451265628,183.694437376184,48.356595290101005,245.638146320601,36.85836446832308,166.693333789358,109.01561983268155,375.955227083478,164.8270542701447,771.944491488488
Subj_05_Isokin_R_02kg_80bpm_EMG_data.csv,0,2.14990234375,2.139892578125,2.150146484375,0,0,0.007350659464752688,0.0006575053560394412,0.0085956575,0.008470732327691757,0.0005147495219827537,0.0096118934,0.0057092043063727595,0.0005244381410131196,0.0070575718,0.009360585697620074,0.0004931710608597878,0.0108578689,0.004328352408982079,0.00056011916609288,0.0057057384,0.005082293637706093,0.0005642614681374086,0.0065960889,0.011846642917017921,0.0005458231749721249,0.0133601194,0.0133252377633405,0.0005232494324460999,0.0150670055,81.76981941682223,532.518457260939,65.82167592424291,402.730405462386,78.67160144706209,514.42170827107,66.6118964501392,394.828842490775,61.37049032135362,400.609702589677,46.4326734062128,275.117644379654,119.86770312495044,432.935198009819,190.3643177189027,606.731528918404
Subj_05_Isokin_R_02kg_St_EMG_data.csv,0,2.2099609375,2.2099609375,2.22021484375,0,0,0.006166461172174955,0.0007313919409666702,0.0071640019,0.0056737672998022765,0.0005022674733300419,0.0064558988,0.0038672544448292386,0.0003431695451519931,0.0044898037,0.00771561193899341,0.00035695705920375705,0.0083930977,0.0018534198190712997,0.0007535461349349981,0.0031116486,0.0024513601184182146,0.0006663160769235165,0.0036455155,0.012016375299017376,0.0004150670305607034,0.0128125194,0.013389520496578789,0.0005574549512862593,0.0147173889,26.0472282091541,151.970247741126,24.768213734886356,152.208668823061,42.29833258476172,282.588957234669,37.667871232154994,245.642026308981,41.30243412010757,269.024708090826,30.747514631578934,162.147151458037,99.09068490754848,269.972740119918,117.22012521324977,407.354147566307
Subj_05_Isokin_R_04kg_40bpm_EMG_data.csv,0,2.300048828125,2.2998046875,2.31005859375,0,0,0.006076433778158415,0.001028299621136592,0.0087512974,0.005023840001534653,0.0009174949754426649,0.0072987559,0.0037776290657887787,0.0009958344872552935,0.006074524,0.0070976936621188124,0.0010629003212243363,0.0100090029,0.003824525653168317,0.0009243062220837947,0.0059174541,0.0037324474882112213,0.0009286210807670838,0.0059214593,0.00455161970419142,0.0010747424990544341,0.007436085,0.00509154316310561,0.0010751761506775392,0.008026314,74.1587196473225,771.886060696142,78.5472083106971,782.949725723573,91.01260141469322,751.189102517499,118.0678723494031,850.63923352394,75.82477212788594,769.063264523255,53.929462284814235,547.769128777662,149.3107811602724,623.215650974694,215.06523900218042,771.710782866133
Subj_05_Isokin_R_04kg_60bpm_EMG_data.csv,0,2.369873046875,2.35986328125,2.3701171875,0,0,0.006934422195648628,0.0016711008895610737,0.0130903246,0.0056034960357330315,0.0015344893555591173,0.0117095951,0.004622751143854174,0.0016105398618837734,0.0107866293,0.007774237978044543,0.0014571504107458656,0.0138396267,0.004563209901422087,0.001661615679892001,0.0108733177,0.004490312810390808,0.0016459760128288265,0.0107614519,0.0054352782654869146,0.0016134519126763491,0.0112289432,0.006349695423154124,0.001670025831042398,0.0122832302,150.92755691014585,898.752230125878,147.7886890332475,909.401299112212,156.30050740526724,1065.86784913971,139.32088973059328,809.697296019222,144.7748742788702,920.802642968541,102.44112930866392,672.616699548863,173.25418117003022,758.392079345075,256.9175882395075,921.248355897279
Subj_05_Isokin_R_04kg_80bpm_EMG_data.csv,0,2.320068359375,2.31005859375,2.320068359375,0,0,0.007660564912807842,0.001708044979319108,0.0177191738,0.006340328271968627,0.0016202084703560514,0.016348172,0.005191309312470588,0.0015704362431757889,0.0144753465,0.008201669559462745,0.0014869184614998711,0.0181377418,0.005020247376733334,0.001578834393663196,0.014825535,0.005139326173388235,0.0015754775822563222,0.0150795942,0.006016360987913726,0.0019466921834469287,0.0161107071,0.006961298532317646,0.001980224333937605,0.0173758511,204.02850240851794,1118.32357335047,212.43264282331108,1088.49528664493,201.61099547565883,1054.97565703306,200.60621322367857,1127.96807348844,198.24916373726538,1159.04765069828,141.03576680240596,837.845925151894,196.74817654265473,877.1461450273,259.00450774835315,1135.62352989466
Subj_05_Isokin_R_04kg_St_EMG_data.csv,0,2.280029296875,2.27978515625,2.2900390625,0,0,0.005050629633219219,0.0007317343426588338,0.0062261582,0.0044522635935495495,0.0007486911650729026,0.0056193355,0.0035484586073453455,0.0019480913718583255,0.0085052494,0.006852212662168168,0.0013054530254997315,0.0098585133,0.002803413778312312,0.0006588944858502634,0.0042818072,0.0026778708682642645,0.0006164065291029958,0.0041665081,0.004426735002894895,0.0010379935089477564,0.0061892513,0.004495477085555555,0.0009497058695350644,0.0060367589,54.43217839535877,355.48061592726,71.66123905536129,497.370196069833,113.56605552336563,807.839476032435,91.9901301552453,664.607335237313,52.16772969522647,255.899579927757,40.59219520730891,195.16562336633,185.46776049262712,561.500330472299,246.06828974405119,879.395512058024
Subj_05_MMH_Bim_L_02kg_Trial_1_EMG_data.csv,0,2.429931640625,2.419921875,2.43017578125,0,0,0.010703377309743406,0.0002236544946457711,0.01145525,0.007538785825194244,0.00023545657754841387,0.0081707956,0.005506059969860911,0.00025892794024195596,0.0064335824,0.006780337188882495,0.00029433014862636424,0.0079078674,0.002439070847613909,0.00021462868510349118,0.0031348229,0.004588597128354916,0.00030002913365340887,0.0055237771,0.007187531660208633,0.00033257504047538356,0.0090262415,0.008882179079609115,0.00025913435153602506,0.0105013847,42.21532216512979,179.272994097001,40.1216082451396,136.126654756022,29.35315631224134,145.721856341406,32.65887270007081,151.705644065696,22.299050806766655,96.835268252485,16.594865274900123,68.7162443994706,48.540971674145375,272.457294056014,49.18881416548538,206.80848306729
Subj_05_MMH_Bim_L_02kg_Trial_2_EMG_data.csv,0,2.409912109375,2.39990234375,2.41015625,0,0,0.011328775709427752,0.0002930393143741545,0.0125750545,0.008218574790452075,0.00028615907040438064,0.0095146187,0.006428202370071531,0.00044032344888114775,0.0078263283,0.007233763315590844,0.00038125874253059754,0.0082629211,0.003005450200340486,0.00022010997901244657,0.003680134,0.005207561534649499,0.00024013411209796823,0.0059909825,0.008226540948177397,0.00040647277043958236,0.0098699573,0.009283475468995708,0.0003162850248299798,0.0104902275,56.66353809280769,227.004315091913,50.57618834030752,270.857638161206,29.24591273389342,165.930580516857,32.64396515732453,189.952097075636,21.14565963239034,96.4861638800628,16.04897523932931,91.9794444443902,48.16839963075073,195.402663292316,46.048923322657004,146.518232876481
Subj_05_MMH_Bim_L_02kg_Trial_3_EMG_data.csv,0,2.400146484375,2.39990234375,2.41015625,0,0,0.011103575488557576,0.00021398132947191584,0.0117384912,0.007794528705393938,0.0004753275269044669,0.0087841991,0.007220664781190909,0.0003607229911151097,0.0081556328,0.007613866230851516,0.0004630331150251079,0.0087947845,0.002312663012357576,0.00027649380063961076,0.0029643059,0.0048549533639333335,0.00018819292789564544,0.0053961757,0.007947320613790911,0.000404031963671009,0.0093798637,0.007226001998351515,0.00038742565853939977,0.0084053995,54.039154324943,155.625811043705,44.56911861671304,187.000196937246,33.29309176857553,136.940104855726,42.43631131771986,168.196190505434,28.242712565155944,124.324594516632,19.133048738521786,77.8295049605262,58.08065485614467,209.945234363529,60.352549949200835,216.195545692401
Subj_05_MMH_Bim_L_08kg_Trial_1_EMG_data.csv,0,2.469970703125,2.4599609375,2.47021484375,0,0,0.00970997457777966,0.0010925596326656554,0.0118088732,0.006785759674223164,0.0007145756407850165,0.0085859299,0.00902398639441243,0.000517967359994997,0.0110272411,0.009685570353144069,0.0006459562993421612,0.011756802,0.0013237657077062148,0.0011936106867305168,0.0035765648,0.005479853410745764,0.0004516030948385536,0.0068172459,0.0080196168935,0.0006601464005429421,0.0104607586,0.006193760653748588,0.0007776503302049751,0.0085367206,103.59672890268116,480.816377947085,142.98303667760658,563.293532778957,83.99957433897367,320.234119231374,116.70000255490028,489.739752213112,45.75118219533736,246.901997789151,33.41821960111009,181.55407564438,117.91484617143509,480.600665086426,111.56520834713955,382.037819459681
Subj_05_MMH_Bim_L_08kg_Trial_2_EMG_data.csv,0,2.3798828125,2.369873046875,2.380126953125,0,0,0.007567221445954221,0.0008056924625044195,0.0087441448,0.004137579636709584,0.0004483715745876263,0.0060307505,0.007972677851359083,0.0007371929206298836,0.0102493288,0.009320199469484978,0.0005435571590855646,0.0118200304,-0.0012958727116223175,0.0012462731592266865,0.0040143016,0.0037486046669442065,0.00039304992881363464,0.0049727443,0.007967144781779685,0.0004652646621702888,0.0098078735,0.005506308434804005,0.0003165795875982801,0.0072589875,107.40320974235392,436.427725033487,172.22708825075532,642.631502107665,132.6680791937697,503.559227410647,115.35356858343215,438.839883416674,43.04832259589463,149.948261707399,31.730580095405216,115.147388962997,104.64799445597994,336.739915631604,103.16937198906788,484.820457910029
Subj_05_MMH_Bim_L_08kg_Trial_3_EMG_data.csv,0,2.43994140625,2.43994140625,2.4501953125,0,0,0.006634352878345479,0.0004982175857805041,0.0079547884,0.002098240615417004,0.00037609499321058376,0.0035359384,0.007673184445921726,0.00034749054819105445,0.0090897568,0.008440705195244265,0.0005603543364710918,0.010400963,-0.00402582423065857,0.0005982838602018184,0.0051198006,0.0024327893079622133,0.0003745688226498562,0.0036360743,0.008502753809206478,0.00037846013441264974,0.0101300245,0.00547992149702834,0.00041198356203049624,0.0071322443,74.43064727769533,564.256821992904,122.73686670637389,593.307468184062,93.82960132296476,462.819811439383,99.81355161982395,400.52136760604,40.63436460336326,180.07030987166,30.32722152405579,127.051078107616,111.69780289850804,516.45366503807,104.77542097223316,379.841511412421
Subj_05_MMH_Bim_L_12kg_Trial_1_EMG_data.csv,0,2.5400390625,2.539794921875,2.550048828125,0,0,0.0025523113603842795,0.004435302641519549,0.0070097926,-0.0016185854509315869,0.004814331120518535,0.0109974863,0.005631873315583698,0.0018581930972611232,0.0079310425,0.005080910364116448,0.0022556087134259165,0.008559037,-0.004521680855208151,0.0016714404146836801,0.0100313192,0.0012396353051208151,0.0007794919150836369,0.0027133944,0.00765245282354294,0.0013664396084686744,0.0103574758,0.004605547310066957,0.0016211433867493966,0.0079630855,114.12387954004006,772.073260937842,141.49031780395222,854.276863397061,109.50318850902194,407.772208861573,152.8243866623982,523.925885433188,58.9558418393764,353.788876110415,43.39995645761809,218.82797104142,155.4437406696501,554.021037570343,177.5360917323998,566.679177157125
Subj_05_MMH_Bim_L_12kg_Trial_2_EMG_data.csv,0,2.489990234375,2.489990234375,2.5,0,0,-0.005253168158526785,0.0013236111701802344,0.0076000215,-0.008263816414568453,0.002236797040393699,0.0126640322,0.0038744887772351197,0.001358396767759142,0.006711388,0.003091999337517857,0.0006992745796118621,0.0057758335,-0.006918969251651786,0.0008255734225982391,0.0095126154,-0.00011220427483630951,0.00038067474918259634,0.0011744499,0.004942476106357143,0.0011437164960942429,0.007713032,0.0027058701860773813,0.0009674840021261132,0.0052734376,115.42190813062443,430.851122759189,182.3538675279618,674.352033596761,150.84725012099142,617.907183852795,153.95337086293534,479.406344634752,58.09061305987951,350.00474965826,42.849009805386935,148.965928752126,104.33504033666443,461.214809894703,123.98142955031794,389.203946431143
Subj_05_MMH_Bim_L_12kg_Trial_3_EMG_data.csv,0,2.52001953125,2.519775390625,2.530029296875,0,0,-0.009394700438005747,0.0018746244970260489,0.0135060316,-0.012613742379821838,0.0011414972776168735,0.0155962948,0.0007529316329195403,0.0008885867841046399,0.0029122354,-0.0008447200233534484,0.0010018029168381208,0.0028819086,-0.010455057689856322,0.0008737731122250233,0.0130210882,-0.0018480582359224134,0.000629041156061873,0.0036028863,0.0020624925692126436,0.0010292235653388956,0.0049246792,-0.00018766524909482753,0.0008278466402304668,0.0025179863,85.28336648652801,361.24882880051,134.11257748773036,596.112646672291,108.66298322932442,420.251486813852,128.49773724211454,492.691577288592,56.59628545961438,238.232453053014,42.1791654052044,169.206453327208,124.7400830795481,507.266950626193,149.80073692691445,468.358045399267
Subj_05_MMH_Bim_R_02kg_Trial_1_EMG_data.csv,0,2.31005859375,2.309814453125,2.320068359375,0,0,0.011157785290734464,0.00039885459242468795,0.0122119905,0.010598814859213558,0.0003780682357590713,0.0116927149,0.008150711721929943,0.0003898599630276054,0.0089066513,0.00847776882098079,0.0004127498808261702,0.009566403,0.0027026194340994346,0.000442148915702977,0.0034924508,0.003966205657222599,0.00037702409436350854,0.0047950745,0.009353086790562713,0.00039529594020455195,0.0101752281,0.012945633971491528,0.00045571422819752096,0.0143431667,56.53394286746227,277.193406704913,86.55485521911051,373.639935561481,29.99783058518813,129.851752276746,37.14584449695072,188.976338785792,23.915127280075215,145.385279040212,18.635994431373078,125.206040334505,57.58747960372108,185.472663641078,70.30004224544362,317.578993669622
Subj_05_MMH_Bim_R_02kg_Trial_2_EMG_data.csv,0,2.3701171875,2.369873046875,2.380126953125,0,0,0.012674410574073758,0.00045849521432104513,0.0161384586,0.01201418958233759,0.0006044983474537628,0.0156509411,0.009648540671534752,0.000542027528540727,0.0129604349,0.010294057162814186,0.0006892103260307417,0.0138012888,0.004064356072785816,0.0004981816940943592,0.0075699808,0.005189167711849645,0.000532166236150532,0.0087181097,0.010140633584150354,0.0005024565886351727,0.0133649828,0.013123334940904965,0.00045523789992216103,0.0162377357,71.90334534035696,305.704777512321,91.94173793750252,298.49723752516,34.950175550897384,318.546370413332,36.274572311824805,312.226992107599,23.44476493532633,282.655401027928,17.245622297619526,195.14980448312,49.93113480153564,220.155196948753,57.24328683704647,341.231814274366
Subj_05_MMH_Bim_R_02kg_Trial_3_EMG_data.csv,0,2.369873046875,2.35986328125,2.3701171875,0,0,0.010097991137330356,0.00077206145497138,0.0112761501,0.009689531160217263,0.0010020518743081568,0.0109322555,0.0076150909227946425,0.0008363726441519845,0.0095037464,0.0087618540563125,0.0009701183635304942,0.0105969431,0.0026488987258928573,0.0007797521807540569,0.0037505152,0.003642333628407738,0.0005800135214280017,0.0046834946,0.006221113520104167,0.001190266982072696,0.007796288,0.0082865947224375,0.0010784833774007032,0.0100193024,57.34507702487108,279.74176836363,82.29400068266159,329.503321432645,40.65525470511561,291.357733325798,40.69379153775414,312.618779474055,26.80524559219079,157.686243967525,20.63128589656352,138.201879166742,70.12926336829729,274.407283527688,73.23314002232576,323.854942730731
Subj_05_MMH_Bim_R_08kg_Trial_1_EMG_data.csv,0,2.4599609375,2.449951171875,2.460205078125,0,0,0.009116254471259574,0.0011217016144338399,0.0110761644,0.007662303142748936,0.0012770389487994566,0.0096628191,0.007188859788161702,0.001306691101252413,0.0092963222,0.009460768731756029,0.0005049888461595991,0.0111888889,0.00310803067404539,0.0005254739495814469,0.0041885376,0.003986821376510638,0.000633232084672593,0.0053612711,0.004359170348093617,0.001134142400138325,0.0072243693,0.006640717111832625,0.0017435148317893477,0.0104936603,90.45982799031337,336.855208334778,94.8584192843667,398.026110210716,63.37698268560802,228.854721735001,80.37083706651397,339.026970661175,34.92480229382034,146.953317096503,26.912215276765586,117.56954912218,93.89037514681593,330.366910807199,101.82588031715704,313.448895828066
Subj_05_MMH_Bim_R_08kg_Trial_2_EMG_data.csv,0,2.360107421875,2.35986328125,2.3701171875,0,0,0.006364174389387697,0.0009130747964180184,0.0082202917,0.005309861102323319,0.001300148070824257,0.0077642445,0.006253475617914163,0.0008596428268462001,0.0081290249,0.009049018082280402,0.0007195675561865208,0.0108850487,0.0013923767588669529,0.0007784395162958022,0.0031531334,0.0031459343678540775,0.0006699199115754402,0.0047753337,0.004437143907719599,0.0006112322072045827,0.0062450413,0.0053127461411530755,0.0007818824484279747,0.0077630999,94.9998096683201,403.657830031063,110.2716039175153,402.315376779055,82.24901323577988,340.169714746659,84.56682993902601,291.959398032184,42.86245101554008,238.79161613004,33.12497617737388,179.809579839333,77.39687117442178,231.881457797059,102.25006880805427,377.622674486772
Subj_05_MMH_Bim_R_08kg_Trial_3_EMG_data.csv,0,2.369873046875,2.35986328125,2.3701171875,0,0,0.0060644369392563085,0.0005361600780722558,0.0075794221,0.0050451494249136785,0.0006736903008762458,0.0072026257,0.006523011183134131,0.0006128381815292439,0.0079433443,0.008474921387715802,0.0005008586536473347,0.0103497505,0.0011223201572749004,0.0003170225149194897,0.002005005,0.00348114083849668,0.000445253554518782,0.0046168328,0.004845855462735724,0.0008353299831539835,0.007421494,0.005286355056661355,0.0008528489915408175,0.008125592,76.07401987336566,381.704823066757,101.09719714870798,567.394270796006,73.48209927316809,392.914405638846,87.60356671303828,388.005524059674,42.05271404253573,174.101365619005,30.389327565558418,130.87680917718,95.8300363846527,292.311009473203,106.24474224041798,476.608154768836
Subj_05_MMH_Bim_R_12kg_Trial_1_EMG_data.csv,0,2.510009765625,2.509765625,2.52001953125,0,0,0.00209417333001443,0.0038909665699773254,0.0073182108,0.001627887800227994,0.0030132990609486377,0.0059844018,0.003197302284031746,0.002165376306389938,0.0058021545,0.004868081301344877,0.0017140575355150257,0.0072744372,-0.0014015321961702743,0.000611984774887732,0.0028143884,0.0014168535343838382,0.0005057992157308597,0.0023820878,0.0015568827303232328,0.0033644517007694035,0.005559254,0.0025249382304617604,0.0029467725686205385,0.0059134485,108.74899406677835,474.913442943015,116.30794314402787,481.220743669709,85.92345272853946,621.665331192663,116.53717468392632,682.15587038231,49.051884331915176,222.356960583062,38.8789729981641,145.3928236914,135.5683043650602,489.801245744459,150.15583364689192,583.7272906426
Subj_05_MMH_Bim_R_12kg_Trial_2_EMG_data.csv,0,2.460205078125,2.4599609375,2.47021484375,0,0,-0.0064734796500681485,0.0017585085427704078,0.0100330357,-0.003684874791546667,0.0015118766163376416,0.0069045071,-0.002158340218500741,0.0009210205051729183,0.0044294358,-0.00032618139175111114,0.0009022073784737866,0.0030472756,-0.002706093771623704,0.00044597143317332704,0.0037922862,-0.0013876859306785187,0.00043149802612088925,0.002231312,-0.0035315941294666664,0.0013534174622625223,0.0066701891,-0.0019689963049185186,0.0010936701232914295,0.0047550201,101.88596171045418,459.026337792163,108.58155721805143,620.75436633554,98.32548235409664,398.249597730443,103.10778010343762,469.874718726198,47.84793347236293,172.615788640543,36.59683324546177,128.617383590074,117.03401719026125,461.7950538319,130.70870165222132,492.192470311227
Subj_05_MMH_Bim_R_12kg_Trial_3_EMG_data.csv,0,2.469970703125,2.4599609375,2.47021484375,0,0,-0.01293063985911582,0.002064440405400041,0.0162451752,-0.008223574254618645,0.0016814566086886722,0.0114924433,-0.00660417354640678,0.0017992357608375455,0.0104229935,-0.002283270444689266,0.0010031647277204028,0.0049361233,-0.0017232282941525424,0.0005814003424438214,0.0035110475,-0.0009491005591666667,0.0007325418805152415,0.002810383,-0.00506723364419774,0.0008560834073952066,0.0072638514,-0.003640915759675141,0.0008117080218785519,0.0059014321,99.91480718702837,400.162596862599,100.12502929073946,578.862140644129,70.48869772020414,399.321162746143,95.25459396034498,413.063606937305,47.18251435917254,222.873672470833,36.49814512091931,129.526933733272,115.04147749880232,397.809483193181,145.08758223956775,546.526063720171
Subj_05_MMH_One_L_02kg_Trial_1_EMG_data.csv,0,2.2900390625,2.27978515625,2.2900390625,0,0,-0.008933569893444446,0.00178084768483477,0.0137151722,-0.011511667897125733,0.0016083882877579395,0.0156254768,0.0021180855561959066,0.0013615897009662894,0.0049675945,-5.134887222807015e-05,0.0013009182904488948,0.0186138153,-0.011520813945385965,0.0009395030503341309,0.0148169519,-0.0005876914737894736,0.0009358677621321443,0.0041773799,0.004277000208017544,0.0017900887919908178,0.0125109674,0.00102431840198538,0.0014712683523397958,0.0074841501,109.36324537582543,605.018892064745,86.81810414153887,484.792030131709,56.113490786744535,388.581551068816,56.607464415625536,4096.33872663935,50.77641569497853,353.909840456055,51.61578629314771,338.653485704236,83.34189854324099,566.415626529712,67.92844407933988,458.939869957919
Subj_05_MMH_One_L_02kg_Trial_2_EMG_data.csv,0,2.35986328125,2.349853515625,2.360107421875,0,0,-0.006844666597232493,0.002673764446214925,0.0111010559,-0.01060377288042297,0.0026167252054294407,0.0151059153,0.0031195761623025215,0.0011983610568563911,0.0068864827,0.0007408836084005604,0.0019100321102908926,0.0059566502,-0.011279299393291316,0.0006661284844319437,0.0125616081,-0.0016265140104201681,0.00048590809948390946,0.0026324273,0.005310764534893557,0.0027615326076037123,0.0162285808,0.0017718969764341736,0.002382066391641972,0.0094176298,108.69701020153123,776.749506971852,122.35881549923423,871.166772982076,54.05409926731042,523.594290029294,83.57684501114824,620.393821056192,48.0402402491199,527.841586326246,41.10314736472884,336.054466973549,96.48762942149125,1069.7856490611,83.49419728644851,818.249041286301
Subj_05_MMH_One_L_02kg_Trial_3_EMG_data.csv,0,2.219970703125,2.219970703125,2.230224609375,0,0,0.000994391040248375,0.00033394767616014265,0.0028942109,-0.0018793695779004322,0.0005310515737260033,0.003048134,0.006165709817941827,0.000419032457272324,0.0073167803,0.004551299564490359,0.0006118979619623879,0.0069860462,-0.009065275398641926,0.0004246717216509028,0.0098565109,-0.0015953830621736448,0.0005193860944905756,0.0025142671,0.00708321502189622,0.0011752718230727045,0.012699509,0.004024508157845238,0.0015891834299024783,0.0094310762,113.09048632200457,534.559358214875,89.79614588934999,558.359646305553,53.29657412192525,385.380586860605,32.30117197944541,424.729549233034,34.73829184763814,220.841539094958,37.2635145748302,251.909976226374,74.48952185408194,592.983306608699,56.35572844383645,413.979953535773
Subj_05_MMH_One_L_04kg_Trial_1_EMG_data.csv,0,2.2099609375,2.199951171875,2.210205078125,0,0,-0.011630788668661438,0.0015218829881415209,0.0132668503,-0.0148420589779634,0.001429929919936612,0.016304113,0.002480004172896732,0.0009331639314667616,0.0071348194,-0.0017476336412156864,0.0015634463710531982,0.0053529739,-0.01343773371168366,0.0009620257827997864,0.0151545526,-0.002395735907735948,0.0005892545318748508,0.0033926012,0.003022217109696732,0.002611790566293802,0.0159928333,0.002131639673864052,0.0032472000207867313,0.0164514557,151.1024674474611,1195.89264069222,121.67009804879572,1004.83823162805,82.22463017152536,673.959414884005,81.85653936785167,595.026575154077,53.74840954760965,294.572457427218,53.88757102712826,444.304378852392,110.00516671690718,753.505470720462,131.6616120699344,1237.03806042151
Subj_05_MMH_One_L_04kg_Trial_2_EMG_data.csv,0,2.219970703125,2.2099609375,2.22021484375,0,0,-0.013756517827457996,0.0011389282437133867,0.0153945927,-0.016732112351157184,0.0009995283272008263,0.0185809135,0.0009207881502168021,0.0006612087593344568,0.0034898759,-0.0033038734928455284,0.0010816820333850738,0.0045541767,-0.015700483029555557,0.00036934300567517995,0.0163970962,-0.0031955716706558264,0.00048401522598337705,0.0040114406,0.002067469271799458,0.0010510325121580988,0.0060728076,0.0010863589450677506,0.0015017386305151174,0.0073865894,157.14169237636983,1205.41170866078,113.78478250824732,668.563664386582,81.58428248335419,662.739813257942,64.53119989107745,665.384140499721,58.83764364411474,276.342190467605,59.37513082870412,295.394976530233,86.8626627817962,463.126949954116,84.7294630501922,604.412641455255
Subj_05_MMH_One_L_04kg_Trial_3_EMG_data.csv,0,2.239990234375,2.230224609375,2.240234375,0,0,-0.013285271401347639,0.0011369036631551518,0.0151339537,-0.016451321730712443,0.0010800713358359324,0.0181852356,0.0007412751619570815,0.0008726139458133286,0.0046474459,-0.0023047411163891274,0.0012964317434472682,0.0187150966,-0.015159730149316165,0.0004460158995376759,0.0163455978,-0.0026628066527525037,0.0004727674718222883,0.0035814287,0.0029342023742060085,0.0011933876572599788,0.0094164852,0.002074951100795422,0.001827624067685742,0.0087372782,99.73900622522103,1472.22189779155,85.23176628870138,1345.24254138459,83.02839398312523,972.483771650306,111.49836948515615,3953.83996379371,54.24054493902654,276.260364070053,55.96016968908722,315.458980203388,134.45174108757956,826.798538886966,113.4619836395927,896.323372748682
Subj_05_MMH_One_R_02kg_Trial_1_EMG_data.csv,0,2.27001953125,2.259765625,2.27001953125,0,0,0.0021490772519097744,0.0007276259076077017,0.0041636471,0.0021622413437343358,0.0011948950219260136,0.0046837809,-0.0011387411670927318,0.0012875538727352722,0.0036377909,0.0022441335750902256,0.0011734125283470022,0.0044746399,-0.003198833382358396,0.0010568597804085748,0.0058485032,-0.003374636291473684,0.0012139477489758362,0.0058107376,0.001863855412122807,0.0017423627467206357,0.0050382614,0.003479753919223058,0.001517794439422865,0.008055497,72.56532707270927,338.253604799253,83.05109718519697,338.666852794726,39.50126293538773,303.332273751018,41.817563898736836,396.447911191082,40.89076942421786,316.743425487424,30.526689986190497,231.287697469439,88.57498900301206,436.501804257882,109.65890935722106,498.681154948053
Subj_05_MMH_One_R_02kg_Trial_2_EMG_data.csv,0,2.25,2.239990234375,2.25,0,0,-0.0011361325233835424,0.0009346302753908415,0.0047575952,-0.001988457885729428,0.0007765823313372063,0.0047023776,-0.004145995031556485,0.0005718390567251196,0.0066553117,-0.0005361135550237099,0.0005482207675588324,0.0023114206,-0.006112552996217573,0.0003378014327313623,0.0067889215,-0.005254995460577406,0.0003578964730904093,0.0059698108,-0.0019778830807475594,0.000997936737331592,0.0054322244,-0.0007267474643542539,0.0008535865031352404,0.0036681176,64.06275696147092,349.696531891278,67.30525627087168,466.093236485171,41.90623958407717,268.181639366688,36.9920063665643,371.547338426723,33.880607431692525,152.977533710054,26.266086163691384,166.460811438356,73.32438517803827,509.862829440326,85.88000238191694,588.944172887408
Subj_05_MMH_One_R_02kg_Trial_3_EMG_data.csv,0,2.329833984375,2.31982421875,2.330078125,0,0,-0.008081679237103914,0.0015005953386928324,0.0110632898,-0.00588806682719838,0.0011969090337878969,0.0084620481,-0.008343067341336033,0.0013453785319429456,0.0111030582,-0.003078072128507422,0.0011336367607258074,0.0054204944,-0.004942702660979757,0.0003312560535427115,0.0059277536,-0.005219958158145749,0.0006311315216593839,0.0065156939,-0.005715285502404859,0.0012037054252568005,0.0086414339,-0.0032657721933306346,0.0011564569483906116,0.00617981,75.35854497537453,550.200204966706,83.49545896082735,604.219571961294,52.01368978718197,410.710451843393,55.89093058554902,527.494374396845,34.25967046430414,165.865541656294,28.314844368711032,186.016593733657,106.7471213615755,563.909888545007,114.07095975014487,638.607167532589
Subj_05_MMH_One_R_04kg_Trial_1_EMG_data.csv,0,2.169921875,2.159912109375,2.170166015625,0,0,0.00023663525492328042,0.0006769403560577274,0.0032532692,-0.001762460238351852,0.0006771065164286363,0.0028953552,-0.004436527611632276,0.00045294440060170225,0.0056299213,0.0004452151139814815,0.0005717875274258439,0.0033262253,-0.00624189763871164,0.0003621897258520799,0.0072987559,-0.0060880833175767195,0.0003488000499162879,0.007193184,-0.0006885819810740742,0.0008475038513143417,0.0029926302,0.0011457521670608466,0.0011009907706316818,0.0060364725,81.43451622607105,314.319546054288,88.1214073471469,512.538605270956,78.96707798318009,280.477970416719,74.6640752902277,265.390798655316,66.28717492250776,323.616822898073,47.77825808716191,244.164087636267,165.45317538006705,626.51207620414,200.17217347742692,694.879165074513
Subj_05_MMH_One_R_04kg_Trial_2_EMG_data.csv,0,2.1298828125,2.119873046875,2.130126953125,0,0,-0.004220558908461133,0.0029117233127368925,0.0116721159,-0.006336286082677206,0.0022962523347172647,0.0121218683,-0.0076607490714361,0.002495419783285929,0.0143949511,-0.0007396959898076416,0.0016120090784153883,0.0053326609,-0.00650946097575494,0.0003653847475971809,0.0083255768,-0.005578496085212121,0.000728228653106251,0.0068761827,-0.0032169326254571804,0.0019161917029393916,0.0072658542,-0.000898883282442688,0.0020901891630681797,0.0071817399,110.75398494264361,730.536658657482,135.4407429020795,890.407353156631,106.28848246517234,572.641816654217,96.8179242924742,761.215147016414,83.62356183357683,481.310421452784,63.76278420326916,294.973617287009,159.1477560240605,954.321945634842,193.35376089057058,1660.15887714371
Subj_05_MMH_One_R_04kg_Trial_3_EMG_data.csv,0,2.14990234375,2.139892578125,2.150146484375,0,0,-0.013577438418879205,0.001199911085411535,0.0165716186,-0.013337658829140724,0.001145864587307387,0.0155207636,-0.014117313037325033,0.001248788625936788,0.0163547527,-0.0051355081820772105,0.001744780255402597,0.0074246409,-0.005068565161980076,0.0006125941377272243,0.006311703,-0.005483331753382316,0.000692000283542019,0.0066023828,-0.006056432136886675,0.0024507586483928784,0.0182112698,-0.0042179889801867996,0.002553540385203576,0.0074226381,119.63220630698905,683.520739513188,116.8484239444233,750.063433788926,81.7063619998989,810.435094452082,95.50405160982567,1161.98807061217,55.043571814012786,290.53873034251,60.54680882599488,465.290787044461,148.7813257148323,3074.72207652931,186.56891809543106,1419.24416783728
Subj_05_MVC_All_L_EMG_data.csv,0,2.64013671875,2.639892578125,2.650146484375,0,0,0.0038433485670994146,0.00034909677109629843,0.0049698832,0.0013182557174269006,0.00034430113358714914,0.0025116922,0.007852826667181286,0.00045015198622745184,0.0096796993,0.004921894676740741,0.0004393168621753752,0.0071253781,-0.00031737777321637426,0.0004624220300515018,0.0017134667,0.004269273075239766,0.0003967661324166208,0.0060150148,0.005317098821341131,0.0004666509859053227,0.0079281814,0.005941129073707603,0.0008981474661834952,0.0109271053,,,,,,,,,,,,,,,,
Subj_05_MVC_All_R_EMG_data.csv,0,2.72998046875,2.719970703125,2.730224609375,0,0,-0.0003383979845494949,0.0012556029867253737,0.0026475908,-0.001796087741034343,0.0012030628945658526,0.0039316178,-0.002353036428622222,0.001217890364082617,0.0044840816,0.0020902828833333333,0.0012596373190824866,0.0048256875,-0.0044619486266909095,0.0012089734304648206,0.0068149571,-0.005020637945575757,0.0012586158648539502,0.0079816822,-0.00040990104170909083,0.0013419765303652631,0.0035651207,0.0004775263760040404,0.0013645753285715897,0.0045619011,,,,,,,,,,,,,,,,
Subj_06_Isokin_L_02kg_40bpm_EMG_data.csv,0,1.919921875,1.909912109375,1.920166015625,0,0,0.0025246948070472225,0.000639850132951139,0.0035410882,0.000631026085311111,0.0007208921150748911,0.0019572258,0.00035460150031666664,0.0006950172981613802,0.0019841194,0.00034327174588055553,0.0006146073883082553,0.0018545152,-0.0008452479645027778,0.0007949906612165165,0.0031411173,-0.0023320566118083335,0.0007366236721066955,0.0047181132,0.0013528848122027779,0.0006355097424524043,0.0025262833,0.0013863131531305557,0.0006509261690762822,0.0029643059,45.10758563344853,335.064836420651,55.31785329037699,543.134308952852,47.636092663420925,324.308334026529,60.29638649520258,497.485363595246,85.0092509579372,436.213224868886,108.56107538796118,565.167565909942,276.0042518148783,762.169489993492,284.0340390479255,765.056944042576
Subj_06_Isokin_L_02kg_60bpm_EMG_data.csv,0,1.929931640625,1.929931640625,1.940185546875,0,0,0.0027761257530888885,0.0004942602558420625,0.0036048891,0.0009365871328317459,0.0006270801629922292,0.0019263268,0.0005611070486761904,0.0006209393389768215,0.001666832,0.0003844498831492063,0.0003997931975231787,0.0012771607,-0.0007309920846857142,0.00028261253625379003,0.0014533997,-0.001960828003215873,0.00033181255638592465,0.002704239,0.0019112876411269844,0.0004989101337140392,0.0029929162,0.001977445975631746,0.0005421684386837961,0.0033568384,40.237960794554375,284.807640591007,59.29581890969929,206.351705884791,46.385994405347745,236.558761009397,54.796999269688094,226.875052448073,68.20935560900436,247.642338147132,89.54472373455177,319.588208381521,228.30959368644793,732.418694924088,234.85062850473628,695.63236862261
Subj_06_Isokin_L_02kg_80bpm_EMG_data.csv,0,1.909912109375,1.909912109375,1.920166015625,0,0,0.002179097517371611,0.00126865318987119,0.004585648,0.0004671959946475279,0.0013566624560728147,0.0032080652,-8.661838398724088e-05,0.001339532925293237,0.0023128511,-0.0003045968642998405,0.0011090952542314933,0.002248764,-0.000990325138720893,0.0012000445122040604,0.0029680254,-0.0024606345205295055,0.0012433471647545775,0.0045567513,0.0016078053724274321,0.000994329915348237,0.003895855,0.001550527444414673,0.0010382207797476424,0.0041150097,52.28841552338345,265.079771751884,73.13562691246992,442.932480673281,58.32945082635179,235.99624525137,87.73584651719197,373.642894014131,130.2572849515878,432.954020974141,178.27063883613053,571.291572295268,373.1724529551422,1069.78069084228,387.3596025745814,1109.8578405722
Subj_06_Isokin_L_02kg_St_EMG_data.csv,0,1.93994140625,1.929931640625,1.940185546875,0,0,0.002971846623835979,0.00048269169607356385,0.0040343287,0.000852581132931217,0.0002155096736389994,0.0014184952,0.0008054009412222222,0.0003452185423520462,0.001389885,0.0006160318979523809,0.0003509588543618795,0.0015134813,0.0006711103786931217,0.0009985729905196135,0.0025403025,-0.001379784110804233,0.0009045452057901591,0.0028779032,0.0018996045566296294,0.00036857291086611757,0.0027382851,0.001694784808169312,0.000419062563268918,0.0025477409,50.21253180097117,165.700274406688,70.95176843343225,318.877989497497,53.27091441284165,212.028257420887,58.52541661074769,292.990256464486,64.19114119902949,298.603653321991,79.93702892799864,403.476478696977,160.9872673413605,512.902237766607,164.52792062929007,500.035740319939
Subj_06_Isokin_L_04kg_40bpm_EMG_data.csv,0,1.929931640625,1.929931640625,1.940185546875,0,0,0.0030071195004794326,0.0004664742085794677,0.0043919566,0.0014175194494666667,0.0004365999792898541,0.0025915147,0.0009259595700340425,0.000516044737300109,0.0025128366,0.0014919459482468085,0.0003416960604566789,0.0029096603,-0.0008978982947659575,0.0010459149668848274,0.0025114061,-0.0031677397547631206,0.00039286680557002314,0.0041553499,0.0008479744534326241,0.00037391077599080094,0.0022756578,0.0004971027003829786,0.0004652370471137193,0.0026015283,94.39818861858389,470.371510626,103.72461969214896,436.734650840635,95.53216644682713,456.145871891209,110.73733469735129,408.011950403221,149.15462513427505,522.415816938258,185.56949999947932,581.917636168741,398.0011861913893,1083.18949710997,473.34317354633635,1353.95511486438
Subj_06_Isokin_L_04kg_60bpm_EMG_data.csv,0,1.93994140625,1.929931640625,1.940185546875,0,0,0.003502559201655814,0.00031571850932498235,0.0046159746,0.0018717827160589149,0.0003932667310622657,0.0031808855,0.0016346788393829458,0.000380732305282971,0.003098774,0.0018487021115255813,0.0005949623352030217,0.0036781312,0.0003240977671503877,0.001348699727693085,0.0027302743,-0.0021306214855844963,0.0008535652657226237,0.0038406374,0.0012021295434759688,0.0003801579957736072,0.0027760507,0.0009295480691720931,0.0003838685748785329,0.0030901909,93.6087035880066,337.213238443806,99.57381891915098,462.370887099152,95.38090917072189,328.187131628544,101.46884355312388,434.731425516722,132.69499403338136,387.122950953774,167.04563698836546,472.362350345764,471.6668293472744,1431.04452036219,487.8435201121471,1522.92293256271
Subj_06_Isokin_L_04kg_80bpm_EMG_data.csv,0,1.949951171875,1.949951171875,1.960205078125,0,0,0.002824660062702093,0.0006330309852031616,0.0042577744,0.0009379533764573268,0.00064172437499069,0.0021680833,0.0007228074926119163,0.0005828170090008029,0.0022493363,0.0010765934117455715,0.0004929411855176528,0.0024476051,0.0006265780650209339,0.0006088189190487113,0.0019909861,-0.0021339029856457326,0.0004120054411964723,0.0034944536,0.0011743854295040257,0.0006144234574098132,0.0034069063,0.0006924462510724639,0.0007773277022320971,0.0035382272,92.50474747994643,336.852959488089,106.89040171005244,370.637373549212,100.58419695458826,423.276139602371,115.1392459681498,405.811991310441,176.8731661309548,619.437345070421,224.58526459203046,726.934879441355,543.0089003512093,1630.83844335277,547.9169636248407,1722.58586927343
Subj_06_Isokin_L_04kg_St_EMG_data.csv,0,1.880126953125,1.8798828125,1.89013671875,0,0,0.0009120227954299516,0.0009644403168152462,0.0028864862,-0.0009529334780966183,0.0010170484558392515,0.0024796487,-0.0013476163042512076,0.0012537283397717205,0.0033722878,-0.001016183911589372,0.0012797974076461118,0.0029394152,-0.0029751522261884057,0.0008632130149596579,0.0040191654,-0.0055366084049951695,0.0007903923113702658,0.0072255139,-0.0012289907562801933,0.001185620596013094,0.0028541565,-0.0020554247841545895,0.0012483452126814557,0.0040377621,117.03054947920828,373.952031403214,102.52946792039212,371.640684332738,132.19050061991155,386.268709664533,118.84633679794929,358.823755291259,102.90416423441316,392.650068547729,120.14649829269337,468.796518228816,273.5657561319405,833.885056671022,260.35637489207653,866.231208875484
Subj_06_Isokin_R_02kg_40bpm_EMG_data.csv,0,1.85009765625,1.849853515625,1.860107421875,0,0,-0.0029087583215796522,0.0005682601971856897,0.0050728801,0.00104322642691834,0.0006141533811571153,0.0020616532,-0.0010437409574779119,0.0005130614920147007,0.0032183649,0.0007080873819839357,0.0005265925121665322,0.0018350602,-0.004338043647376171,0.0008531743601541812,0.0060667996,-0.00604114537042838,0.0013176439637605645,0.0084085464,-0.001961054149871486,0.0004320204184967197,0.0046214107,-0.0003528260141017403,0.0004646721077445834,0.0029488564,38.99796856127149,220.069394992949,34.53319450112398,214.987602602277,25.885988330379178,136.294105442036,28.26684566025118,125.987633401513,114.42909242737312,541.291069164029,148.17486808316318,1085.19381186798,166.01657741173656,525.275704861012,181.28078202851137,572.332222614723
Subj_06_Isokin_R_02kg_60bpm_EMG_data.csv,0,1.860107421875,1.85986328125,1.8701171875,0,0,-0.0031258114297139004,0.0007224483437881136,0.0061417581,0.0006100093743211876,0.0007964936076864047,0.0020181658,-0.0015916963712955465,0.0006688869421593315,0.0044777873,0.0001778181272226721,0.0006794115610670714,0.0028985024,-0.004200466090928475,0.0008897787968017495,0.0065729143,-0.005647630714825911,0.0011192078452910848,0.0080117229,-0.0027482646105560058,0.0007234061037563513,0.0063474658,-0.0007184640595762483,0.0009239583572168908,0.0047470094,36.66900628233822,159.841742261293,32.98724976214054,130.729659611165,27.35574339355282,124.498978779533,37.164923336043024,178.707075688425,162.45148158506794,595.950439797992,187.91976124944495,802.276168099442,221.25385304356732,632.703452730477,229.2517293656247,829.987440953182
Subj_06_Isokin_R_02kg_80bpm_EMG_data.csv,0,1.919921875,1.909912109375,1.920166015625,0,0,-0.00313065993699301,0.0008649630598560886,0.0059529305,0.0005103066360090824,0.0008700953047301861,0.0023408891,-0.0019493379477984062,0.0006510716442141586,0.0046566012,-0.00013994926025555406,0.000831841575525775,0.0030249597,-0.0029741254177106987,0.0014351520989769903,0.0057303431,-0.0034683257172031523,0.0018055803624855038,0.0070713046,-0.0029694173374961042,0.0008571268724434254,0.0065434459,-0.0009149875579048129,0.0007980614994629774,0.0047266963,37.43677493134936,153.741243833566,32.407445525553804,113.567996169963,22.551994281425447,98.1955309242571,33.75122016892966,198.777268337173,128.51648022198745,425.681193262967,177.28366885730594,988.11721655063,206.83184010262374,652.545867056709,207.3105870401136,721.582639060802
Subj_06_Isokin_R_02kg_St_EMG_data.csv,0,1.800048828125,1.7998046875,1.81005859375,0,0,-0.004678114749546876,0.0006383715047163438,0.0059806826,-0.0014818673634322916,0.0005126984053114235,0.002871895,-0.0024874961967864583,0.00043485816379328296,0.0035734179,-0.0003426845068541667,0.0005931279775191756,0.0019955635,-0.0060207396520468755,0.0010081616075876718,0.0078572277,-0.00936302595371875,0.001504742548223559,0.0119985584,-0.005214798923843751,0.00034131553304880103,0.0068970681,-0.0023898779495468755,0.0006003442424055755,0.0044114115,66.46137696021316,403.059054740681,48.45989094247577,287.905511767074,31.86052827835188,181.369637642639,49.16387889068445,297.597936506892,120.65164879847305,757.608528271756,178.70562288961264,1157.30674038063,136.08765065663522,735.095627196516,122.22858182041014,523.913452252688
Subj_06_Isokin_R_04kg_40bpm_EMG_data.csv,0,1.860107421875,1.85986328125,1.8701171875,0,0,-0.0017160576471073918,0.0008273180540516348,0.0039974214,0.001649377730962343,0.0008886551893229843,0.0030332566,-0.0006148533946666667,0.0009912259729446822,0.0030532838,0.0013169649335592747,0.0008936903592652071,0.0028693201,-0.004185323872270572,0.0008287147238856807,0.0066601755,-0.004897255221121339,0.0011917145831747834,0.007961655,-0.002006825023631799,0.0008045977395381278,0.0048686028,8.555486789679221e-05,0.0009714464375057276,0.0034475329,72.07585820752132,267.287268800253,54.021755084717924,203.989077058225,39.30393543068563,131.969253136859,75.52770411721973,325.472582272207,235.42694446741467,731.149352668732,275.4526813625812,1184.97132083922,329.4289399132227,946.179551713311,401.7418916712942,1173.6619326753
Subj_06_Isokin_R_04kg_60bpm_EMG_data.csv,0,1.880126953125,1.8798828125,1.89013671875,0,0,-0.006573966667747747,0.0031660743478414536,0.0107471468,-0.0034432551548978976,0.0032477577477457507,0.0077688219,-0.005872009594945946,0.0031148589128874183,0.0097538,-0.003440597615762763,0.003651429656213944,0.0082380297,-0.008530064780903903,0.003958032465663042,0.0134819988,-0.007656951924396397,0.00480609967732968,0.0133492472,-0.007723581130489489,0.003416083879933658,0.0124617582,-0.005322697520168168,0.0032920828961198545,0.0103202825,68.78924245444514,453.072653469608,53.37057957972764,344.545281440727,48.133378796911614,167.350017362145,47.82928868741107,247.420660482291,168.33431278847362,1016.34936690443,242.30217795177558,1597.7029510645,205.53648293651096,917.177116317667,211.54747993972055,1119.95816384519
Subj_06_Isokin_R_04kg_80bpm_EMG_data.csv,0,1.880126953125,1.8798828125,1.89013671875,0,0,-0.004594887157158372,0.00127292216125048,0.0083610537,-0.0015077964662413275,0.0013698248746448248,0.0054525379,-0.0038681360917254904,0.0012390604042413725,0.0076749804,-0.001632230321520362,0.0015549320485714056,0.0053106309,-0.007350198136171947,0.0017707306342635604,0.0114984512,-0.00803035055669985,0.0021466508270591438,0.0125719076,-0.005958562108663651,0.0013198625864267932,0.0099752434,-0.003771608313622926,0.001229626500937788,0.0072990418,64.72875987160873,763.459356460183,60.82516533968574,511.686968473787,38.998878752131716,272.505225100941,50.4469441266814,452.865233340421,215.40299820201787,1466.21558132771,252.4898982821921,1955.16155642589,244.72269763530446,1108.6195491534,265.7624265296289,1188.50880963715
Subj_06_Isokin_R_04kg_St_EMG_data.csv,0,1.900146484375,1.89990234375,1.91015625,0,0,-0.003181195376802168,0.0008036993699290716,0.0058384896,0.00025541672485636857,0.0008512947764351915,0.0023766519,-0.0019438274225365858,0.0008245425083912456,0.0046168328,-5.1902075620596216e-05,0.000747379102484255,0.0030919076,-0.004459160407821138,0.001038869022518886,0.0071491245,-0.004157445474113821,0.0018321052147483269,0.0078437813,-0.003337256414363144,0.0007671128939097509,0.006800652,-0.0008144062970840109,0.0006313573916084115,0.0048708916,45.51734349230315,225.576631856234,44.6334237890853,168.394926893895,35.88695144065334,128.906380328233,38.629300670860594,159.839864697069,121.24484649808944,641.55875377046,128.00194942547031,673.892634826801,172.9639515237624,493.031631849323,209.07712178697324,562.368014690587
Subj_06_MMH_Bim_L_02kg_Trial_1_EMG_data.csv,0,2.079833984375,2.06982421875,2.080078125,0,0,-0.0008459796908060125,0.0011957149566493512,0.0027769089,-0.0014876927887546158,0.0012807781462961464,0.0034970285,-0.004013156245682742,0.001363262019018562,0.0061715129,-0.005405865753537726,0.0010422991027877657,0.0072303773,-0.007693239047223154,0.001117326298394658,0.0094914436,-0.008443893264969603,0.0013601144384148625,0.0105746277,-0.003610915907914662,0.0016188782164718247,0.0059655192,-0.004200521366677856,0.0012571771417202,0.0061986926,68.20508079091877,271.911342638923,56.424708179159055,224.030115831717,31.037982868667637,227.604548113112,51.440576001546596,375.865090380014,87.67375139531929,531.323424464904,75.97970763708474,578.284776620934,102.56554950735601,793.252095948564,75.04612623959929,710.534773870365
Subj_06_MMH_Bim_L_02kg_Trial_2_EMG_data.csv,0,2.080078125,2.070068359375,2.080078125,0,0,-0.0005928323000247934,0.0006462368609456062,0.0021268846,-0.0006882503112975206,0.0007358534024310717,0.0022098543,-0.0030360289374380166,0.0010223834488682997,0.0049836161,-0.005014407022815428,0.0007329574701727381,0.0067265513,-0.006167405985143251,0.0005403305172478884,0.0076641086,-0.007037018432173555,0.0007209782073904226,0.0084019667,-0.003236203479157025,0.0007022007662476017,0.0049704555,-0.003709961006724518,0.0007365030951462996,0.0057214741,64.4114018303293,280.715141978221,55.49991782334162,271.673398778265,29.602251660689536,244.237848102426,46.29349877497965,279.549211099011,86.37360767256189,694.310829918196,78.81016673387941,493.392226268979,94.72908534243821,709.594088921254,86.42199150193407,588.106957293867
Subj_06_MMH_Bim_L_02kg_Trial_3_EMG_data.csv,0,2.06005859375,2.0498046875,2.06005859375,0,0,0.0023564321499314885,0.0005755464932951512,0.0037679675,0.0025841031636811593,0.0008166555405036725,0.004812527,0.0007941455091014493,0.0005980472353395819,0.0023054124,-0.0005824528139051384,0.0007643206573498246,0.0023291588,-0.0019010999797101449,0.0008987756284593784,0.0040122988,-0.0018244756626666666,0.000723965651127539,0.0038578035,0.00108557719172332,0.0009015482985909457,0.0049575809,0.0007130399398972332,0.0008112087848011986,0.0040054321,60.86183395874007,244.144849329251,49.21202061363483,301.11327129644,24.563056104338134,124.491459097904,39.285343249344464,192.705353628763,99.44889493208191,749.106110677526,78.78713033413398,536.903095889647,105.23243482903905,729.278922811081,89.18798631313037,713.76429035942
Subj_06_MMH_Bim_L_08kg_Trial_1_EMG_data.csv,0,1.97998046875,1.97998046875,1.990234375,0,0,0.00035935719848840045,0.0004616599254821367,0.0021411898,-0.0006661577275824175,0.0007016030654789961,0.001789856,-0.0021325809736971917,0.0007247865211594339,0.0035419466,-0.003623178814803418,0.000456745134562201,0.0051203729,-0.005340221168849816,0.0007130388824203331,0.0071923258,-0.006009888988827839,0.000562574840413963,0.0077390675,-0.0013266275058437117,0.001198262776767033,0.0031242373,-0.002248501583726496,0.001265280793753163,0.0041453363,168.2065698636612,791.046446494794,114.67877487729976,548.623806837988,71.36987376914885,300.975712543734,118.90457796895575,456.351303189274,132.02802047868096,657.346229257801,132.4518403857993,634.467277889194,199.12638170100115,860.639472381009,179.43383235214463,962.390855844187
Subj_06_MMH_Bim_L_08kg_Trial_2_EMG_data.csv,0,2.06005859375,2.059814453125,2.070068359375,0,0,-0.0012177862564285715,0.0010154008533587887,0.0182187092,-0.003066386056399471,0.0012855686557221584,0.0053003314,-0.0035837043556851854,0.0014749810537475641,0.00592804,-0.004601058637145502,0.0009314378133009067,0.0063992501,-0.006608309391568782,0.001196343671057226,0.0087987902,-0.007564270715060847,0.0013210011353193371,0.0099145891,-0.002769969625962963,0.0018549252989345684,0.0062536243,-0.003545541102838624,0.0016989634197800622,0.0066965106,173.75670646102668,6659.47402396041,116.09881171836528,415.775744033195,56.69667329291367,321.619404865957,116.66593299027292,458.081835296455,143.89648554892767,854.009228409769,143.29987524212802,582.293275914801,167.70551156374495,984.524253148059,155.16515274762227,914.297263403285
Subj_06_MMH_Bim_L_08kg_Trial_3_EMG_data.csv,0,2.030029296875,2.02978515625,2.0400390625,0,0,-0.0031274621406280193,0.00039558077292441954,0.0044826511,-0.004917577807483092,0.000634066903471678,0.0064364434,-0.006294675756913044,0.000545916716173288,0.0078383451,-0.006317789163442028,0.0004361097932135093,0.0079198843,-0.008225191106594202,0.0007514950736028437,0.0100513464,-0.010435992346669082,0.0007971180635549254,0.0123945242,-0.005943088884504831,0.0011156759822615752,0.0079590799,-0.006608942018833334,0.0011997572078454731,0.0090703014,158.7916837507803,658.873433443289,131.32949328482815,533.890188265338,71.55820425668097,325.085606703497,127.37181221213645,532.136088245088,185.26721825660343,1252.65801830446,167.9739801799582,1020.48400643193,195.56980945747605,1469.45121752017,171.8533494301746,1480.85248525051
Subj_06_MMH_Bim_L_12kg_Trial_1_EMG_data.csv,0,2.050048828125,2.0498046875,2.06005859375,0,0,-0.0034912431041988308,0.0007648854454537277,0.0051630023,-0.005812369838353217,0.0009042093052358712,0.007614613,-0.006251832447798831,0.001321841495006237,0.0087315561,-0.005960401806568421,0.0006581300016682364,0.0085538868,-0.008533090921370761,0.0007755354156081164,0.0099852569,-0.01090697449534269,0.0007166734721794745,0.0126903541,-0.005892348533873684,0.0013890916731274803,0.008881188,-0.006250208120839766,0.0013462162666364455,0.0090828901,281.1517167966174,944.386139097828,190.09230085410616,670.963354996978,117.83594405200132,435.727171084077,223.8256792975385,855.729817565636,239.63051850956893,1179.98692050586,245.29939547437425,925.07816068725,326.1522953950009,1249.85581861668,283.94500632248474,1107.13294565902
Subj_06_MMH_Bim_L_12kg_Trial_2_EMG_data.csv,0,1.9501953125,1.949951171875,1.960205078125,0,0,-0.006327521893523541,0.0005855587907662674,0.0078686718,-0.007728927299229761,0.0007277565547951216,0.0092488294,-0.007244549671525356,0.0006645807945744203,0.0089693069,-0.007047650219292268,0.0005752794033151885,0.0085350042,-0.01022926184847666,0.0005631942748655332,0.0114658363,-0.013945276057477569,0.0005035532440955472,0.0150858881,-0.007344955535424942,0.0010034775338406642,0.0092542656,-0.007196668861242061,0.001068584394170983,0.0092940331,194.3546525738739,971.396481330163,139.89440906587024,613.073062982607,92.18915500261812,442.251483305477,141.98542300856082,505.644262984759,190.58253971583832,1131.11034352743,195.88266317955296,994.310517256033,218.23355222316076,846.618767995339,194.3358033501998,1009.76872366895
Subj_06_MMH_Bim_L_12kg_Trial_3_EMG_data.csv,0,2.10986328125,2.099853515625,2.110107421875,0,0,-0.004747566788001479,0.0010602394058366303,0.0063380245,-0.006549766189336292,0.0013339517967497737,0.0081144338,-0.006174421228674431,0.001227215163791706,0.0077230455,-0.005300723420624885,0.0009550708614456256,0.0067906384,-0.008846464057463489,0.0009309167178928981,0.0098839765,-0.012341528273765945,0.0009723461383995926,0.0137775429,-0.005470657774657052,0.0015695192833962057,0.0074440958,-0.005578795346877426,0.0016873833671600367,0.0075422288,150.82196932003092,632.557062634291,132.2779627409272,541.802041340412,69.57012453602938,282.694693112424,130.21168162118147,532.955993079239,193.82647255252184,1471.98583535336,182.57179256357483,1065.07766430308,214.50145646131458,1261.22301217304,199.0014589948415,1235.28595222805
Subj_06_MMH_Bim_R_02kg_Trial_1_EMG_data.csv,0,2.02001953125,2.009765625,2.02001953125,0,0,0.0009158652203594995,0.0007395350867524432,0.0023291588,0.002249774974714448,0.0006277356271732256,0.0042257309,-0.0028718435261365187,0.0009005715616133221,0.0048912051,-0.0014857928008805462,0.0008553898657545036,0.0034295083,-0.0037114371893765636,0.000532697645199609,0.005053997,-0.005175607984971559,0.0008402324556466915,0.0071662907,-0.00431775047839363,0.0011795421485185276,0.0066143991,-0.0014822166911035266,0.0011278021903927704,0.0176699646,55.137962875179674,273.673640023157,40.91961867178711,229.400959228588,37.22155283279572,280.168944281073,55.067871794714144,278.88061193492,72.7628960774813,652.888857565805,126.52319192194943,1125.01367974823,105.37293689914749,883.679774022936,119.36233720844052,5996.51923078465
Subj_06_MMH_Bim_R_02kg_Trial_2_EMG_data.csv,0,2.070068359375,2.06982421875,2.080078125,0,0,0.0017113027089182312,0.000424830159992193,0.0032730105,0.0018628060936962624,0.0004922757106086499,0.0031745911,-0.002411232486269521,0.0005892504224524885,0.0037319185,-0.0009081867440208809,0.0005159709458743847,0.0020788193,-0.0034495714973328652,0.0004402226724687595,0.0042059901,-0.004678079154724513,0.0003384401440032044,0.0053861621,-0.0051692977733067205,0.00052950230372868,0.0062673572,-0.0014744335244428846,0.0005426705106478176,0.0024767877,83.64509293285923,542.56256992016,55.118966216692826,356.472032465877,63.45185052504708,433.279881280524,78.29582419124893,513.801598181315,70.25656800151258,400.713731759989,83.53582007760781,475.667826288666,89.00937765405267,601.718907973342,96.8922990739532,643.877156198702
Subj_06_MMH_Bim_R_02kg_Trial_3_EMG_data.csv,0,2.0400390625,2.030029296875,2.0400390625,0,0,0.0013952741827053623,0.0003961670425789421,0.0026744844,0.00354300416194806,0.0005315547713216126,0.0049198153,-0.0007964774012984991,0.00047280749009373063,0.0016954422,0.0012219510835554588,0.0004654830998273474,0.0027711869,-0.002446404446699259,0.0004795483819262662,0.003411484,-0.0025616877839415835,0.0005857483236776729,0.0034861567,-0.0019319740507597934,0.000754683113489753,0.0028830529,0.0002586781427601669,0.0007520867919732707,0.0039662365,61.867849807436194,311.558495240346,41.39674583045753,196.244724752205,31.477572676563,154.259714923419,57.67695458896243,351.975633777784,69.21082373464638,344.518579023062,75.34224455085437,525.083912059232,83.18945266027201,449.314264277431,95.09413991752109,687.331141376814
Subj_06_MMH_Bim_R_08kg_Trial_1_EMG_data.csv,0,2.06005859375,2.0498046875,2.06005859375,0,0,0.0002351002196884953,0.00032193900819631394,0.001429081,0.0026692381223491026,0.00035851055494027107,0.0035099031,-0.0026638464199526136,0.0003405289654785192,0.004332161,-0.00047977974423988196,0.00030300778085796644,0.0027551651,-0.0033309356843898084,0.000202817637317955,0.0040045739,-0.0055206659561329915,0.0003500866219262879,0.006437588,-0.00493688084820943,0.0008715771003947744,0.0061065676,-0.001285007699211528,0.0011973193294611533,0.0033619881,118.64283105233937,526.43201299657,106.10909224628566,503.967804448073,84.4354274315747,389.882046920076,137.70273515639684,642.153283984548,117.40401162151927,420.293162423376,124.61564779781325,421.046819609104,144.9296630602253,638.619042256956,143.8724255103042,584.278909853598
Subj_06_MMH_Bim_R_08kg_Trial_2_EMG_data.csv,0,2.0400390625,2.039794921875,2.050048828125,0,0,-0.0016204384214007783,0.000943249751119308,0.003028393,0.00039194116801037615,0.0004803415039341127,0.0016960144,-0.003981984808835279,0.0008114140024478517,0.00573349,-0.0024123547788741893,0.0007381175846899256,0.0040486339,-0.004940192442046692,0.0005255045616163515,0.0059025767,-0.006698926220461737,0.0007442435950179278,0.0079553612,-0.006709308451315176,0.0012734985668860154,0.009004212,-0.0032071484496887155,0.001389142142693308,0.0054313662,123.47935745762655,480.487548293011,88.83487750348887,342.037303447167,68.95468900006986,355.195402478328,129.3705821617334,495.221020118503,138.0543460550325,579.565601653713,147.85073279416412,639.453007626743,180.4341979373014,1027.13401569794,164.15682421491752,1140.65321447115
Subj_06_MMH_Bim_R_08kg_Trial_3_EMG_data.csv,0,2.110107421875,2.10986328125,2.1201171875,0,0,-0.0018591764925140562,0.0003911148651620049,0.0032813074,-0.0002512467957804551,0.00038317391114877676,0.0184587482,-0.004406242860886212,0.0005508139797852039,0.0061466219,-0.0022822924879919676,0.00048010139408272417,0.004194546,-0.004334191517917001,0.00036570345002969986,0.0052004815,-0.007176079535402945,0.0004069072003254872,0.0084820753,-0.007638105908026774,0.0010290697987676612,0.0099254614,-0.004057533652870147,0.0013112137604912074,0.0067731859,100.84656096733738,395.915483158356,362.1561266580282,4628.90627117501,63.736780191471425,253.855738517958,101.75216225012808,426.283651554373,134.21499493770344,528.434150987245,141.60384932600275,553.953473146083,150.89142155049103,1011.07467558386,131.78660142783517,858.037366847227
Subj_06_MMH_Bim_R_12kg_Trial_1_EMG_data.csv,0,2.050048828125,2.0498046875,2.06005859375,0,0,-0.0018761475292159624,0.0005493781931622616,0.0029228211,0.00044645087597652584,0.00038431203849271963,0.0015538216,-0.003496897390016432,0.00044560056589946443,0.0055220607,-0.0024262197082934272,0.0004483169689544336,0.0051072123,-0.00442619198521831,0.00022834939638996277,0.0053423885,-0.007645066958392019,0.00029732880075936064,0.0087344171,-0.007306674694018781,0.0008455583237350856,0.0096187592,-0.0040191632725,0.0011048090294082501,0.0069519999,199.68693260901864,679.591100349123,142.59639131288117,524.039607527274,126.58576029001227,499.601713742462,201.10079694441248,922.997734947786,205.86111841883172,804.227873072161,211.59140151855232,770.705596423205,258.308706405535,1183.29446189172,229.10412097696064,882.239910150956
Subj_06_MMH_Bim_R_12kg_Trial_2_EMG_data.csv,0,2.10009765625,2.099853515625,2.110107421875,0,0,-0.0034762642774098765,0.0003450688219744004,0.0044240002,-0.0007006095968772366,0.00031722737230276767,0.002410698,-0.0033187947658906846,0.0003731178613019838,0.0051818849,-0.003183592939300109,0.00033123371170273034,0.0052431109,-0.005182773328805515,0.0002454875594794242,0.0063174251,-0.009231005499517837,0.00038266984802173934,0.010620404,-0.007464264003827175,0.000692985503186441,0.0096027376,-0.004544175230918748,0.000825088594502704,0.0071073533,136.40479736727914,630.678654896641,103.96903971549045,430.386915523659,78.37295682060788,275.735240963409,131.29630123017589,558.838654712088,161.40296885310056,687.805719746906,171.71151489396752,709.073235904375,204.45176128641083,906.519573876022,193.59313529751708,969.451591450002
Subj_06_MMH_Bim_R_12kg_Trial_3_EMG_data.csv,0,2.02001953125,2.009765625,2.02001953125,0,0,-0.0021255071162699386,0.000671731009805346,0.003352833,-0.00020115363505112473,0.0005253189515673654,0.001630497,-0.001982818821390593,0.0004434781201947905,0.0032492639,-0.0017372510339713702,0.00050978563137592,0.0033943178,-0.004880799928717791,0.00041208455016165056,0.0058633806,-0.008839888061525563,0.0011501949670852116,0.0116128922,-0.006142022496026585,0.0009316626623630881,0.0083144195,-0.0033752682006707563,0.0012325503793885614,0.0056118965,144.98981205271718,553.536115542441,112.10679513240288,391.080062383951,94.27917488962618,344.953773759188,142.5643335766876,617.357149206624,170.28212639275003,699.73587716895,185.6936459276773,894.903696722414,203.9299142546284,749.089940171451,202.06117260649984,647.957832294136
Subj_06_MMH_One_L_02kg_Trial_1_EMG_data.csv,0,1.929931640625,1.919921875,1.93017578125,0,0,-0.006300292900066421,0.0008510901400273615,0.0077825547,-0.0055436377406543665,0.002493201237224266,0.0088053709,-0.006532646287468634,0.0007018601728120557,0.0078781135,-0.005368703670794588,0.0010795693344965857,0.0071934704,-0.009076340906154981,0.0014443300003897247,0.0114993099,-0.013617173520292744,0.0010672599564258598,0.0156715401,-0.005193437679665436,0.002566304322586968,0.0085870745,-0.0041965700254784745,0.003766622951283892,0.0099915508,111.63883630992822,537.072854975239,225.812505110188,2013.38981769346,104.69394068764282,460.569987700729,137.3359970991458,1069.7217214121,101.43461631534734,866.994266055569,159.80897679040177,1577.50143387362,245.96823901720467,2101.03293194608,334.2135792184519,2686.80115891117
Subj_06_MMH_One_L_02kg_Trial_2_EMG_data.csv,0,1.949951171875,1.93994140625,1.9501953125,0,0,-0.006177376811423221,0.0006928378267230714,0.010318852,-0.005143448888334581,0.0011920429213930067,0.0067176824,-0.00579285933894382,0.0005130566343717135,0.0069056512,-0.004745056679585518,0.0007875941331349788,0.0060742381,-0.008590544849548064,0.0011627998164090688,0.0100833895,-0.013535237906786516,0.0007519759670799157,0.0147708897,-0.0046674218060499375,0.0024416110747089723,0.0166279804,-0.003054578761598002,0.003059480553047161,0.0091012008,87.64048844860108,1094.84882239096,166.4471643215389,1313.80842265496,60.16831613448894,316.989467827113,83.91278506810548,694.145635698722,133.36942611198901,1231.03719306413,99.60140528107384,918.237064312347,324.3362766499592,7824.37937372462,431.82156860097405,3853.01109997898
Subj_06_MMH_One_L_02kg_Trial_3_EMG_data.csv,0,1.800048828125,1.7998046875,1.81005859375,0,0,-0.0021114083665868546,0.0009028501196408493,0.0040981295,-0.0013106707407676056,0.000949930170615317,0.0029457093,-0.002415191760600939,0.0008842540975023415,0.0042792321,-0.0018165282209319249,0.0009335625073612759,0.0036724091,-0.006184319070551643,0.0011255388278429384,0.0084234243,-0.010189481875387324,0.0011797385451464977,0.0136001594,-0.0012458007693004695,0.0016930152277117563,0.0059243203,0.00010398083419014078,0.002035601935934573,0.0104510309,88.91289874469537,435.29501352115,164.80763989854674,1086.89963502709,76.86348657725827,489.789314039218,113.75491002733705,964.003128888402,134.2143175416256,867.509630889634,123.78531057039008,772.964915028578,249.17806888272546,2182.14908851185,249.17635356756136,2678.52091447686
Subj_06_MMH_One_L_04kg_Trial_1_EMG_data.csv,0,1.840087890625,1.83984375,1.85009765625,0,0,-0.002946979091903485,0.0007333022031296161,0.0040672305,-0.003064563162211158,0.0016022363094042617,0.0051074983,-0.002923471139959147,0.0006396101801652244,0.0040695192,-0.0018863238541886888,0.0010474558470526306,0.0033808709,-0.007834307404192518,0.0013010952959203353,0.0097120292,-0.012615465839617004,0.0009702145211189971,0.0138705261,-0.0022526145327384146,0.002075441280453015,0.0075385096,-0.0008494996749265925,0.0032247161568665895,0.0137220388,93.95867224548671,367.846918081571,199.47539231113296,2886.13040625406,89.70096933306407,519.59471306075,152.86394334593436,959.905961342854,143.35627889344758,1125.99860272045,140.87065314065634,855.62914090726,334.29094157926096,4013.97749918264,340.94904369583645,5615.96961569816
Subj_06_MMH_One_L_04kg_Trial_2_EMG_data.csv,0,1.830078125,1.829833984375,1.840087890625,0,0,-0.0033146833209328707,0.000594012270360052,0.0045172693,-0.0034870859227175924,0.0010582859048804886,0.0048677446,-0.003223344840497685,0.0006028585898922446,0.0048122406,-0.002211749801701389,0.0008477084145889457,0.0037768364,-0.007522724205057871,0.001175945010707482,0.0093961721,-0.012749917386335649,0.00084744904010719,0.0144332889,-0.002162950848511574,0.002089248330515542,0.0074169161,-0.0006732263693634261,0.002716075514013219,0.0114249233,89.6497365659136,563.48179213011,158.3435227335663,975.404785242786,91.84166204068912,435.999684126946,133.761544693182,1883.29276317087,115.90926274333998,471.941302632633,202.7958799975024,2445.83744871398,313.52658080000043,2414.53651285956,309.11979250193457,3005.45636913406
Subj_06_MMH_One_L_04kg_Trial_3_EMG_data.csv,0,1.81982421875,1.809814453125,1.820068359375,0,0,-0.003709147205942604,0.0006167149924774019,0.0049421312,-0.003185708241768212,0.0012381722540612218,0.0047667506,-0.0033566600947637975,0.0004866144715319358,0.0044651986,-0.0026071298557350992,0.0009797705864690238,0.0041573527,-0.00805850272410596,0.0009895794932861704,0.0094244964,-0.013293627957770419,0.001038275591134147,0.0147562986,-0.0021500915275805737,0.0022544484830306303,0.0071660043,-0.00080440246,0.0033130999911933547,0.0122540481,88.35796156215818,528.061814943197,160.83035794264546,1360.1450273961,85.46205267311068,445.937490007312,123.11743825496215,1090.87948702358,128.78648520596303,904.953575968074,159.63618802759737,1058.27855710897,269.8172032332532,3311.17772613666,336.26004930323927,3439.43529264397
Subj_06_MMH_One_R_02kg_Trial_1_EMG_data.csv,0,1.889892578125,1.889892578125,1.89990234375,0,0,-0.0009307522674911735,0.0006864719675928799,0.002598095,0.000609154031364486,0.0010485036604311261,0.0029434205,-0.0016009036494600208,0.001131460043634253,0.0044795037,-9.284544496573206e-05,0.001216682461715883,0.0059228898,-0.004184530232932503,0.000514596097471927,0.0055483822,-0.007352659302139149,0.0007983683830564846,0.009001351,-0.004203261165129803,0.001777090812401674,0.0070441249,-0.001110928050766355,0.0018716940624667847,0.0080297478,67.10614225287958,438.797060363809,80.67590758933713,391.721364112911,52.24399653260116,345.260242877308,60.717600373806675,529.779434803767,103.74213361667141,653.12137182286,143.1622970324157,1008.18605860339,174.0393025944953,1627.48847924298,226.78781827593298,1966.38241517721
Subj_06_MMH_One_R_02kg_Trial_2_EMG_data.csv,0,1.93994140625,1.929931640625,1.940185546875,0,0,-0.0040850376172762645,0.0005428382087578315,0.0055140499,-0.002051136993463035,0.0004997410329953843,0.0035631182,-0.004131201919437094,0.0006003882265835492,0.0059789661,-0.002854936355242542,0.000933791341804413,0.004314709,-0.00573676502302205,0.0007522441010381364,0.0088974955,-0.009435827462962388,0.0011415104314292566,0.0134665491,-0.007034986408389105,0.00129820355776587,0.0090934755,-0.003956908587753567,0.0013332947846160655,0.0058928491,73.76379034086149,657.443456592508,64.73676491797764,364.389304707563,48.61337620950864,331.157911626964,72.53091197842845,529.760155848004,151.97684973113005,1114.67052503201,346.74964191737985,2405.11452354761,194.44645566278757,1550.44054239314,187.86122327394236,1941.0737452982
Subj_06_MMH_One_R_02kg_Trial_3_EMG_data.csv,0,1.9599609375,1.949951171875,1.960205078125,0,0,-0.004237345039573644,0.0005394782077529314,0.0062959674,-0.0023125009674418604,0.0005944561369777773,0.0047158245,-0.004013724728527132,0.0005417794702819814,0.0063197138,-0.0030438586019509045,0.0007536139647257462,0.0051618577,-0.006666666966542637,0.0004682748461400731,0.0082002645,-0.010300940549754523,0.0007943466508523777,0.0133286482,-0.005949198640940568,0.0016000884698010782,0.0080566406,-0.003176562859023256,0.0017351243053492218,0.005869389,75.47706163884445,578.518424000666,72.45272480534967,536.446553530401,50.99653437040784,378.471994382948,62.41480289696691,425.346745682757,139.0995497335513,1228.83625974016,165.11630016651634,1066.67739775099,149.02586510840493,1046.19836657724,137.90867474811563,1293.89894408694
Subj_06_MMH_One_R_04kg_Trial_1_EMG_data.csv,0,1.8798828125,1.869873046875,1.880126953125,0,0,-0.0029892912151957295,0.0005458818944379482,0.0047475817,-0.0010474186793831552,0.0006884013232534962,0.0029614449,-0.002228296236137604,0.0005108316114923655,0.0042002681,-0.0013920442225029655,0.0005931834254609918,0.0032461167,-0.006145204622320286,0.0004709423847614505,0.0077573778,-0.010876494704704625,0.0006071768351923433,0.0128937727,-0.004203147085091341,0.0010277244215588682,0.0065380097,-0.001734096001520759,0.00118642834321316,0.0047438624,96.22104158279173,357.659866603011,68.68751265013601,381.326273324719,46.76400417607472,218.014732617654,81.06504381575407,371.842830156285,202.39234379505115,941.46738640363,212.80988403361962,1026.19559521378,292.25158475586903,1752.98314074526,309.6182886587061,1859.95505001943
Subj_06_MMH_One_R_04kg_Trial_2_EMG_data.csv,0,1.830078125,1.829833984375,1.840087890625,0,0,-0.0031850301532104666,0.0009999132737063602,0.0060015679,-0.001430630993535836,0.0011703570154048058,0.0045381547,-0.0023273973277201363,0.001078976390523432,0.0056241993,-0.0012506852471262798,0.000668894233797981,0.0038240433,-0.006844843840352674,0.0010100857426131283,0.0098027233,-0.012437011611003412,0.0010477249641040645,0.0151385311,-0.0044244211258156994,0.0010014640493490904,0.0069182399,-0.0018334716261569966,0.0011722877139470338,0.0042892457,109.27312111353102,802.313008136007,76.24021701967817,520.855163196475,51.25878125139524,402.100766738651,104.72655674783684,706.102696457866,189.38559465135634,1634.42571743447,226.47427793862974,1826.99212749648,296.838211039829,1274.59486405853,299.8781397192507,1859.04537234465
Subj_06_MMH_One_R_04kg_Trial_3_EMG_data.csv,0,1.869873046875,1.85986328125,1.8701171875,0,0,-0.003004296570361842,0.0006210721405660102,0.0048294067,-0.0010100640982785088,0.0007097217432618225,0.0184982307,-0.0023054785648771933,0.0006245860972171084,0.0040666582,-0.0014217887731074559,0.0005415549692027859,0.0030412676,-0.007212231746186404,0.0004796882396348099,0.0084514618,-0.012945209882916664,0.0008566621079577195,0.0146787651,-0.004311961203804825,0.001251009473760206,0.0067852023,-0.0018032210343421054,0.0011792158545323125,0.0047756196,88.39912160329779,366.538153036514,71.80733502366424,4743.51286007029,40.94813091652817,190.519016536208,71.63708749859796,262.107686365087,188.57216193679147,1132.4895903102,200.39562669922762,1191.09241561714,249.08816726430476,1629.56949225793,257.9512039175734,1472.78204955223
Subj_06_MVC_All_L_EMG_data.csv,0,1.969970703125,1.969970703125,1.980224609375,0,0,0.004917832163418259,0.0001489976954848084,0.0061225896,0.0038928706674012745,0.00019473310187837593,0.0047595981,0.0038959133216263267,0.00017342723813668483,0.0053524021,0.003710516801104034,0.0001833549542083056,0.0049238205,0.0014435449512399151,0.0002102158588537596,0.0024805069,-0.000832680052564756,0.0002126964156199798,0.0012176514,0.004014474832828026,0.0008004869019908752,0.0067399982,0.004653279686942675,0.0008379378062957061,0.007396603,,,,,,,,,,,,,,,,
Subj_06_MVC_All_R_EMG_data.csv,0,1.97998046875,1.969970703125,1.980224609375,0,0,0.002596590607741176,0.00018487668076249048,0.0030610086,0.005405164558843137,0.0003065864016306706,0.0057912827,0.003319714082666667,0.00029719431545064746,0.004575348,0.0047552624611215686,0.00024684057613415684,0.0055340771,-0.0027247742197725492,0.0002177253586421479,0.0031605721,-0.004624899275431372,0.0002498052434578238,0.0051532746,0.0011965824057372548,0.0005196538185092237,0.0030767443,0.003959441657905883,0.000657244817950825,0.0061923983,,,,,,,,,,,,,,,,
Subj_07_Isokin_L_02kg_40bpm_EMG_data.csv,0,1.920166015625,1.919921875,1.93017578125,0,0,-0.01913023600848035,0.002811657013369549,0.0329973251,-0.02098914555282387,0.009528366293941807,0.0397012718,-0.03473842401374964,0.002195686065930372,0.0425986312,-0.09290257258957496,0.004098589841458089,0.0999103561,-0.022091366103129548,0.002712674320708404,0.0346175209,-0.006810150976267831,0.002026006817796175,0.0168725979,0.004677997420902475,0.0012212366743167237,0.0074875834,0.003995226010969432,0.0011922100796665962,0.0061675073,489.6042692879263,6046.40155414303,296.18665099674257,5383.88761938802,100.67782913301959,1473.89183282493,392.8440512656044,4797.60618430594,115.17092918887712,765.260084670545,103.06709994529314,1110.37415217213,148.73211943863302,608.001128846193,120.32524178579582,452.127566244943
Subj_07_Isokin_L_02kg_60bpm_EMG_data.csv,0,1.909912109375,1.89990234375,1.91015625,0,0,-0.012134030902185351,0.0020336810621968517,0.0200634971,-0.027861838108819134,0.005405532767733974,0.0506652854,-0.02629961864813154,0.002766191302598715,0.0340158492,-0.07715924154640956,0.008257938394773082,0.1016066596,-0.01684040414278027,0.0018671845702126683,0.0341674834,-0.006764100057186846,0.0014064186028619578,0.0090871817,0.002794758257443946,0.002230561352014453,0.0101263048,0.0019497616205710016,0.0021141867057756086,0.0085536009,260.4219090658662,1721.55950319975,491.4766466781465,5836.74171688886,215.14315959146492,1765.73608962958,589.277571585814,4271.04122436843,106.49907812849423,2849.82394904531,93.11016962524184,810.549790540534,154.44386416836082,841.978200625886,134.13391129499897,1025.141763697
Subj_07_Isokin_L_02kg_80bpm_EMG_data.csv,0,1.929931640625,1.929931640625,1.940185546875,0,0,-0.011529087500772587,0.002161800584514494,0.0252044685,-0.021989341152872273,0.0032269997035685146,0.0348999053,-0.021952138346919,0.0020544809676073974,0.0382693298,-0.06663272323178504,0.00798574288665741,0.1151195541,-0.013828482983638628,0.0013713189934656167,0.0298742298,-0.007593836506968848,0.0017812276366695632,0.0138513567,0.0009151051710467291,0.0022116438199922786,0.0150853163,-0.00017540953943613708,0.0022221762163900263,0.01434517,258.6505506603225,1544.14129809419,248.39433201254062,1779.20454844388,217.63107763221305,3702.34430213804,502.42904322263223,9904.61804502369,94.1464165284035,2276.23668587306,233.3798623113638,1652.66142812153,203.80698262177143,1529.08085553466,308.22610145196876,3557.14425214319
Subj_07_Isokin_L_02kg_St_EMG_data.csv,0,1.9501953125,1.949951171875,1.960205078125,0,0,-0.015207330508643875,0.0017145458786669398,0.0194881447,-0.00990261360899715,0.0013968507512648425,0.0131695755,-0.021727032679498576,0.005402938849460572,0.0320969597,-0.08415702235378918,0.002407744141130713,0.0888127387,-0.019703588223988603,0.0037231324990840797,0.0270060543,-0.007162266953293447,0.003337120817798494,0.0129077919,0.003959077056871795,0.0017268031307767387,0.0057226182,0.0024796750647521366,0.0018847297845397074,0.0047309878,110.339730658748,518.723795385916,154.79693378207452,1004.68690198359,97.72310794722272,516.620381990308,160.12200342935762,1100.62362446977,158.63765586242735,1023.35718525192,193.131164987497,1235.87448757808,137.4609904012798,742.1245396713,160.84309597902023,922.311227202869
Subj_07_Isokin_L_04kg_40bpm_EMG_data.csv,0,1.989990234375,1.989990234375,2.0,0,0,-0.006949042001669617,0.00223543150163934,0.0134794237,-0.008615105566094395,0.002531581933392146,0.0144999512,-0.012021789937943953,0.0024375165567381177,0.0190120712,-0.01516113916800295,0.0026325275973206105,0.0229946151,-0.013103984805112094,0.0027048760308352685,0.020377351,-0.015974356504138643,0.002698940725147868,0.0234807022,-0.008857162174699115,0.0021019824166900367,0.0140430452,-0.011409961765849555,0.002312855935734196,0.0173661243,199.57375752459635,1514.63294929275,149.79474323782907,999.328013212644,217.48820346123372,1518.90742855392,195.45967655932762,4499.03461277176,106.07544643996145,708.852621431544,160.36901350908352,4306.07899464028,174.9684613543642,658.804078719268,148.5382345755422,747.763159754901
Subj_07_Isokin_L_04kg_60bpm_EMG_data.csv,0,1.9599609375,1.949951171875,1.960205078125,0,0,-0.008901581902955357,0.001985347967457981,0.0204314236,-0.010339326981869047,0.0016726828568810696,0.0200325977,-0.013939172112095239,0.0019996051716837607,0.0256436355,-0.016769645284619047,0.00224784478130551,0.0344132446,-0.015503881160547621,0.0020106763139915123,0.02734337,-0.01804976642874107,0.002133220547619178,0.0362474471,-0.011005880246104166,0.0013396655805352053,0.0200291649,-0.013375159044235118,0.0017333246236889142,0.0236223228,252.64509481192434,2558.60436575397,223.20746992308884,2631.39882445968,277.64199054859654,2837.61850729741,388.4393727999809,4263.50157405116,131.58183379424779,1292.92563978104,276.6396451609159,4235.87430194842,224.73279169441335,1325.25639907841,192.697017921848,1594.41539719255
Subj_07_Isokin_L_04kg_80bpm_EMG_data.csv,0,1.93994140625,1.93994140625,1.9501953125,0,0,-0.009452523728146893,0.0013624335369692995,0.0124503141,-0.01434468054491243,0.0029383293542774302,0.0344092399,-0.012482927312926552,0.0013016998621362852,0.020907212,-0.05563519605335876,0.001738750039979398,0.0682431236,-0.006424878154242938,0.0011439816549430476,0.0110578537,-0.0025693340634717517,0.000741108376755746,0.0059231762,0.0057206817929406776,0.0005648030601113303,0.0084271431,0.0041830028510225995,0.0004021092367726962,0.0053386688,112.79646039245297,583.256764920553,361.6418366657741,2551.98145875548,179.9338707071044,1195.6830620269,224.81102262808503,1699.93575912361,74.47865393438725,675.863831824176,91.85026352128904,759.576978444818,152.77890803696113,553.913543642619,128.6426070307599,456.677525973672
Subj_07_Isokin_L_04kg_St_EMG_data.csv,0,1.97998046875,1.969970703125,1.980224609375,0,0,-0.0066987123346133725,0.0017392959259588214,0.0141952522,-0.007835286506932092,0.0016780469295792982,0.0149408346,-0.012132806393857906,0.0017992277961231082,0.0197187439,-0.015425063909490425,0.0019907345028695243,0.0237456337,-0.012580060735173171,0.002149626674572225,0.0206242576,-0.015576075003981376,0.0019074385796406627,0.0236317646,-0.00831833362735168,0.001418267758666185,0.013996697,-0.011227436580297167,0.001791018739210393,0.0182407387,135.41731516538286,789.390332619633,135.6990884931295,803.808619846761,149.67526988497985,1043.80817319292,139.82842715245522,944.755355772816,83.79579720404492,418.455188150516,108.38379604142817,573.3023879785,167.29387476492897,487.700565720435,138.38506665254613,505.200378180729
Subj_07_Isokin_R_02kg_40bpm_EMG_data.csv,0,1.9599609375,1.9599609375,1.97021484375,0,0,-0.04783577646416209,0.007505137914396554,0.0732333213,-0.030628311247048366,0.011847694330841377,0.0722574294,-0.0022634789452418303,0.008125323093214036,0.0328505524,-0.014259473403877124,0.004932477348700193,0.0351771377,-0.0064238686698169945,0.01151012263316961,0.0741602927,-0.07078870738001569,0.019830107831670586,0.1507304311,-0.014643030804133334,0.0036459854121264866,0.0330714248,-0.015126240090091503,0.0020092249291633396,0.0226006508,305.93946040852046,2643.17078241734,428.94872390601324,3870.52249581062,1337.2157445508362,13498.1392886479,1063.452132767553,9489.8619382816,1581.8023650522553,10862.7143048946,981.5932263111267,9734.86914638416,197.42604061014842,3483.51873334636,226.8131039100526,1582.91622596985
Subj_07_Isokin_R_02kg_60bpm_EMG_data.csv,0,1.900146484375,1.89990234375,1.91015625,0,0,-0.06539899488015062,0.006738961420752262,0.0777331367,-0.03642776593499861,0.013060805795875294,0.0789319053,0.006850039313177126,0.0026855857036013646,0.0144679071,-0.014732813558119942,0.0035121341873175574,0.0271579754,0.006468877986931659,0.004409562993475964,0.0188970566,-0.06029163117651325,0.003849933180901284,0.0718849227,-0.010404733501344491,0.0023598097693997085,0.0160062797,-0.08254093220888704,0.006265970281875396,0.1130001098,504.18786395518987,4263.6888319315,395.36963536965106,3681.27471943922,174.53750715365686,1679.91262730738,439.3772716418532,5512.48332305132,227.5040410869678,1763.3953871648,96.76090880737252,979.612667010325,159.1113432741116,911.859148510993,762.4153734164571,8732.2438539786
Subj_07_Isokin_R_02kg_80bpm_EMG_data.csv,0,1.949951171875,1.93994140625,1.9501953125,0,0,-0.03206555010647322,0.0018518893898249462,0.035419751,-0.06467437105525595,0.0044532813552403076,0.0916946456,0.00692723261903869,0.0011029025665485817,0.0111436844,-0.013188218564008928,0.001706752585268972,0.0169100761,0.010302503514306548,0.0028379769086110543,0.0149505623,-0.05942859151878274,0.002839967430336284,0.0693992674,-0.007949103096303572,0.0017219793996105376,0.012869454,-0.06953772105941666,0.006702407355604283,0.0949699432,173.43661194979396,1145.59653478865,103.33694159235738,611.7434001201,170.33667324644506,1664.85495522531,169.10954070426524,1926.13668114471,174.64991492073253,1395.19137553805,99.93059808365437,1189.15695146351,166.87264166766536,542.268310899371,275.9181322289659,4826.62662052896
Subj_07_Isokin_R_02kg_St_EMG_data.csv,0,1.909912109375,1.909912109375,1.920166015625,0,0,-0.00877059908849359,0.0019186440106470871,0.0139157297,-0.03309691207354487,0.010275729713474822,0.0586984642,-0.01430938831477564,0.00503508093663952,0.035299018,-0.014405157307634614,0.008087910523499149,0.0237110145,-0.00822174515878205,0.006318793329805959,0.044713214,-0.07683503316255128,0.02328880892195323,0.1222083122,0.0009819536628012822,0.0028577728198720823,0.016187096,-0.010924844001551281,0.0036472814385522345,0.0159479156,88.79437354683178,433.766217542201,282.9685603838227,1896.52441098536,1274.5021353072025,8570.3945516507,281.2906311580382,1823.60476619463,229.46707541128725,1556.82881554044,629.2389441468389,4237.65192022618,183.5412467979706,1034.73126947023,121.23867758944566,662.551125822733
Subj_07_Isokin_R_04kg_40bpm_EMG_data.csv,0,1.949951171875,1.949951171875,1.960205078125,0,0,-0.04998896475543634,0.005375823830587622,0.0626066253,-0.0241135412183176,0.0017486552962135589,0.0289967544,0.01131561151179113,0.0020099802088926607,0.0153202061,-0.009169343924892702,0.0018254024128134274,0.0137045868,0.012904643098898428,0.0026245340521356547,0.017302895,-0.06401980417234335,0.0022865583873701205,0.0735031143,-0.005220444478088698,0.0029695525239157713,0.0107620247,-0.049513206906354794,0.003916222777127831,0.058481887,133.5342700623914,1146.1019923121,60.010100000755585,603.511652994702,183.39550861849006,1767.67318388971,122.84719304021915,1044.29443435566,122.38162448946534,908.298964528883,212.14636230117327,1951.32129255119,206.6275447324972,1072.79493257013,209.6171191685283,1304.44962581825
Subj_07_Isokin_R_04kg_60bpm_EMG_data.csv,0,1.949951171875,1.93994140625,1.9501953125,0,0,-0.054380085020616524,0.0033867274225697634,0.0608359352,-0.021136345328722713,0.004836970937181148,0.0327103622,0.015098904626702067,0.0014793111161859561,0.0177580845,-0.0037251012393569325,0.001030656522375477,0.0062513356,0.016067443587545725,0.0011712467143246926,0.0186810493,-0.05904655484464897,0.002458999586186749,0.0716892257,-0.0012305554260471979,0.0009036745932261167,0.0054482464,-0.03472238547948378,0.0025715814229527365,0.0420616157,119.78735232533393,1198.83477151685,43.856347713959686,324.332068295393,138.19092608716295,676.419022920393,139.2882939742321,805.499447839004,115.30107802489768,1111.83440063874,113.37895398921009,816.265946786004,224.39999296385176,1231.59930724742,214.75684583398663,976.798344580831
Subj_07_Isokin_R_04kg_80bpm_EMG_data.csv,0,1.9599609375,1.949951171875,1.960205078125,0,0,-0.043835927000489674,0.00763956596660235,0.0541708954,-0.025108599893710917,0.0034227231942214656,0.0304959305,0.013391238589147494,0.0014630431597382168,0.0231945999,-0.00163884620080236,0.0014697505445597683,0.0094536785,0.016342058330876107,0.001656625943873226,0.0277690906,-0.06249339789214749,0.002506715584385038,0.0760030746,-0.0010512613640707965,0.0009771767039358568,0.0185648929,-0.02531504046510324,0.0029270192075308834,0.0318337455,108.33052146592549,714.947060808659,54.93363149807106,335.071985094131,157.39791994392687,1257.10941816294,182.5806084678059,1187.53884655972,111.43515136752112,941.379289698546,154.56303619266055,1162.80707728218,233.95445653788573,4492.88400572568,197.63929271739448,1098.74889737809
Subj_07_Isokin_R_04kg_St_EMG_data.csv,0,1.929931640625,1.920166015625,1.93017578125,0,0,-0.05213751327855914,0.0014216457330568399,0.0549857169,-0.0236478444045,0.001322484515295461,0.027159119,0.005922537750887097,0.0007244515965612166,0.0072607044,-0.012719444202360214,0.0011217209030693826,0.0151688578,0.006447064028639785,0.0011472471188367014,0.0079164505,-0.0641225718292258,0.0022329171123122663,0.0693632141,-0.010595050192693549,0.0006604217321738822,0.0131910332,-0.05374538569196775,0.002732122896967264,0.0589754134,75.22850725455635,426.352068591646,40.94548055274246,282.075402788592,127.950151394656,680.550076044832,194.19799880346426,1297.70510685758,108.19104088221918,334.204657460393,98.50941518593558,351.727483204825,196.73133122673693,602.30365201226,179.77644399343524,647.096505578019
Subj_07_MMH_Bim_L_02kg_Trial_1_EMG_data.csv,0,2.0,2.0,2.010009765625,0,0,0.0036298033133161135,0.0013238613209878409,0.0055915834,0.003645053164671587,0.0011731337551524582,0.0051521305,0.003920626778622385,0.0007626439870113273,0.0051469803,0.007991147756177123,0.00044987010987294814,0.0090022087,0.0033653177909692498,0.0004750047013964105,0.0050230981,0.0009110378675990159,0.00021143390901091886,0.0017000199,-0.004460568052799508,0.0015386063037123073,0.0074841501,-0.0012527019735325954,0.0014283239654525012,0.0043178559,36.998076574194194,210.057224799724,22.79956847973743,123.017743847265,63.13397852396612,376.413777623302,71.21111436678844,300.295905850951,48.60872778432639,293.447842938391,35.113836186367415,212.75398148514,70.1459619908729,455.791088301057,58.999510488415524,616.845404772149
Subj_07_MMH_Bim_L_02kg_Trial_2_EMG_data.csv,0,2.030029296875,2.02978515625,2.0400390625,0,0,0.002099326166513859,0.001059368433076328,0.0044497494,0.0013702442350277187,0.0008281707273589387,0.0035316469,0.0037109120457334754,0.000642664194084353,0.0051029208,0.004886846139251599,0.0004170315273657051,0.0061966898,0.00304281838565032,0.0007039318514584852,0.0055292132,0.001365767164162047,0.00036987762194489186,0.0025514604,-0.005243717328,0.0015074847867206454,0.0072197919,8.613082417057573e-05,0.0019857211904244707,0.0081905369,54.206623617442695,307.664017083742,29.27768137961266,154.190089352683,82.06834726366303,478.204127577225,71.88137105949365,466.609018839701,55.97177276933326,343.016217549631,36.643606259805836,187.011328194477,74.49838280311593,415.377910042281,62.118047247213674,338.849965957531
Subj_07_MMH_Bim_L_02kg_Trial_3_EMG_data.csv,0,2.010009765625,2.0,2.010009765625,0,0,0.001270892703806977,0.00026641416080919113,0.0019978525,0.0010947937211186047,0.00032401709274882523,0.0024570466,0.003761122052088372,0.00038459155373518893,0.0044202805,0.003284883004297675,0.0005562698569575261,0.0048268321,0.002743113187518604,0.0006092338895945606,0.0060067181,0.0016304463546953486,0.0002880275560758617,0.0029047967,-0.005244647280932558,0.0004972089649025733,0.0064796451,0.00046862410011395343,0.0012206065779600684,0.0100971228,38.59690714166757,198.419383507466,18.682282136107883,100.845236780171,65.19751272364829,265.854972979169,65.73711992962374,367.790881386142,57.693100116985256,551.067559652566,26.778477236806598,168.536103408831,66.79464351584224,351.732009199615,60.63602914894419,992.215312488816
Subj_07_MMH_Bim_L_08kg_Trial_1_EMG_data.csv,0,2.050048828125,2.0498046875,2.06005859375,0,0,0.0005308023430911162,0.0007665914227728332,0.0024541856,-0.0004126701619703872,0.0008644399776412796,0.001792431,0.0022681701629339406,0.0004362439164708603,0.003464699,0.004022046284284739,0.0006233657171641051,0.0050193788,0.000574394292783599,0.0006328364198086298,0.002665329,0.0003228910558314351,0.000356678919041405,0.0178842545,-0.005487521423589977,0.0012335508647480216,0.0072910311,7.07717239544419e-05,0.0016079818176002127,0.0073473933,76.82939224460782,304.002162612728,39.42795170992916,191.233566093578,122.20848569745932,513.172376556019,127.06189601922352,604.422954145968,88.50819320011423,583.288067465459,63.31061584027677,4203.22719186101,114.16943582328734,515.786949648939,101.36374195387823,486.67497445473
Subj_07_MMH_Bim_L_08kg_Trial_2_EMG_data.csv,0,2.02001953125,2.019775390625,2.030029296875,0,0,-0.001298651918494143,0.0006178442236344318,0.0025414468,-0.0024957602163152293,0.0006357189036687342,0.0036724091,0.0008100583636996804,0.0005421578909745192,0.0021469118,0.001762038531088392,0.0007404020794439583,0.0033468248,-0.0007403519433312035,0.0005046791857433441,0.0023019791,-0.0012406634714675188,0.0005074285320420631,0.0032009126,-0.006285874074696485,0.000627019000846402,0.0078331949,-0.003245624335818956,0.001453469708754739,0.0076171877,60.51525980819541,252.459296702551,31.510712007866054,144.273349939875,108.49024141599092,486.475859291823,116.58727712597995,568.181875258543,74.26169799440895,593.60114873422,49.33656832356138,354.910766414283,106.44747675808352,383.478601745464,89.88796318323577,369.496958108875
Subj_07_MMH_Bim_L_08kg_Trial_3_EMG_data.csv,0,1.9599609375,1.9599609375,1.969970703125,0,0,-0.0008424724616258064,0.0008379792350676098,0.0036040307,-0.0032498976863892474,0.0007241589479907333,0.0054428102,-0.0001986040015290322,0.0007190157253905344,0.0022027018,-0.0008115518057204301,0.00043082634343891157,0.0019160272,-0.0010930770052709677,0.0010983760527447362,0.0026475908,-0.0022022688552795697,0.0005374129298709356,0.0032870295,-0.005636655897389247,0.0007521458277987982,0.0078197485,-0.0025342886730107526,0.0010477132894651953,0.0062376023,66.73113905808653,314.762594264741,32.16676644199742,216.973721870063,110.22175099092141,512.180318453376,116.49620491658935,598.628589398364,73.34578794184787,752.597387040785,45.74519598507423,224.545463817439,122.09016164699717,443.080921569566,95.17903104809439,388.061327332795
Subj_07_MMH_Bim_L_12kg_Trial_1_EMG_data.csv,0,1.97998046875,1.97998046875,1.990234375,0,0,-0.002126421502154011,0.0009654797370822475,0.0037356378,-0.0042921255884213905,0.001439083574034514,0.0064896587,-0.0010032040638267381,0.0008523897278886785,0.0024493218,-0.0012574954473005347,0.0006710554626613741,0.002743721,-0.002400227756859893,0.000732900976204963,0.0041556358,-0.002632498701080214,0.0004945364245232452,0.0049678804,-0.006231961245497327,0.0013483974345276282,0.0086734779,-0.004625712022275936,0.0011990717086976068,0.0073348046,92.61569957234437,444.660207803778,48.501680679062034,252.001068457825,168.80551338787774,709.784851444131,195.0957913416623,795.054440629193,102.39544039196339,671.952807239214,62.13172854463073,399.300640774131,152.43757428710344,821.935377118303,127.25437824581016,604.948337894843
Subj_07_MMH_Bim_L_12kg_Trial_2_EMG_data.csv,0,1.97998046875,1.97998046875,1.990234375,0,0,0.0017521427355648147,0.004182827599859193,0.0071611409,-0.00031943265244907407,0.0037250802395090337,0.0095835691,0.0020685539121111114,0.002954168853834231,0.0053186417,0.00022447500528472223,0.0015857705548020622,0.0034466744,0.00025315355268055556,0.0006856228274787062,0.0025217058,-0.0016300496549768518,0.0004794209803222917,0.0032149316,-0.0021548406112106484,0.003102718403616816,0.0099835396,-0.0019310531990625003,0.0024124785786661654,0.0088213924,88.13828824175577,393.963255166192,51.10392379823624,257.803736054618,169.3514215605295,571.099840590653,202.73639739466856,723.907361987881,79.87123123281573,334.05054056928,57.213491746627625,249.375363585755,148.01159405665734,663.208218661559,144.56130119167284,533.547503762532
Subj_07_MMH_Bim_L_12kg_Trial_3_EMG_data.csv,0,1.97998046875,1.97998046875,1.990234375,0,0,-0.00804693792441781,0.0008996310493647592,0.0113519672,-0.008245752471906393,0.0005939895794636488,0.0101411827,-0.00390170928626484,0.0007250918060370948,0.0070072175,-0.005329154340504566,0.0009929904734788664,0.0091335298,-0.004346784622787671,0.0006488763782702302,0.0065471651,-0.005496988247031963,0.000804797879311108,0.0083104139,-0.007921548659061644,0.0012235557851082053,0.0117075928,-0.009727573833611872,0.0016134663593723626,0.0142138489,113.16039987027989,475.524538625934,56.41088089350306,238.802700894415,193.4933573662032,763.763089663648,220.48147117241388,1016.13003889948,89.18306458302517,698.738070653668,62.490592185145225,308.900963210531,162.13376412103057,670.874673364356,130.01723128183278,480.020133095034
Subj_07_MMH_Bim_R_02kg_Trial_1_EMG_data.csv,0,2.02001953125,2.019775390625,2.030029296875,0,0,-0.011803582358402597,0.002242897822999725,0.0152223594,-0.013634285422735929,0.0024285676425547763,0.0171283726,-0.01165543761108225,0.0017210897499745936,0.014488793,-0.019061814829391774,0.002135315295137184,0.0221074112,-0.011126321244515151,0.0006191285449370458,0.0126623157,-0.010563914658995671,0.0008767652547331136,0.0123527534,-0.030191066528268393,0.00378457579181604,0.0366743095,-0.020095465302084416,0.002280505522167723,0.0235356335,30.862402514984286,155.084192385171,16.419020561646846,139.877698883076,54.1402175953805,665.898355792087,48.65595933851034,288.796391542941,55.12416140258834,302.880348447495,41.87298413379889,225.6779244263,112.97301612171282,3661.67175945848,43.759325312794175,1149.18226952033
Subj_07_MMH_Bim_R_02kg_Trial_2_EMG_data.csv,0,2.010009765625,2.009765625,2.02001953125,0,0,-0.01509789396221452,0.0011747975808028477,0.016866589,-0.016535238959913323,0.0011826409665619852,0.0184261333,-0.01360254401811484,0.0007554720584705588,0.0152134905,-0.0203522663484182,0.001218847092893152,0.0225105286,-0.01252522456707259,0.0004951606154334646,0.0138430605,-0.012197465293742145,0.0006055723366752028,0.0135005955,-0.03843312175009534,0.002214938945298493,0.0420862213,-0.021490553455616467,0.0017657727654744758,0.024353601,39.84933361328492,220.138806231415,18.208039877748327,106.436891906183,53.232161432177826,350.570125264948,54.49804899194116,394.671494261893,60.60997898844802,349.551248874639,47.64335285815376,314.530761595873,83.97395317623021,592.447184828498,57.14011941298319,678.64349300785
Subj_07_MMH_Bim_R_02kg_Trial_3_EMG_data.csv,0,2.030029296875,2.019775390625,2.030029296875,0,0,-0.01512237995268876,0.00040689905311766376,0.0162285808,-0.01723527907207574,0.00047880143326532466,0.0184636116,-0.013565516228577513,0.0004529149027584652,0.0147783281,-0.021324851101453254,0.0005888239941727701,0.022415543,-0.012205289150123075,0.0004426189084946846,0.0132339485,-0.011669011935988165,0.0006069000382055455,0.0133792879,-0.044030749508092305,0.002131381762573924,0.049263671,-0.023486010803110056,0.0016953350625773195,0.0259142891,46.37676965961972,237.539267985579,20.814511764272126,91.2329652744025,56.96474352400675,317.781927859492,76.60108715346772,670.413777350528,56.02630421851302,302.887251270687,42.725462318622554,265.583262675998,105.22219161587192,798.858760956488,86.72949614325735,587.48863919244
Subj_07_MMH_Bim_R_08kg_Trial_1_EMG_data.csv,0,2.06982421875,2.059814453125,2.070068359375,0,0,-0.017752538460789412,0.0008036080746070836,0.0193599705,-0.019108372281482162,0.0008749536203422223,0.0210662857,-0.01541188829130495,0.0007080904734520685,0.0175297745,-0.021129586841608747,0.0013361948646665842,0.0231222156,-0.01582054349812888,0.0007613074620198844,0.0180467609,-0.01675358270280552,0.000666530705029926,0.0183554664,-0.04655299543396318,0.0027079015159033734,0.0556849502,-0.02760864113609666,0.0021667162839928275,0.0303488746,54.362113255083386,244.801762086362,31.515899463871246,124.97373102908,107.44855006583124,855.722501998905,94.6538684196088,712.789583072322,66.98130111724156,333.296030036188,55.45977540778198,255.854026420763,186.07053736695133,1570.90353768008,108.98081262380248,981.444430190595
Subj_07_MMH_Bim_R_08kg_Trial_2_EMG_data.csv,0,2.030029296875,2.02978515625,2.039794921875,0,0,-0.018181125212527495,0.0009700234718828631,0.0199456215,-0.018644445321438833,0.0022706029766001823,0.0216816906,-0.015243630861023568,0.0021314912327207456,0.0181909576,-0.02036506639671156,0.0021241567206812515,0.0234171879,-0.01838280205744332,0.0021451140074655907,0.0373131782,-0.018475905881795734,0.0028669243287080307,0.022479916,-0.03966098344317172,0.0025095271864618196,0.0484288223,-0.03124477558458137,0.003208555743071135,0.0375240333,69.39117087177995,512.029384677919,105.56593144654363,2184.0652149547,124.6871954627514,2443.7242447083,106.94650834060401,2698.37916849824,419.9061514077599,5388.05015635673,60.61274477115986,1128.73232838626,200.0897847075451,1615.07787317171,148.0588403759475,1108.23104685801
Subj_07_MMH_Bim_R_08kg_Trial_3_EMG_data.csv,0,1.949951171875,1.93994140625,1.9501953125,0,0,-0.015410286521900754,0.0009281682775540137,0.0183623321,-0.016267064214834953,0.001438300379841996,0.020878315,-0.013258415660310678,0.0011110030977268765,0.016872026,-0.01836833975168069,0.0014197790596607255,0.0223314296,-0.01954084055951672,0.0034995799651562015,0.0250187889,-0.021072460734722763,0.003985305580081774,0.0264069568,-1.1553609794014974,0.3633194624782719,1.8461467028,-0.8093149910029449,0.7398090124067185,1.9516829252,62.90053851878132,494.479806318017,32.26893773631365,268.863385768601,117.90468511689681,1059.63358820703,107.16453250249754,990.36354596896,248.78724563823047,5332.45058678216,101.378365981704,1227.51958681681,46081.54495621455,293900.07535723,24925.280929720615,177014.677829644
Subj_07_MMH_Bim_R_12kg_Trial_1_EMG_data.csv,0,2.030029296875,2.02978515625,2.0400390625,0,0,-0.018231051652533335,0.0012925170230943229,0.020857716,-0.017828976487116663,0.0009284290269998934,0.0201461799,-0.015843706261061904,0.0006438229722525733,0.017841626,-0.019919759468338096,0.0011219522118950545,0.0226727501,-0.026700133914819044,0.004091832285298686,0.0360800773,-0.03258839207485476,0.006021597419991596,0.0417961143,-0.6918659827652286,0.48765436856241795,1.3957961798,-1.1267110123325357,0.25195515995148954,1.5816588402,93.11652705292765,457.302289677517,51.524310853598095,256.364881706723,162.952913015259,1012.11325464946,130.85727852688666,941.322397253751,200.79281495880767,2031.26374451148,230.70204718447462,2769.56448580252,27152.994195910145,214165.85679924,8492.838290293506,106528.803419479
Subj_07_MMH_Bim_R_12kg_Trial_2_EMG_data.csv,0,1.9599609375,1.9599609375,1.97021484375,0,0,-0.00827329495286014,0.003690212895593083,0.0171189308,-0.00979719804232401,0.006276692807334861,0.0226098076,-0.008485017201393939,0.0031066079845138996,0.0160686504,-0.011405308225874124,0.005143271700947852,0.0224121101,-0.018339011004997668,0.0028580888996509934,0.0246731769,-0.01667231670253846,0.0018908557331247082,0.0204431545,-1.4203386643587228,0.19434521288771006,1.7381868362,-1.5754055672097438,0.12548597875045295,1.8495043516,115.41862190873996,635.350948364078,60.24422342855237,356.403261704756,202.00311717209732,1334.15501441902,183.7907711283088,1254.66953502499,189.08967043879335,1735.71503805851,118.93333158749056,886.45566569779,49475.74161029227,316660.381222616,28202.995180295584,157656.878393037
Subj_07_MMH_Bim_R_12kg_Trial_3_EMG_data.csv,0,2.0,2.0,2.010009765625,0,0,-0.01977609383529849,0.0012307759958354075,0.0218959823,-0.02015600667374913,0.0017346001293371313,0.0229459777,-0.016410293966752615,0.0016683371020160176,0.0190878883,-0.021339273768239256,0.002002393255162654,0.0242611896,-0.03236614234881301,0.00794947308083764,0.0442425758,-0.0331027435627921,0.003862617228088199,0.0403524414,-0.04000520441559582,0.003687763048838485,0.0554017089,-0.029388779930106856,0.002928517159617331,0.0347422622,91.94066387174607,344.394528297367,55.702032872078064,343.477950628459,187.8771842378768,1218.03815315729,137.7298305390518,1571.50703729688,307.2577845957734,3092.83046020755,129.81941737916134,1317.11202921985,172.72752946678403,4367.84554136654,130.0044218062174,813.486572834925
Subj_07_MMH_One_L_02kg_Trial_1_EMG_data.csv,0,1.85986328125,1.849853515625,1.860107421875,0,0,-0.007897169511702702,0.0033787766915631358,0.0123370178,-0.002073987012557172,0.0030220678841010847,0.0058957101,-1.0342119669438698e-05,0.0022678488223684405,0.0045072557,-0.006087714215343035,0.005323759313698728,0.0155905727,-0.002839968523941788,0.0024798604841055434,0.0070678713,-0.0039845079301600835,0.0012688208073374817,0.0068836217,7.320512066320165e-05,0.0010415642023177169,0.0039622309,-0.00041654975662577955,0.0013799808983029874,0.0050648693,216.22526436941678,2939.60696318467,131.62612498370163,1290.10432415971,97.96880833308467,758.978498724524,138.98526141418034,991.763320644897,65.37489424738799,544.973962239087,67.07126818071589,666.910751561029,78.59918700684977,664.87340719032,113.30137556544942,1150.59390985482
Subj_07_MMH_One_L_02kg_Trial_2_EMG_data.csv,0,1.900146484375,1.89990234375,1.91015625,0,0,-0.015403521959139535,0.003044917772144238,0.0194752701,-0.005519151307552972,0.0018918829185599563,0.0083312988,-0.00278125618670801,0.0017536396214688497,0.005595875,-0.005356910833180878,0.0037165096375599833,0.0131552704,-0.002163744517937984,0.0010609275041098285,0.0059978487,-0.003229157303020672,0.0008990402214003559,0.0067168237,-0.0047633854525633065,0.0006023290416288774,0.0073860171,-0.006203029294607236,0.000971747217475247,0.0093008997,136.96827023554914,1915.71816720633,119.58712569334028,872.059690544938,123.3214120079436,1026.00788657925,279.48889661765423,1946.45744615769,56.477276542310214,375.553414833354,62.60197570498143,387.886791782073,76.76423197855604,405.392939503461,108.44820607643013,703.771822389495
Subj_07_MMH_One_L_02kg_Trial_3_EMG_data.csv,0,1.89990234375,1.889892578125,1.900146484375,0,0,-0.015345426171506174,0.0025332344762083766,0.0184556022,-0.005986226454891359,0.0014037620655375272,0.0081750872,-0.0033475384920641977,0.0013449660570275773,0.0057887081,-0.007591972231525927,0.0037300619793827735,0.0168059357,-0.0046103477066765436,0.001299122174348263,0.007276726,-0.005068936629891358,0.0006552669364835554,0.0079107285,-0.004528295289666666,0.0007922619476478642,0.0079813963,-0.0060751251620197524,0.0008199147004732809,0.0098937042,244.91501484862985,2986.85266952649,144.9296602628511,1141.63598590216,111.41601943052173,1373.92629010984,92.73536727854312,2168.13071996594,57.01923758526606,493.057499305979,63.709581105519284,402.201684481225,93.54253717393371,369.20622228106,115.08608920750808,754.716539630355
Subj_07_MMH_One_L_04kg_Trial_1_EMG_data.csv,0,1.869873046875,1.85986328125,1.8701171875,0,0,-0.011449378515052518,0.002287351318570752,0.0149731645,-0.004219549212257234,0.0021927081799935277,0.0074103358,-0.0020796355002658095,0.0016456446323561739,0.0048171044,-0.005646840726409433,0.002899470770966226,0.0115591055,-0.0033741094786430867,0.0017178536324165543,0.0079779625,-0.004841354809961415,0.0011599601832233207,0.0096525196,-0.003906861377987138,0.0016275018652576606,0.0097020157,-0.006334889369920686,0.0022851355723507638,0.0181531906,206.47778740362662,2187.19661316822,141.2544731132141,1390.90997150705,133.14756129719862,795.848836052442,110.28023670911772,713.559996608617,65.18756612226186,428.845845891543,77.8221742598389,642.783498845876,108.76208255959644,624.709788625508,170.74057347804836,4007.54730171542
Subj_07_MMH_One_L_04kg_Trial_2_EMG_data.csv,0,1.9599609375,1.9599609375,1.97021484375,0,0,-0.037977900455394495,0.003958455569582916,0.0526027717,-0.011595031109376147,0.0017082826348920079,0.0156744011,-0.011972488468009173,0.0014672885928191234,0.0160474777,-0.027841332505032106,0.007714270376802684,0.0411861427,-0.006617360442727065,0.0022864972373135037,0.0131695755,-0.0050228707149633026,0.0017267520002689758,0.0107119568,0.007904304248536696,0.0009927633242003088,0.0109019279,0.0029230454745825685,0.000880435965311755,0.0048929215,237.83516865834972,2333.79146057707,139.50410047227894,670.506814305244,160.99546267998684,1213.99429194933,515.3649306769759,3496.50304437611,72.30474940964348,492.123533092793,85.30636126040191,365.093258246865,117.65433055027825,432.747011034502,128.8437981782091,508.440081313178
Subj_07_MMH_One_L_04kg_Trial_3_EMG_data.csv,0,1.920166015625,1.919921875,1.93017578125,0,0,-0.04560978696482551,0.0023509433282086255,0.0559690483,-0.013608366360738868,0.0015677952314410784,0.0175366402,-0.01799695582465223,0.0012083092708275376,0.0212439541,-0.026867299101475332,0.008692555740097535,0.0428143516,-0.006814598334238267,0.0022665472131878175,0.0133549692,-0.00494165918746089,0.0011769437353876492,0.0096493727,0.006178803651424789,0.0007142283163354741,0.0084560402,0.002341746656695548,0.0004462132078591256,0.0046033859,364.5556623141253,3365.4138919579,146.31593775111628,731.26750293094,168.61581144094555,1913.36966403867,260.31961781231524,1916.10498547175,91.48250444900206,686.67519328838,85.08810823143007,436.551353127524,112.85131059045032,405.153825573534,121.34219741593509,501.79111003572
Subj_07_MMH_One_R_02kg_Trial_1_EMG_data.csv,0,1.869873046875,1.85986328125,1.8701171875,0,0,-0.016065720813470522,0.0028680222281933006,0.0207919125,-0.012795776764335928,0.005372030254011621,0.0202148445,-0.011806292271343716,0.004963414783861639,0.0188229568,-0.01620041392265406,0.005976197221869979,0.0242362991,-0.030973766442086766,0.0076075370580296,0.0469456688,-0.029448000194464963,0.004438980528374754,0.0376456268,-0.028053100276854284,0.0047461150227598725,0.0364248306,-0.021013844034271412,0.008238935045103772,0.0368874557,118.62574885207489,851.51829250315,108.79944067849877,957.691226762636,433.1141164441568,3202.84983898497,468.30662566760225,3770.35716786482,515.0243940347842,3890.47592225648,360.248748266928,2911.32156475825,263.61336646762066,2303.46788919385,222.09065139683872,1646.95189659997
Subj_07_MMH_One_R_02kg_Trial_2_EMG_data.csv,0,1.889892578125,1.8798828125,1.89013671875,0,0,-0.019469283610442766,0.0013670232116009217,0.0224813465,-0.016380136844437735,0.0022753201187254352,0.0201873779,-0.015714640909919496,0.0020821155928156653,0.0198434833,-0.020089401085901886,0.002489852405560598,0.0242383014,-0.03051943049216101,0.005963210742819987,0.0426999107,-0.033150467670701886,0.004012821462709063,0.0418416038,-0.03252294602728302,0.002845728714895946,0.0390832908,-0.04037376226886541,0.008100932967544898,0.0551324859,104.73966490242915,693.85854305234,55.40770103060156,539.838886449145,133.20013709966932,2067.34933822986,122.4840456387448,1826.52589028586,271.8098175582043,2593.02178081824,190.1685389801807,1309.43593604557,190.13469498125212,1386.62629018772,309.1495515491355,3694.93853668018
Subj_07_MMH_One_R_02kg_Trial_3_EMG_data.csv,0,1.919921875,1.909912109375,1.920166015625,0,0,-0.01731680953342556,0.00307492631817831,0.020646859,-0.0132211078311805,0.0045163434927916885,0.0178627968,-0.013096163822102767,0.004424296352202717,0.0174691211,-0.017421443209878786,0.004831325102069304,0.0354208946,-0.03390240800482477,0.00553940196218557,0.0445186645,-0.03072539832395257,0.004173135470956236,0.0384919196,-0.030596332742052697,0.0050124661670283045,0.0392374992,-0.049848528603776025,0.008005419350894955,0.0660481453,122.50502608336951,1034.82855374451,68.7101839467683,657.524479129401,168.1861657671561,2397.17617080247,340.1468734005387,7267.56200211804,329.90039014133396,5148.50257786683,208.54519509684357,1414.43602736875,199.12537204557552,1563.82436018212,362.06031634739634,4171.63674266155
Subj_07_MMH_One_R_04kg_Trial_1_EMG_data.csv,0,1.880126953125,1.8798828125,1.89013671875,0,0,-0.012060106494694836,0.004080229824267659,0.0172865875,-0.006917412775884977,0.005135285124867779,0.0132576944,-0.00830911959873474,0.004867130460668393,0.0149145136,-0.012206969654882629,0.005600839858490683,0.0188418403,-0.02864373733834742,0.005722540999705102,0.0415775329,-0.019113752821802815,0.004549196991634218,0.0259855278,-0.02900589845974178,0.006685206117356409,0.0381465927,-0.028436586030706576,0.010815569390282484,0.0512220412,77.05164235106804,643.047202535251,58.511845446402404,436.285803577287,208.41277660022394,1443.34687988658,192.5642803424636,1347.17364664611,350.90201369402376,2487.49294794976,173.91103821327988,1546.84172061703,168.7998785518987,2633.86288068071,186.81093565470357,1366.77398669308
Subj_07_MMH_One_R_04kg_Trial_2_EMG_data.csv,0,1.919921875,1.91015625,1.920166015625,0,0,-0.015308696203066517,0.003188306808819102,0.0193602573,-0.01001555653340699,0.004171002931596664,0.0155479433,-0.010625626057855693,0.003918016747308202,0.0159802437,-0.014798367408651633,0.004136557800703546,0.0367976204,-0.028491258867900784,0.004310826784301311,0.0402265564,-0.022531245932798198,0.003588100528911454,0.0293343551,-0.03597506304075536,0.006789785768614821,0.0466489792,-0.044072275241244636,0.007965982309950029,0.0625282302,135.41227762803013,1876.94050609236,115.30358847037128,1427.34601767525,447.361762098827,4439.84250827673,598.849835211563,7541.15515564738,269.92947370913066,1985.58332602638,251.4122966169543,1969.14001305434,387.2882064583611,3342.26116779282,353.8310059011107,3038.02401788744
Subj_07_MMH_One_R_04kg_Trial_3_EMG_data.csv,0,1.909912109375,1.909912109375,1.920166015625,0,0,-0.015513899268989547,0.00302628561578414,0.0192183498,-0.010500891370696862,0.004281072630931068,0.0153139122,-0.01164239363990244,0.003715244673941976,0.0170743,-0.014830479690536585,0.004386710263469113,0.0361204147,-0.033745719741554006,0.004897474671359118,0.0440528877,-0.023219402449426246,0.004391894521254645,0.0291169174,-0.053317325994281066,0.022756000097154245,0.0950157195,-0.020530716744102208,0.005415101395444588,0.0289672855,107.24440078744843,1108.00960490177,66.10260365945757,810.213712884222,324.59786008010695,2286.29915565454,471.804390800131,7271.50450056965,300.60996954257035,2089.55859727111,166.32902018915533,1889.81043352461,557.8168530350017,6894.39960124325,169.81306324722541,1461.95311516487
Subj_07_MVC_All_L_EMG_data.csv,0,2.10009765625,2.099853515625,2.110107421875,0,0,-0.0064230406850236555,0.0020638175895774454,0.0087286951,-0.011044843881346238,0.002182179899969991,0.0141646387,-0.008329512822808601,0.0013846639761944642,0.0102879526,-0.035324082519337635,0.0025889052686258397,0.0414602309,-0.001081180006804301,0.0003757186721638672,0.0043172836,-0.0015536832165505376,0.0004401862963153523,0.0043075564,0.00692359238264086,0.0005581115964831932,0.0099417688,0.0043221591972516125,0.0006434103774900712,0.0050691608,,,,,,,,,,,,,,,,
Subj_07_MVC_All_R_EMG_data.csv,0,2.06005859375,2.059814453125,2.070068359375,0,0,-0.056665059562482904,0.0026105989715486614,0.0627754256,-0.021355963836222222,0.002235484012405654,0.0355582237,0.006244178330269232,0.0015926625562890674,0.0106269838,-0.013346215535017093,0.002398367952369615,0.0200531967,-0.017880202601239317,0.00575011226877701,0.0227986351,-0.042659134666709404,0.002438902259406945,0.0469654091,-0.003733626353542735,0.001927370536490903,0.008228302,-0.0034789197627777776,0.00304182313129991,0.0077879908,,,,,,,,,,,,,,,,
Subj_08_Isokin_L_02kg_40bpm_EMG_data.csv,0,1.85009765625,1.83984375,1.85009765625,0,0,-0.0018399313939296764,0.0006302420704570622,0.0043396,-0.00332328692249789,0.0003673701658978256,0.0043210033,-0.0022140832044528834,0.0003589080467710353,0.0031926157,-0.004113453794461323,0.0007836242004464731,0.0058630947,-0.010474726201386779,0.0005264091313360649,0.0112592699,-0.007713857496497889,0.000533720879070061,0.0086148269,-0.003683763546331927,0.0006130287474463455,0.0049773217,-0.0025108105094542896,0.000529651665558269,0.0035522461,71.23937105025759,337.28324211001,50.395791343872524,196.56078739097,48.216715173875734,220.755060935314,51.96379562779053,256.888224649599,38.94252293502343,198.890302414735,32.13067953689642,133.436991760967,76.41599679751982,234.674294016169,90.48780882290598,284.156720712196
Subj_08_Isokin_L_02kg_60bpm_EMG_data.csv,0,1.83984375,1.829833984375,1.840087890625,0,0,-0.0007573626373236715,0.0010286528107591273,0.0033628466,-0.0018333039317971014,0.000798923733136112,0.0039193155,-0.0010664286865861513,0.0009425780342924586,0.0030853273,-0.0018015696586827698,0.0010207766739537731,0.0051455498,-0.007966356817655394,0.0009566274297979553,0.0097618103,-0.005304858313497585,0.0008585968968420402,0.0074206353,-0.001986795066505636,0.0008247955657174071,0.0051266672,-0.0007863863855877617,0.0006602450331260962,0.0035193444,82.65058940490424,409.049449167418,58.712305983608566,328.717836192913,64.1308593860273,350.18333620236,64.28736471701764,442.700952509315,39.898694720029425,206.402230903662,32.60598018197498,170.394484221269,91.93944381530518,294.237437051514,110.1815099904384,350.725831535318
Subj_08_Isokin_L_02kg_80bpm_EMG_data.csv,0,1.83984375,1.829833984375,1.840087890625,0,0,-0.0011214365822857142,0.001720377153020853,0.0046019554,-0.0019738746191168832,0.0016237853238635182,0.0045249942,-0.0005137941737777779,0.0012945137420109557,0.0030249597,-0.0018706103510014432,0.001976285680846526,0.0056962967,-0.008264921395191919,0.0018669030791415404,0.0108464248,-0.005562196970199134,0.002047367319645262,0.0084088333,-0.0025608250751544006,0.0017170257829121115,0.0056187632,-0.00103736980008658,0.001669018347911439,0.003828621,95.73870773013388,662.923868402595,67.35305089653158,363.242903643967,77.16294105257762,310.248228407867,70.02756533760373,419.16116450853,50.01202904427715,146.47976828745,41.25361274287187,124.710081105684,111.67727063323146,397.769015337481,135.81144013777146,481.11787692716
Subj_08_Isokin_L_02kg_St_EMG_data.csv,0,1.83984375,1.829833984375,1.840087890625,0,0,-0.0015785285003988097,0.001449335553971618,0.0044866563,-0.0031636312264107145,0.0008958068782905631,0.0049987794,-0.0012190455704642858,0.0007545262623869021,0.0032292367,-0.004478746329553571,0.0010514742385332638,0.0073774341,-0.009671415219940476,0.0007970412510792691,0.0115450863,-0.007141022595892857,0.0008155631779441931,0.0090176584,-0.004307179280797619,0.0006753615660980737,0.0061795237,-0.002437211696779762,0.0006060415705735165,0.0041719438,43.99711125281749,248.418631838667,37.500335352725074,210.631868441481,51.034217356293354,223.290956609856,53.86605934465829,310.128837475031,29.264610889116145,91.0724099150614,24.684708303102344,74.5742962864282,70.91889815141666,184.422797684187,83.53939054087401,229.720551718645
Subj_08_Isokin_L_04kg_40bpm_EMG_data.csv,0,1.820068359375,1.809814453125,1.820068359375,0,0,-0.0036630532829710696,0.0008391188046764023,0.006412697,-0.005364753773735849,0.00055367562098504,0.0074080471,-0.003444125140591195,0.0005257338927558884,0.0053378106,-0.005447071073720754,0.000675863554235731,0.0082074171,-0.01332497078847044,0.0006510849939495683,0.014693642,-0.010519932491725786,0.0005536776541948494,0.0116532333,-0.004583286041300629,0.0010018312231874528,0.007316208,-0.003816044755919497,0.0008762302220446643,0.0068510058,106.60527218784155,357.574498570734,80.36593055477177,357.749691093868,97.316449509457,352.23986807745,93.54448658139744,311.279849582143,61.312806021875964,186.804595558,50.81511763433174,159.738872543071,146.54201309523037,486.046666949336,199.75178100121795,598.835266302449
Subj_08_Isokin_L_04kg_60bpm_EMG_data.csv,0,1.81005859375,1.809814453125,1.820068359375,0,0,-0.0010101315744976526,0.0008164361817666558,0.0029734613,-0.0025403944516150232,0.000629007789550579,0.003973389,-0.000948988565771518,0.0008092924787716245,0.0026327134,-0.001045686040766823,0.0008035429449169551,0.0031439783,-0.009095634258241002,0.0009750551408914967,0.0107139591,-0.006411582695809076,0.0007479266124058427,0.0078180321,0.000152173500200313,0.0005313164071450218,0.01874342,-0.00026737959368388107,0.0006371728052832334,0.0026081086,93.48671649301549,368.530649687461,74.03856525307496,248.511966675569,83.41419572318934,322.021845541794,80.24514574082482,307.190132504469,47.99952980881371,144.809631979509,40.38699757316979,124.55194479696,122.53307627054541,2012.4056328873,143.38953277322668,471.671285779493
Subj_08_Isokin_L_04kg_80bpm_EMG_data.csv,0,1.81005859375,1.7998046875,1.81005859375,0,0,-0.001135488327419753,0.0009656441792880189,0.0041172984,-0.0021702351057376543,0.0006726501072186827,0.0041258815,0.00015920534524691354,0.0006582544952707376,0.0018399239,-0.001155722984382716,0.0008832859401500863,0.0040895464,-0.009118427384888887,0.0008139915120714779,0.011150551,-0.00651869353878395,0.0005931263899786371,0.0079690935,-0.0013296705397746911,0.0005453343010361418,0.0033960345,-5.154330860493826e-05,0.0005361140282453926,0.0025174143,98.48967479804956,334.714512354405,67.38267612362233,302.055093483062,93.96941000514117,346.853239541301,93.69844891143406,376.731883852867,56.253067299098554,208.459639728003,47.34002150558875,168.110613896616,125.4404090577532,370.119644142507,156.55760810235813,516.608868883486
Subj_08_Isokin_L_04kg_St_EMG_data.csv,0,1.81005859375,1.7998046875,1.81005859375,0,0,-0.003037458686397661,0.0017035574703811998,0.0060050013,-0.004696165328426901,0.0007311143219033744,0.0062001231,-0.004477538995391813,0.00039843821466396047,0.0055872919,-0.00871267950894737,0.0009292719497475255,0.0107843401,-0.014047597066157894,0.0003143954326703909,0.0148384096,-0.011153379743479531,0.0002891755650359466,0.0119496351,-0.00487164589,0.0007287504397784272,0.0065448764,-0.0038476548747953215,0.0005968304889967121,0.0054247859,87.51599551658379,518.528960685865,56.63087708070274,246.619747293995,61.33280501731475,299.33571882107,62.38746871674408,351.482006288068,38.8732119043019,120.193970283321,32.57533791520527,94.0455184411499,71.39463610290471,204.782171850546,87.01540558608762,245.938881029175
Subj_08_Isokin_R_02kg_40bpm_EMG_data.csv,0,1.8798828125,1.869873046875,1.880126953125,0,0,-0.0023080571912941173,0.0008699251356114943,0.005070019,-0.0024224687963193274,0.001096025513734498,0.0059246067,-0.0001636682790756302,0.0006606832661306198,0.0025792122,0.00047117688716806727,0.0006613270966187204,0.0019251824,-0.004994938734420167,0.0007179104937962106,0.0074043279,-0.0065961283760588236,0.0007333081985914302,0.0092256553,-0.003702373604179272,0.0014520230544632453,0.008128739,-0.0032867867189299723,0.0005390042359914264,0.0051761628,62.703295500735514,482.30849816582,80.80930036491088,553.100333766689,56.92972737784359,282.183339058909,69.89030574840733,287.656755105987,45.09765464240898,174.692638790538,58.009888132323965,270.212763556485,160.4735323604296,708.846116101048,138.73117518982224,412.385785042055
Subj_08_Isokin_R_02kg_60bpm_EMG_data.csv,0,1.800048828125,1.7998046875,1.81005859375,0,0,-0.002527682164357333,0.0011741029821459026,0.0046903612,-0.0032142310869733336,0.0011895796589885734,0.0053203586,-0.002112532086757333,0.0014772264174393586,0.0046105385,-0.0006229689595439998,0.001433938639662096,0.0030804635,-0.006917808172770667,0.0005748774811836737,0.0080780983,-0.008132712588301333,0.0005812499369974773,0.0093566896,-0.0020669586257893334,0.001312084939048748,0.006686497,-0.002020223911434667,0.0010555288512078171,0.0039919857,44.285849971799976,201.327685055356,48.33747902569214,300.859551131576,60.68987102979354,300.529096318895,71.22799550778008,329.802490292257,43.18271251130939,165.538917888399,55.09096057582976,210.391860590991,160.4819077215396,964.89667770245,146.49077485984273,490.530705052245
Subj_08_Isokin_R_02kg_80bpm_EMG_data.csv,0,1.83984375,1.829833984375,1.840087890625,0,0,-0.0012943027452636815,0.0005516933912426657,0.0026338578,-0.0022481187923913764,0.0006528141974635201,0.0043859482,-0.00041792916000995027,0.0006395184485867935,0.0016362191,0.0015282485599568824,0.0007366680255204793,0.0034455301,-0.0047280409489883915,0.000717475396091168,0.0061203004,-0.006060414754507463,0.0007117362027778948,0.0074203494,-0.0026940980342255393,0.0012336540329748035,0.0078652389,-0.002315840621684909,0.000435355981475967,0.0039070132,60.99528525629618,492.347547775378,64.11268417250066,392.81251329372,57.772561212666844,371.573305309123,68.9408183563892,285.362591999727,41.32703425113541,212.597377981394,51.38784329800971,305.422387327109,180.61625836810154,961.144471406482,127.20973381781725,452.835052072488
Subj_08_Isokin_R_02kg_St_EMG_data.csv,0,1.800048828125,1.789794921875,1.800048828125,0,0,-0.0025363215153454545,0.0006283787061804098,0.0032867433,-0.0012900265810424241,0.0008331342503076049,0.0027065277,-0.0018250845529151514,0.0010253205960806615,0.0034615519,-0.0011749642767515153,0.0009560251905910233,0.0029517175,-0.008642911341509091,0.0008149192952514226,0.0099926954,-0.01077008493878788,0.0007783124611254898,0.0119110113,-0.0026111944367151513,0.0011182799558302082,0.0054751397,-0.0022437182186666664,0.0010771312933045018,0.0037968636,38.70323827472944,228.466123825854,40.308152650988525,234.903799437761,49.90272881952451,249.008973715728,69.00173991085164,193.3352710421,35.96980706175065,149.181896901711,44.31476283695844,191.204387468827,130.7809022735702,394.318596865823,121.35048519652385,381.637204085147
Subj_08_Isokin_R_04kg_40bpm_EMG_data.csv,0,1.81005859375,1.7998046875,1.81005859375,0,0,-0.005740639215738619,0.0015625417390795996,0.0092439651,-0.005463484235770926,0.0011973741651852073,0.0082695009,-0.004746628175926578,0.002787869024098714,0.0118214609,-0.0021718154488575623,0.0027721910806548368,0.0091126449,-0.00802699692627019,0.0016003616910516291,0.0127936369,-0.008291620254619676,0.0014963755531924438,0.0127630243,-0.004833405725812041,0.0015432065001353102,0.0112057691,-0.003070662019110133,0.0016416449661361412,0.0063726427,91.89930247618379,883.618002783073,70.52719050473365,410.297128506506,136.0116269653572,895.441684070419,143.86255205747133,1247.90523485813,68.36157871208887,432.317802294549,87.06328592142283,574.391283679154,258.4979126280168,1272.30770847111,220.22883535603034,741.896510535075
Subj_08_Isokin_R_04kg_60bpm_EMG_data.csv,0,1.830078125,1.829833984375,1.840087890625,0,0,-0.006151729561057576,0.00080931988694079,0.0083187111,-0.006578170521678787,0.0009179855971009819,0.008866597,-0.005524666426387879,0.0013153524147771739,0.0096319206,-0.0024198442480212116,0.001024569525350626,0.00571003,-0.007767686945475758,0.0007171346877171893,0.0092851641,-0.007922784930336364,0.0007413068262250886,0.0096144676,-0.0034112585951393943,0.001270956952025665,0.0104533201,-0.0020133128031333334,0.0007158080889059471,0.0043979646,93.78261618179812,643.3670168902,89.79676240402841,602.644877117707,127.50207528585399,605.339279836369,160.22798329562073,823.895719600093,58.42918220471574,218.810825685305,74.60419656254552,308.661632800072,265.7492159784047,931.47467761962,263.0030648160985,750.194970754218
Subj_08_Isokin_R_04kg_80bpm_EMG_data.csv,0,1.840087890625,1.83984375,1.85009765625,0,0,-0.005104824761440414,0.001622778763501633,0.0090385443,-0.005809126893689119,0.0015445960324178077,0.0090414053,-0.0028665262782556133,0.001958100611227044,0.008105278,0.00016031061197236614,0.0016109222962733395,0.0049321176,-0.006985051248559586,0.0007513383866083517,0.0097932816,-0.0068130429967806555,0.0006799705133630025,0.0094877249,-0.008945596150355787,0.0008377407319070964,0.0126331337,-0.0020430446327322966,0.000735331231460405,0.0046405792,103.0675795096962,680.831838703457,75.47102235097282,700.675208286612,136.27945972816588,877.19253228271,175.58423358192192,1346.45703565534,73.53726248100047,242.195481823923,91.56930915775338,371.103395590498,314.88732493179754,1210.10671948479,226.84363312150847,780.888648013731
Subj_08_Isokin_R_04kg_St_EMG_data.csv,0,1.840087890625,1.83984375,1.85009765625,0,0,-0.003368099721264151,0.0010122147450586272,0.005979252,-0.0024282323263018868,0.0012431748687440553,0.0052674296,-0.0016053469248364777,0.0010625440726885385,0.0039167404,2.7284297905660445e-05,0.0013182728025940497,0.0035282136,-0.006405131211974843,0.0006860351215337889,0.0076535228,-0.007341752987062893,0.0006490435045921079,0.0085862167,-0.0035373324925849054,0.0007088537906272602,0.005979252,-0.0029034429275345912,0.0005526391376027073,0.0044277194,72.10263710865425,338.905621464521,62.6207325183548,234.975511763074,103.32782692096923,500.951814807175,104.08626458382827,465.883821582206,47.50549612569181,138.523113794254,58.55608949981077,175.522477965484,173.74251074521746,528.219742772435,151.4418456634503,433.187228456669
Subj_08_MMH_Bim_L_02kg_Trial_1_EMG_data.csv,0,1.830078125,1.81982421875,1.830078125,0,0,0.004568119469529653,0.002092723146203032,0.0091999061,0.0035676123280940697,0.0024678312004770687,0.0086834915,0.004545577321155419,0.0025791992387424042,0.0100130085,0.0042861777308957055,0.0024930075558025656,0.009449387,-0.0004846895211104295,0.002060446043598602,0.004068661,0.00017727356361963204,0.0015434469544437,0.0041479114,0.004835026729638037,0.0013420450000442938,0.0080858236,0.006248236330151329,0.0019152585594138954,0.0109090805,103.22436874490603,503.847607465448,76.45993656435796,450.474000607569,62.77391365450841,413.477797180277,58.541917406097596,437.376735034971,29.956700197354543,213.984843321658,37.27948802353615,259.033041823763,75.73239030497002,323.634952045836,74.1244882157346,349.109781935328
Subj_08_MMH_Bim_L_02kg_Trial_2_EMG_data.csv,0,1.929931640625,1.929931640625,1.940185546875,0,0,0.0057464386980187795,0.0009805283298723244,0.0082557686,0.005139338132492958,0.0010221077174832442,0.0075084688,0.007445796387805165,0.0008617207738138313,0.0094725611,0.006262646313441315,0.0010500062151706112,0.0087421425,-0.00016314921658215962,0.000801613122486207,0.0023614885,-2.0524658086854462e-05,0.0009069109377238788,0.0025857927,0.003892719397640845,0.0008607524069023428,0.0061703683,0.007408196480467136,0.0009932628038700716,0.0095712664,96.15432983097037,707.221763278774,81.62660619142807,631.588541986148,58.03683199781334,500.56788168454,58.93289513069699,464.557860961169,40.00069771050098,283.789728483506,53.954204024058726,390.422823653703,71.05586856631572,349.260713795355,75.62719365587765,439.880883546628
Subj_08_MMH_Bim_L_02kg_Trial_3_EMG_data.csv,0,1.89990234375,1.889892578125,1.900146484375,0,0,0.005834104941951436,0.000616416337424581,0.0073974612,0.0054486881727439295,0.0006524569151195542,0.0071359635,0.007122038144671081,0.0009219576598357576,0.0088603022,0.006272150809258278,0.0007294391487697471,0.0082886703,-0.0009891594813907286,0.000655416593933999,0.0022384645,-0.000624194184362031,0.0004206455716080872,0.0186561588,0.004863036848121412,0.0005755053151061801,0.0065697674,0.0065045356653046366,0.0007977368343222218,0.0084815025,87.77072264250504,343.888528635384,67.94203573937389,331.225856035628,54.37207096543099,300.767826394752,54.44211990472183,299.000801373267,21.05988811647412,146.697810271257,33.75525174527916,3890.02970720978,65.90590718077469,221.199111806841,65.15408932823465,244.974801057246
Subj_08_MMH_Bim_L_08kg_Trial_1_EMG_data.csv,0,1.89990234375,1.889892578125,1.900146484375,0,0,-0.0018223915090715746,0.0036698448062574716,0.0086431503,-0.0013370604246830268,0.00443583900835559,0.0098147392,0.0017784347695725968,0.004426007438394878,0.0083953859,-0.0009237617696728017,0.005098504514476935,0.0180988312,-0.0064216227198364,0.0031248765014196163,0.0144693376,-0.007654166683961145,0.0031846641604311977,0.0151150711,-0.0020268402088793455,0.0034484041948035535,0.0088291168,0.0019758266420879344,0.0030609714367578057,0.0081705097,179.1193549012963,1324.49497930311,144.53617201329794,1034.57545949621,167.69032767353755,947.603865122374,154.07244488713846,4610.3324544246,58.81818558799089,424.445554285707,75.82076267596395,550.318440483201,140.62376177920981,696.456094781006,146.82045358087294,951.115993344638
Subj_08_MMH_Bim_L_08kg_Trial_2_EMG_data.csv,0,1.919921875,1.909912109375,1.920166015625,0,0,-0.005047168943717429,0.0014063119702588305,0.0080883987,-0.0058274924311761305,0.0014405691662246014,0.0094545372,-0.00452610916868422,0.0016004040141092087,0.008775902,-0.007481080405746109,0.0015727432082945402,0.0115124704,-0.011746002883735823,0.0014640422867764436,0.0154103283,-0.011679663476579585,0.0012679021238802416,0.0147136692,-0.005328316930893424,0.0011600811734516607,0.0084311487,-0.0006259158261793657,0.0014890749337857752,0.0040523531,161.35293848953336,960.817960428777,118.496231573132,743.908862837253,129.42066439947115,764.077444493189,121.37709083319726,570.10838636179,60.07268957014867,475.591133219783,77.33756422479262,500.313444572198,120.51012018549937,809.666484607956,139.9307392603546,972.185197062663
Subj_08_MMH_Bim_L_08kg_Trial_3_EMG_data.csv,0,1.909912109375,1.909912109375,1.920166015625,0,0,-0.0060928025853333335,0.001357899594708338,0.0093824388,-0.007320037580427046,0.0015417371704062723,0.0110046389,-0.007948560560149465,0.001877585837077771,0.0124583254,-0.010166613309933572,0.0017871988804757605,0.014040757,-0.01288396975926216,0.0020142086826720742,0.017548658,-0.011832410804137605,0.0017338961020645627,0.0158549324,-0.006932124493831554,0.0014096823575700669,0.0099426275,-0.0022840454084934758,0.0017503072442207586,0.0068175318,174.18545635021644,1036.98051766138,145.683409897367,1092.60996787097,171.64475167712467,1125.5971681592,133.1871458098377,1027.75412043674,82.38656436979784,692.023199021439,89.11918384526712,851.190825385489,128.2603473776352,664.960308082485,139.50774439836738,1064.88402463152
Subj_08_MMH_Bim_L_12kg_Trial_1_EMG_data.csv,0,1.89013671875,1.889892578125,1.900146484375,0,0,-0.00530039222310101,0.0012202472248982554,0.0082463268,-0.00873141688110505,0.001554681967940612,0.0119722374,-0.01151381437939394,0.0015290811351565499,0.0152566917,-0.01225532288759596,0.0018750623155135554,0.0164114013,-0.015847788763557576,0.0021066127108000762,0.0206583031,-0.014010806229438384,0.0018758022585489043,0.0188924801,-0.00749590831339798,0.0012496822256348147,0.0108650215,-0.004589034665949495,0.0013463552719464303,0.0085504539,256.2768488038884,1127.91540287658,170.23703579203172,597.338587345737,233.5954783734688,1086.80061879302,175.3621593066597,608.720921588492,51.51684016857297,263.23854792614,70.57190814888527,334.976347779016,192.70126271384018,844.218962118421,219.14705967213314,686.612914436421
Subj_08_MMH_Bim_L_12kg_Trial_2_EMG_data.csv,0,1.97998046875,1.969970703125,1.980224609375,0,0,-0.00485808523643376,0.0026915406697823135,0.009838772,-0.005674173323158119,0.003138477157429928,0.0108833313,-0.0063883336998183755,0.004667506834924709,0.0133707048,-0.009172429082034188,0.004195820874474996,0.0151648531,-0.012472875818100427,0.004688174974486856,0.0210577026,-0.010713406334211537,0.003556398302358428,0.0168703087,-0.006992996255754274,0.0025617053139472224,0.0114518171,-0.002877018257010684,0.003372876887184736,0.0082966806,221.2004082814859,1325.09375226641,151.86237533361898,1039.19505285938,245.38421226837397,1037.19997501678,190.82035314704456,942.677953772853,74.00138974733898,684.518435729351,85.52336581797961,739.463100337568,182.3798098451117,571.423325375322,200.38130013018213,772.458920809052
Subj_08_MMH_Bim_L_12kg_Trial_3_EMG_data.csv,0,1.97998046875,1.969970703125,1.980224609375,0,0,-0.005783070582660022,0.0013333637328758585,0.0098110205,-0.007910505929052049,0.001628468764860076,0.0122712143,-0.010365142744126248,0.002443269965655068,0.0150149353,-0.012467413375138424,0.002140466974951592,0.0169183742,-0.016045604214050945,0.0028436781549215783,0.0222003944,-0.013517076315895904,0.002251137766941334,0.0185697563,-0.009002614708115171,0.0014914628512158444,0.0131924637,-0.005593188224854928,0.002015395632372704,0.0102461819,197.9547171299672,934.362195593168,139.00719139195505,925.649131505373,242.39131149887206,1140.09833455022,196.51223376350626,775.213525938419,65.39207583382772,829.126704329795,92.59543383389716,942.8241451834,222.2724141770855,667.059292668995,217.3360156758732,938.556379344351
Subj_08_MMH_Bim_R_02kg_Trial_1_EMG_data.csv,0,1.85986328125,1.849853515625,1.860107421875,0,0,0.006406580953195832,0.0011263706205526078,0.008752156,0.006536634574714583,0.0008753605599012773,0.0083682062,0.007985089041925,0.0019694190270565467,0.0118992813,0.007162051100825,0.0016066362832193014,0.0104158409,0.0026994515989104168,0.0017827702913527812,0.0065889363,0.0024758038772,0.0018488988361587222,0.0064661982,0.003208305950254167,0.0011133146413314155,0.0086036688,0.002763125923272917,0.0012496115357008633,0.0068023684,152.02240155743365,1500.20148079646,132.4780767654359,1310.01157119994,109.85659864703469,1199.86049610063,104.29634881273086,1054.7295682676,59.02891418242683,574.905721942691,75.44868315024583,789.330726777773,77.06138303497448,829.258322660765,64.9849886179375,627.252460019273
Subj_08_MMH_Bim_R_02kg_Trial_2_EMG_data.csv,0,1.909912109375,1.89990234375,1.91015625,0,0,0.0055071352945625,0.0015474260465798849,0.0083270073,0.004889001621740741,0.0014978627365374129,0.0080183037,0.009282239182604167,0.0012972351225575762,0.0119221695,0.00681677824137963,0.001364318349794763,0.009332085,0.0018548470501157405,0.0009221438177755326,0.0036732676,0.001585566201048611,0.0010964469501245238,0.0035176279,0.0024418226291921296,0.0017024619769891948,0.0111130718,0.0007932106573935186,0.0011137423963238238,0.0050073625,120.78726503662493,824.888001511056,102.02082457321886,723.941238173468,83.3426905922767,566.08293014603,86.52365416565674,601.655013141292,45.82416960316403,307.521064168558,65.85854212982032,442.689424115588,73.67632329265504,487.672716313817,59.786294314479626,435.610346912516
Subj_08_MMH_Bim_R_02kg_Trial_3_EMG_data.csv,0,1.8798828125,1.869873046875,1.880126953125,0,0,0.0070079445278223695,0.0006423587650743202,0.0081739426,0.006794150301771929,0.000705771775948608,0.0087060928,0.011012452947861842,0.0006141485433458613,0.0129670147,0.008490380069638157,0.0005894574344573395,0.0100072864,0.00043137052607894737,0.0006574207118516932,0.0022564889,0.0008307004042017543,0.0005764055750391231,0.0181918144,0.0021408818996929823,0.0009861308205461436,0.0088920593,0.0021662452241600874,0.000747298498523541,0.0049086572,83.92857738719225,878.323915794945,75.82910374541062,779.685685362015,61.02744431290753,414.23770520094,59.464848099084335,429.167585702631,30.701631707460535,221.939452545709,42.087425947762824,3807.23957680859,100.14870623932076,1324.45509582635,70.69370574704132,540.571708126173
Subj_08_MMH_Bim_R_08kg_Trial_1_EMG_data.csv,0,1.85009765625,1.849853515625,1.860107421875,0,0,-0.00021048678576384542,0.0026394659932166137,0.005276585,0.0005795037859414836,0.0017198978783095871,0.0048894882,0.0023030422095381402,0.0038764635285094785,0.0092019085,-0.00011295582559038679,0.003396258830590404,0.0181660652,-0.0031423292368087776,0.001876904096627523,0.0090199476,-0.003480641860121212,0.002014224658406038,0.0096656801,0.0006271448368568444,0.0015299436282720004,0.0187096596,-0.0009238615588004179,0.0009682761482151025,0.0034140588,132.53221093403852,956.642159534895,107.83988714323162,816.830786278196,137.59747023102076,902.903630845479,379.21552357110147,4765.84036500773,62.766222941170106,533.976030106673,89.90652919815646,826.278902683573,148.74370145929802,3918.53958004426,143.33822266610332,615.776081814029
Subj_08_MMH_Bim_R_08kg_Trial_2_EMG_data.csv,0,1.85009765625,1.849853515625,1.860107421875,0,0,-0.003054021487080169,0.0015942899462197343,0.0067774775,-0.0009288418243101266,0.0007870815151741436,0.0024444582,-0.003626648617799578,0.0029555163730889153,0.0167060867,-0.0045093033597341774,0.0026936919690832136,0.0117645273,-0.007582192225320676,0.002881697942077075,0.0158786774,-0.007555000464523207,0.0030798294865321744,0.0164443031,0.00022930632027215193,0.0013708714386819068,0.0077350619,-0.0012575754274367088,0.0006350800125288251,0.0177577976,109.95260128094172,779.174090638165,106.23467862897147,811.208956658551,149.08451771772667,4775.25566773217,130.87734872027818,645.118032058381,60.972902511827535,415.109033994067,84.16774029909195,576.538376964153,134.43228844070458,1022.32461714548,162.4077072069862,4188.97611349228
Subj_08_MMH_Bim_R_08kg_Trial_3_EMG_data.csv,0,1.919921875,1.909912109375,1.920166015625,0,0,-0.0037207223378030838,0.0008478403671994923,0.0060991291,-0.0011445361723534993,0.0007745884608666045,0.0033190728,-0.004550235825323844,0.0016097988065321169,0.0086663254,-0.005610421166059312,0.0014200200806838146,0.0094370842,-0.007730587801807829,0.0017142636141053336,0.0119502069,-0.008760508814417558,0.0017856758344183066,0.0131609924,0.00021670801096797154,0.0011594876369345182,0.0064444547,-0.0016414028794614472,0.0010713393578568576,0.0044672014,89.40910978558006,449.264798336952,102.5224318735987,444.717887122201,121.65910794718953,781.984871487016,131.33584476336156,646.497003129048,48.78402792635675,458.766062353088,67.22274243716602,672.68883141528,117.9888261803685,1187.46047366327,108.82347827022106,538.429270459268
Subj_08_MMH_Bim_R_12kg_Trial_1_EMG_data.csv,0,1.8798828125,1.869873046875,1.880126953125,0,0,-0.002749463558161194,0.0013742607127770893,0.0057546617,0.0014262889362965175,0.0014486524663240101,0.0042795185,-0.00755316388035821,0.001906489922209941,0.0114658363,-0.0072731043650069655,0.0017370504532207142,0.0110790255,-0.010535941459395026,0.0022267743980636193,0.0155490879,-0.011883099483649752,0.0019139153706148172,0.0158054363,0.0004773548601930348,0.001492949986781564,0.0047673229,-0.0008705342267840796,0.0014766930518529612,0.0051383972,101.96491713843855,629.787736806229,109.38702770675978,501.779811972215,118.7790105939081,647.460980629098,172.53923285702297,725.214419927426,69.14991675886716,504.347572976204,86.36320988141225,612.857965121153,175.45234286758543,927.877411400818,157.09508657293347,816.700160240251
Subj_08_MMH_Bim_R_12kg_Trial_2_EMG_data.csv,0,1.949951171875,1.93994140625,1.9501953125,0,0,-0.004146466682332282,0.0017925118082678106,0.0080240257,-0.002133013180370137,0.002498068934482804,0.0066947942,-0.004710956464824395,0.002972404836720285,0.0113121988,-0.005500696082321766,0.002714570907806264,0.0106973648,-0.006838186290391168,0.0032650342304945874,0.0150592811,-0.008907652489444794,0.003398277145589924,0.0174013153,-0.00011772318060357516,0.0023775976286450453,0.0102533344,-0.0014479798135962146,0.001415278918969411,0.0048574451,151.48436302839522,999.032066391767,138.5475325326112,931.12569343195,139.67665648159814,943.795948027149,195.1775743823111,1131.01872053664,63.326540436859446,594.095374516289,81.205308366942,770.773527555716,170.21794743224572,825.583039918519,153.59047059034143,567.933049556228
Subj_08_MMH_Bim_R_12kg_Trial_3_EMG_data.csv,0,1.9599609375,1.9599609375,1.97021484375,0,0,-0.004579986529655093,0.0009809863716250067,0.0071185115,-0.0001115578726157408,0.0014521331034626935,0.0030718804,-0.006737109946541666,0.0018574552477740487,0.0104790693,-0.007197326142555556,0.0014750745701067717,0.0113202101,-0.009960902757458333,0.002729739735722397,0.0168388374,-0.01262874200350463,0.0028317186435429615,0.0194289219,5.6401076212963015e-05,0.002098492892740646,0.0078961374,-0.0013547174168680556,0.0016983890942895534,0.0057317736,91.64992564403576,485.237921533803,117.93227260747072,461.441463885862,152.23332705589755,703.125764856998,221.85306758743357,936.817978711283,86.82679124152293,611.132389365561,121.0735424734491,870.875851178612,195.28048132385726,1474.6124656516,173.03784275016125,613.709759277134
Subj_08_MMH_One_L_02kg_Trial_1_EMG_data.csv,0,1.949951171875,1.93994140625,1.9501953125,0,0,-0.0051779073633735325,0.0017155597195726592,0.0091701513,-0.007501781231313716,0.001374998064731441,0.0110996254,-0.008650751572188455,0.0019245914851825506,0.0126646049,-0.011655213047981991,0.0018072074906414545,0.0157001503,-0.01527437962158868,0.001733684071600743,0.0192664154,-0.013991411869995175,0.0015643913063178331,0.0174762737,-0.008830989318523878,0.0016967659441149547,0.0123132709,-0.005543568148435439,0.0016462857954312315,0.0095558167,111.35353331912027,849.826866232632,71.84195566592108,504.693718811181,80.8780291940434,656.647345911788,83.641557549538,588.991759630398,41.87935145295797,314.131245344233,28.54621371954237,217.260176404295,44.506922996900045,227.371614112466,55.47892440037187,241.858776593387
Subj_08_MMH_One_L_02kg_Trial_2_EMG_data.csv,0,1.949951171875,1.93994140625,1.9501953125,0,0,-0.006860246473,0.001303018645921261,0.0094388016,-0.009782640982905851,0.0010977547463676214,0.0118806846,-0.012238573666529261,0.0015343185357335517,0.0146432882,-0.014329389988310433,0.0016464471930362871,0.0178519264,-0.018986313814063613,0.001992193761083872,0.023068428,-0.017038997876709924,0.00161187454987419,0.0365015045,-0.010309981639707378,0.0010898261869630465,0.012336445,-0.008445056374386768,0.0013964600851328521,0.0110624321,68.80801042754192,948.845821667506,53.669558263361054,435.309332041502,60.80268215968064,494.027752019909,56.163563416928085,606.32673853972,43.85375687526464,298.816931155573,31.477559208885445,1934.69515344047,52.387766136983124,245.308272816782,70.0341998954136,291.91114623118
Subj_08_MMH_One_L_02kg_Trial_3_EMG_data.csv,0,1.7900390625,1.789794921875,1.800048828125,0,0,-0.0055869190106595246,0.0012292889172841152,0.0083006863,-0.0077831569358166675,0.0010606177131261812,0.0106455805,-0.008295827803635714,0.0014107115317569315,0.0121819498,-0.011814424387580954,0.0015149718449339233,0.0149602899,-0.01481394513605,0.0010661265271610014,0.0181365982,-0.013148581561233332,0.0011219019596546364,0.0160592087,-0.00835725472242619,0.001024307931245494,0.0106289871,-0.005581470379607142,0.0011729040092846108,0.008813954,105.3057462168047,681.440419978314,71.74833640035723,480.757883713374,70.12884672589263,630.947235971049,71.070239006006,501.905768000179,41.512026072258294,299.931502948462,30.93876602788295,214.441288645492,47.95393228176943,183.772605142004,61.34851756261477,263.462759402178
Subj_08_MMH_One_L_04kg_Trial_1_EMG_data.csv,0,1.919921875,1.909912109375,1.920166015625,0,0,-0.005697372263255973,0.0014265824939736968,0.0080655105,-0.008614010951740615,0.0011878131683812187,0.0106032379,-0.011503127056932879,0.001604048954340044,0.0139300348,-0.01292537475680091,0.001674448688593105,0.0156523716,-0.018561291775579067,0.0020021453606900923,0.022377491,-0.015126015259833904,0.001981111354588802,0.0189190879,-0.009689943265299204,0.0012672027068160794,0.0122626312,-0.00907151426159727,0.0015978386885047806,0.0116028786,116.6436023402956,916.375602519202,75.32187961402524,529.379267017843,91.16284577716269,736.21560038423,99.01456276623583,709.936501784692,42.43925954389046,279.543753570933,35.062446625983725,231.402203291744,90.98084281453649,334.70469877005,111.85531474302124,424.997871715012
Subj_08_MMH_One_L_04kg_Trial_2_EMG_data.csv,0,1.830078125,1.829833984375,1.840087890625,0,0,-0.004892293405550724,0.002565764008250559,0.0104656219,-0.005533928782768116,0.0024477244365556103,0.0114466669,-0.0050036259538937195,0.0031033031369132737,0.0118526462,-0.009030811674210144,0.0035687277601616977,0.0170814525,-0.012078910734768116,0.0022501045328011233,0.0175729766,-0.009133854523294687,0.0023291076964603256,0.0143886572,-0.006211107991335749,0.0020170475782915614,0.0108487131,-0.0038243346307077295,0.002336563507020775,0.0095718391,226.43765252108648,1511.71383932905,142.91384505468454,944.571423288412,171.45729263626401,1131.8739625119,140.5799322278257,1152.51306944975,84.26499860203702,560.58666392387,69.16982814185643,458.516373273483,99.75771618281165,374.569631850966,108.74106038561149,406.708966560801
Subj_08_MMH_One_L_04kg_Trial_3_EMG_data.csv,0,1.8798828125,1.869873046875,1.880126953125,0,0,-0.00691480014311111,0.001788080720317139,0.0099543575,-0.007946091201677002,0.0015451932276022628,0.0118695265,-0.009099823597894057,0.002037519836431964,0.0142819406,-0.01267118639272093,0.0021921395764998818,0.0174502376,-0.016014817399697675,0.001990139047211097,0.0214508064,-0.012438661406387599,0.002058404086100489,0.0170219429,-0.007700570682250644,0.001602311038581347,0.0104146963,-0.005844728295294574,0.0018765197226931658,0.0103217131,116.53914888087485,1047.81231643435,86.2762363308013,655.984110005812,90.15633737706459,774.276609911165,103.85894242309662,732.02536891554,55.122329102376185,421.586141903469,36.557038479513615,310.274377414376,96.49519311639524,395.068653781926,117.5951461559277,335.628887533018
Subj_08_MMH_One_R_02kg_Trial_1_EMG_data.csv,0,1.8798828125,1.869873046875,1.880126953125,0,0,-0.004439733105629894,0.0013222090604114876,0.0088643078,-0.00342396843341637,0.0014066594730166677,0.0055057527,-0.0018739266015848164,0.0017749840554311383,0.0087744715,-0.002806054185629893,0.0016826769708426807,0.0089976313,-0.005894828588453144,0.0010934108943231066,0.0104573257,-0.008636480928225384,0.0011864012393065385,0.0137309078,-0.0007441041300284698,0.002289725194453378,0.0093378071,-0.002060797056735469,0.0011415635725584693,0.0042097094,140.11762224242386,1033.45534280934,196.9189823937597,1546.53183328413,150.9204203993257,1073.79402128449,129.36501138363656,944.789774811785,38.67070133525519,385.726980953823,51.85195846808438,547.916347630678,177.23474083183035,2104.85387993987,108.02795213866328,851.220569127167
Subj_08_MMH_One_R_02kg_Trial_2_EMG_data.csv,0,1.919921875,1.91015625,1.920166015625,0,0,-0.004964135116781775,0.0009497313330934837,0.0077502253,-0.0016149100343405276,0.0011622528625948696,0.0043991092,-0.006239068340628298,0.0019782630280807856,0.0104161268,-0.006453886876923262,0.0018484063365505517,0.0102742203,-0.00937209534822542,0.0017453035009119345,0.0141446115,-0.011869482381904077,0.001700422930629926,0.0167086609,0.0010259966343453238,0.0012690307849455315,0.018722821,-0.0009763911761774581,0.0011859875254695187,0.0033479691,70.10038456163961,680.557087603629,87.01333287200534,666.462415207831,78.46848679099526,586.170322475878,77.00873687291063,625.638095744332,29.590584070493342,222.900957316334,37.46883211271846,318.914395611914,93.16306179320173,3973.82125266923,79.86415774012129,378.337663400252
Subj_08_MMH_One_R_02kg_Trial_3_EMG_data.csv,0,1.909912109375,1.89990234375,1.91015625,0,0,-0.004920856504530466,0.0009591704235181599,0.0078068734,-0.0012018594586810036,0.001590438943946041,0.0050966265,-0.007223179165041817,0.0019451526260286273,0.0111783035,-0.0071887998092497,0.0015790580027508075,0.0102885254,-0.009918175763569893,0.0020175034481948687,0.0146624567,-0.012163306490446833,0.002023366838500286,0.0166957863,0.0016872312436989247,0.0015816107676380757,0.0058270455,-0.0007450603207048986,0.0012284217923789055,0.003126526,103.49617803113549,855.716888705836,103.92144248007817,867.944731306917,110.02653185558309,889.114804211386,85.62972292563722,896.984769093126,70.80020951535913,626.852205422377,102.08951671641348,721.918612640485,121.91015193341065,832.031533345293,91.55551113949616,514.429017808907
Subj_08_MMH_One_R_04kg_Trial_1_EMG_data.csv,0,1.89990234375,1.889892578125,1.900146484375,0,0,-0.0036638023888070173,0.0014196159364579198,0.0065491679,0.00046537903038183705,0.001723283036207795,0.004398251,-0.008366902329896802,0.002023880228273035,0.0113259321,-0.007115127123517027,0.0019089394886497334,0.0102636339,-0.012109437726437565,0.002147035716477754,0.0165787712,-0.013838003083180598,0.0021189780489027344,0.0179532059,0.0013057075390608876,0.0021971825497209374,0.0079181679,-0.0006109405816553148,0.0013173942489056877,0.0179823879,125.22045741185985,1138.50049513173,98.41706529486875,825.197420206929,130.11548358253933,1591.29942077675,137.24047308529958,1556.93254456193,63.67205192722047,449.714434326498,87.56767441655622,615.68834571686,156.74100774609073,1184.19346705824,148.1286781328379,4060.16609363093
Subj_08_MMH_One_R_04kg_Trial_2_EMG_data.csv,0,1.900146484375,1.89990234375,1.91015625,0,0,-0.004493236234225287,0.0013263816171764447,0.0078761103,-0.002106605574956322,0.0015873942914690438,0.0052983286,-0.006497727080163219,0.002230425591343245,0.0112838745,-0.005967007088682758,0.0020847458260680983,0.0097995764,-0.009149406250885058,0.0017177045571918083,0.0137869837,-0.011121927991512645,0.0017899968816119044,0.0158472061,0.00033930817515632176,0.0023383192812854786,0.0068615917,-0.0015357127391563217,0.0013630501303970185,0.0041865353,105.23071899527916,1032.17742057551,115.39363415679588,978.924211016001,111.04643762263753,700.693418767184,138.0812332006792,820.128133945953,51.433821461907094,348.889936968025,66.69269496455104,458.609716788846,208.29630963770794,1421.02377083326,162.68214280181513,872.651115343795
Subj_08_MMH_One_R_04kg_Trial_3_EMG_data.csv,0,1.900146484375,1.89990234375,1.91015625,0,0,-0.0024727707118270673,0.0011119244519244495,0.0050929072,0.0016115033402731831,0.001500048599930406,0.0067488672,-0.007692082773676692,0.001487800167552971,0.0106747635,-0.00653374087441604,0.0014073842226969336,0.0093724253,-0.01272116284238095,0.0017925564104015678,0.0166125298,-0.014692030503468671,0.001829617722987282,0.0187045112,0.0027453814506566416,0.0013429767760118928,0.0074615483,0.0009955958434536341,0.0013438954896608532,0.0042360309,93.66340333897762,557.666400138224,82.10499432130237,582.888479867294,104.78889074933491,495.650144255616,113.67903744301243,551.30909869046,65.92336348641925,517.259685960326,79.35603775636444,698.770514841687,214.88539596827505,776.861671785367,172.68786451926147,738.977493830455
Subj_08_MVC_All_L_EMG_data.csv,0,1.93017578125,1.929931640625,1.940185546875,0,0,-0.0029781455800804595,0.0006092027578222688,0.0037219049,-0.002809145445789272,0.0006213822082700069,0.0036449435,-0.0017910289422068966,0.0006502743594592257,0.0027405741,-0.002629855546639847,0.0006896126424213205,0.0033428194,-0.010549263143950193,0.0011629749972542204,0.0121424682,-0.007067234332735632,0.0011653288159811914,0.009320355,-0.000563984777210728,0.0008735050592049302,0.004320431,-0.0003866688162911877,0.0009802740894935646,0.0186950695,,,,,,,,,,,,,,,,
Subj_08_MVC_All_R_EMG_data.csv,0,1.920166015625,1.919921875,1.93017578125,0,0,-0.0023674628157274633,0.0005968277443839684,0.0036744119,-0.003466922781870021,0.001053647515832843,0.0055532455,-0.0013577475741886793,0.0006360911227166492,0.002791214,0.0018784880871740043,0.00040882026323301823,0.0038011551,-0.005930230698658281,0.0009486829937434064,0.0081250193,-0.006992492825417191,0.0009281195972706226,0.0086291321,-0.004098119099396226,0.0024178661759828683,0.0060484889,-0.00012134756378197057,0.0016883117346188645,0.0054176333,,,,,,,,,,,,,,,,
Subj_09_Isokin_L_02kg_40bpm_EMG_data.csv,0,1.969970703125,1.9599609375,1.97021484375,0,0,-0.005985892019992063,0.0014089880730154623,0.0142161371,-0.003900149216187831,0.0016763605369890598,0.0117424969,0.0025106241247724865,0.0011253682789840302,0.0160849579,0.0013930863110026453,0.0013416692620391024,0.0058939937,-0.015194915961238096,0.0012702073559631944,0.023103334,-0.009411410192206348,0.0013262137697937768,0.0175495148,-0.006184017665452381,0.0012296689298790127,0.0138894087,-0.006243817814650793,0.0011981714196701487,0.0137540819,111.17991065005134,890.453427696582,142.25603063960537,1226.38944870527,45.76773515815399,2150.09304605331,69.00243568984784,547.029375707367,54.83411546044525,389.854708797858,77.21574517962685,533.241095018724,49.897782970016486,315.62951497448,55.827472728231925,405.314592309994
Subj_09_Isokin_L_02kg_60bpm_EMG_data.csv,0,1.97998046875,1.97998046875,1.990234375,0,0,-0.0028042876060213086,0.00079774679830977,0.0065792087,-0.0007210290332968037,0.0010762688389149993,0.005478573,0.004705729615613394,0.0004407762656790085,0.0063377381,0.00369398265635312,0.0005537394325204234,0.0047767642,-0.012752558647783865,0.0009372446199067928,0.0155076031,-0.00729465184261796,0.0006235636220809147,0.0099958424,-0.004211096600191781,0.0010193414933339126,0.0077951434,-0.004297110151716894,0.0009445426535042196,0.0075522424,94.41336782339567,599.764285423905,132.7001435873994,902.166266226534,28.98564692598861,126.127295345047,55.1577086542902,355.806444415375,33.91467686580023,237.714162108871,50.31640845097934,339.399175366281,32.5685191735001,175.900677800404,35.847605818777474,200.536853970945
Subj_09_Isokin_L_02kg_80bpm_EMG_data.csv,0,1.969970703125,1.9599609375,1.97021484375,0,0,0.0008551179551197411,0.0012941376874790749,0.0062161447,0.00337645141212945,0.0010630872776228838,0.0047733309,0.005086402802621359,0.0006442746369942086,0.0070203785,0.004760103251294498,0.0008666267328165842,0.0165993702,-0.00957772631476699,0.000700348368685967,0.0170825962,-0.005249894713058253,0.000738728207399181,0.0131873135,-0.0007510357502880259,0.0008541595941963244,0.0083012581,-0.000900617536064725,0.0007963446849283933,0.0081035616,131.54182275978246,1368.68689951537,139.64037610952113,1445.74918050956,56.58189839503582,385.404550803978,108.35728888773708,2214.48942704085,61.7520114374901,699.151952175737,82.09497369991567,966.023406276608,72.41526636415128,509.952873848497,78.42883223501049,616.01950599172
Subj_09_Isokin_L_02kg_St_EMG_data.csv,0,2.02001953125,2.009765625,2.02001953125,0,0,-0.013597241748722337,0.0025609664564893845,0.0199853908,-0.012954963715356994,0.0035795202431248277,0.022005273,-0.000877262021749478,0.0030506337454290575,0.0074575427,-0.0020946558553987474,0.003020739540623747,0.0093206409,-0.022590675459139876,0.0030948294074766795,0.0300470367,-0.02041206000843424,0.0033865045080080825,0.0284543056,-0.011890939424935283,0.003261083685141386,0.0199596416,-0.013798248077453027,0.0027234258951261883,0.0210994724,86.57852018094206,1062.79072284834,112.5507888031795,1352.12349610149,53.1055742232611,784.421828761199,66.22704291938302,680.057172954022,46.58794654094424,323.16016263144,68.75281517811739,576.08015636745,53.822674637712986,345.959871004437,53.585356478764304,366.922354857001
Subj_09_Isokin_L_04kg_40bpm_EMG_data.csv,0,1.989990234375,1.989990234375,2.0,0,0,-0.0009129029378026906,0.0017098770735983508,0.0086016655,0.00012935909264275036,0.001960182132050596,0.0084285736,0.0026364269694020923,0.0011564184447625278,0.003794861,0.0037196464275396114,0.0015054773013927082,0.0051275254,-0.00823175284936323,0.0015411166532352098,0.015607453,-0.005842262979799701,0.0015249945590312135,0.0133598335,-0.0036582818140986546,0.0016190173436982718,0.0115213394,-0.004052491047850523,0.001607714709209876,0.011677552,157.91486807456639,1390.03482080061,177.1044273603024,1663.83259607275,77.4550879208713,556.968431360293,99.70195557914883,961.219941149242,71.55682599202527,643.748905452033,97.06815378353897,879.67039148787,71.53654383400263,486.771081884125,77.73716445812606,550.270038396036
Subj_09_Isokin_L_04kg_60bpm_EMG_data.csv,0,2.010009765625,2.009765625,2.02001953125,0,0,0.0018356625238139534,0.0015755013826708572,0.0080474857,0.0028964167594449615,0.0017800244805232452,0.0074455263,0.004431263799674418,0.0011997597991755512,0.0061614993,0.006127701659221706,0.0013062613126973942,0.0079101566,-0.00574109205844031,0.001113506701007508,0.01379757,-0.0036241695651503883,0.0011729725489018916,0.0119848261,-0.0016178235382263567,0.0011910848219326587,0.0101606371,-0.001736977281823256,0.0010964396538073239,0.0101291658,168.0403641516524,1478.93801174386,177.85739228695678,1644.3229653892,75.50098559313258,497.370793904071,106.16182847950695,1039.87877467106,64.671761438697,669.530428555228,89.62058581120155,929.790224014062,74.2834400033451,506.795842262549,85.22821055763126,605.001009874928
Subj_09_Isokin_L_04kg_80bpm_EMG_data.csv,0,2.0400390625,2.02978515625,2.0400390625,0,0,-0.0031012190002884616,0.001539327961737726,0.0113943107,-0.0026701175968814102,0.0014923011360648759,0.0113010406,0.0046140889507884615,0.001445118037833768,0.0186781883,0.0039308017152403845,0.001470323659435618,0.0063282968,-0.00669903646524359,0.0012387057361959147,0.0134985931,-0.004506712456038462,0.0013559940944496921,0.0117344866,-0.005273974404217949,0.0012279985321188463,0.0129976282,-0.0059047561873557695,0.0012828174022890238,0.0137168886,183.9776080981194,1333.9628797029,203.74712689152227,1500.97231001191,106.72834449549579,2052.86055775089,126.75779693949082,860.695374019267,79.14469772110301,636.054439248802,112.13675160446545,878.392529718943,85.97373012906827,501.591435637569,93.87718413055649,594.43846333924
Subj_09_Isokin_L_04kg_St_EMG_data.csv,0,1.9599609375,1.9599609375,1.97021484375,0,0,-0.003982611534112995,0.0016539494114204678,0.0083284378,-0.003205668395677966,0.0013481580226291383,0.0065199854,0.0038940814716214686,0.002275328797406663,0.0060527804,0.0033620871792542375,0.0014807358542559775,0.0048634531,-0.009461975194090396,0.0007870772312140916,0.0121152885,-0.006826652945751413,0.0009067066562518184,0.0096696857,-0.00606384428759322,0.0009033256101687778,0.0089152344,-0.007029092831508474,0.000828420028812788,0.0096708303,136.06248223697446,476.120265160835,126.31654770902503,431.218267776919,47.90878497522531,194.352838707827,56.52242324553007,258.893369504372,20.625611725862306,70.0331775455033,26.66776033945251,90.638635146086,46.060932102573815,128.565527780558,52.461567847839056,214.807494713195
Subj_09_Isokin_R_02kg_40bpm_EMG_data.csv,0,1.949951171875,1.949951171875,1.960205078125,0,0,-0.00800012812248579,0.004361580875407074,0.0227245335,-0.0025519993146537467,0.004388967752836434,0.0171615612,-0.003335886577692507,0.002838837912465403,0.0114749912,-0.00023783172647028416,0.0026666656717684954,0.0075396542,-0.010806269012173127,0.0006050042912705691,0.013536931,-0.01105666775077261,0.0008420386935546265,0.0152160646,-0.0060601449706201545,0.0016943887399372163,0.0157736782,-0.0029189693457648577,0.0013556867142568109,0.0117250448,89.602602650711,834.549294291151,97.61466709727165,789.435038067017,58.993915375067395,454.814844220793,59.344959052448274,443.237325564042,102.9324751442441,483.646499674961,84.27626905445811,578.968075792455,136.97491942881712,716.760381738239,134.39748195054395,677.569096920785
Subj_09_Isokin_R_02kg_60bpm_EMG_data.csv,0,2.02001953125,2.019775390625,2.030029296875,0,0,-0.010753478210041344,0.001822740607647079,0.0203493126,-0.00845836651311628,0.0017320735967525083,0.0181998257,-0.005736322044715763,0.001007224971846795,0.0103531843,-0.0041766685175167965,0.0007232594445687116,0.0083487518,-0.00799529750284496,0.0016949620372800588,0.0134293558,-0.010453048452614988,0.0026206059865596697,0.0180416107,-0.008094427262700259,0.002061259701251886,0.0184498802,-0.005555804223049095,0.002332954365871794,0.0161109939,75.28425198925525,1304.54854737911,76.04042589069607,1322.85239366825,61.61086231490731,331.011105623126,54.18915139129337,252.279392976086,142.1654638751473,1316.07189288589,112.30084426965476,1133.46083459659,159.01474722843358,827.794969737166,153.78099698209144,912.889320690618
Subj_09_Isokin_R_02kg_80bpm_EMG_data.csv,0,1.9599609375,1.949951171875,1.960205078125,0,0,-0.008285408552483605,0.0005451078293560923,0.0127767567,-0.005928430541751367,0.0005553888652162135,0.0099117281,-0.0034589331612185797,0.0004069982885152467,0.0052791596,-0.0037363726795464477,0.0005105446298635218,0.0058350563,-0.010807343106232239,0.0007222425456904689,0.0139217386,-0.014053306079051914,0.000626043042338956,0.0174834263,-0.008190202515909836,0.00047279932656436603,0.0122303013,-0.006277134531532787,0.0005196332715949529,0.0102321627,73.70274201838718,756.550047172218,77.2499500107533,751.337477046722,63.01041649771479,391.043914611122,47.816958500859606,239.569470202609,86.80820083813278,973.219570478197,68.11217245850963,906.74037248404,125.89590313711933,564.674269075664,119.36685297026276,620.016830228352
Subj_09_Isokin_R_02kg_St_EMG_data.csv,0,1.919921875,1.919921875,1.93017578125,0,0,-0.005875862252305661,0.0008476001263350661,0.0083796503,-0.001831620168418868,0.00044513815582730584,0.0031725885,-0.0008263366833735849,0.00037729932994275974,0.0020962716,0.0017319703489660377,0.00027060199619967893,0.0024041177,-0.011205718600192453,0.00039805811409392774,0.0128394132,-0.011618443184728301,0.0006122629051056423,0.0134496698,-0.006814043349030189,0.00031467620144976535,0.0088511473,-0.0037022928370943394,0.0002583341923076133,0.0051996233,32.115078314346455,285.468693831379,37.12073472083739,276.838198499825,30.758674305739273,207.734498112884,27.911899433836407,178.051262029752,49.388017033421605,401.702810404057,37.303332696236666,340.206174045588,64.78938245962196,249.362263502789,63.425332682568545,304.939055833731
Subj_09_Isokin_R_04kg_40bpm_EMG_data.csv,0,2.010009765625,2.009765625,2.02001953125,0,0,-0.006955161239216375,0.0016385240546329767,0.0154661182,-0.002103334421111111,0.001630340798990343,0.0107445717,-0.0020713076337777778,0.0012341796206791964,0.0089695938,-0.001738596204847953,0.0007476751539343203,0.0074664117,-0.00611927758161111,0.0005812569611488471,0.0101614958,-0.006484629224643276,0.0009061599467530128,0.0120726591,-0.007656481768464913,0.0012434294886694856,0.0155613907,-0.004678094601818713,0.001150826912020977,0.0125184068,211.97681957506222,1495.47802815635,182.74378328238058,1573.55802144549,103.83245688849205,710.582884985682,98.25285161256011,574.436479176402,114.87659680998114,1037.55425975751,108.80883282785031,1175.41208564301,166.10103262595402,957.366855415722,165.14899687460164,1051.21890048852
Subj_09_Isokin_R_04kg_60bpm_EMG_data.csv,0,2.02001953125,2.009765625,2.02001953125,0,0,-0.006832689344003073,0.0008139074155440181,0.0126091009,-0.0025035202833210445,0.0009504176755916575,0.0087535866,-0.002526865513938556,0.0005247620050490942,0.0061171534,-0.0020716432161751158,0.0004715590967148251,0.0055838586,-0.0058319172466758835,0.00034790237712875897,0.0078583723,-0.00603922536103533,0.00040405907420267153,0.0089910515,-0.00668004008071275,0.0005303223444958026,0.0121839531,-0.0038113299576067582,0.0004826242356532344,0.0090528494,122.93940387080661,900.743111744499,135.18073842279944,1010.87288684727,106.77874635420847,435.135148199067,91.47424813105158,411.059799891718,107.38771493667672,757.896787123394,112.06281978904173,799.106475798408,163.92168899613873,702.590222218141,144.8465422242126,675.660454487868
Subj_09_Isokin_R_04kg_80bpm_EMG_data.csv,0,2.050048828125,2.0400390625,2.050048828125,0,0,-0.006068048434867987,0.0007993612233232428,0.0111868866,-0.0029859532612145218,0.0009380668790449848,0.0084503181,-0.001625155301660066,0.0005866753174632176,0.0047066691,-0.0027943912227557754,0.0006034880223970732,0.0055171968,-0.005016783676115511,0.0004328246939462777,0.0070286752,-0.005330240745712871,0.0005345264738066978,0.0079230312,-0.006958840427518152,0.0006451132091637873,0.0122640617,-0.0044756194762310235,0.0005696233666408656,0.0097143175,73.94170973820204,449.914885831649,80.3934412786889,518.726364995323,103.47350562156673,386.769655298802,91.66017495147095,407.556595883456,105.38719295827332,497.643604059347,88.99172013678621,597.237391067886,158.29958508817333,486.995259747055,138.384644913041,428.516353757245
Subj_09_Isokin_R_04kg_St_EMG_data.csv,0,2.0,2.0,2.010009765625,0,0,-0.005643235660418367,0.0011099672796375038,0.0085836416,0.00011099445448469382,0.0012168294121494832,0.0031419755,-0.000956396455127551,0.00033527046226373465,0.0025325776,-0.001466639135484694,0.0007538966274518647,0.0044291499,-0.007392440490127551,0.000518931017126739,0.0088145258,-0.007552232336382653,0.0007390089481968102,0.0094825746,-0.006476843482219387,0.00042106212701495204,0.008512402,-0.0036471941349081635,0.0001895824934680575,0.005030537,35.650454988434966,117.025687615012,42.326937271290014,164.407439558435,59.890334075990594,225.969846555546,53.032062547736324,204.373241301715,54.860649548484524,186.042831499705,43.5292843148414,136.732712180921,102.09023956207743,317.613892065289,93.59695378438737,258.776028155042
Subj_09_MMH_Bim_L_02kg_Trial_1_EMG_data.csv,0,1.900146484375,1.89990234375,1.91015625,0,0,-0.007297218788692616,0.0014749736187315812,0.010134602,-0.004865603637818363,0.0021412719182604917,0.0088208206,-0.0019346396571097804,0.0025125640284714584,0.0071233753,-0.004412860797217565,0.002156408561694583,0.0094928741,-0.01062569480174052,0.001199486326750122,0.0126451496,-0.009794616269107784,0.001167015125226043,0.0115734106,-0.012244580774437125,0.0016553080569043522,0.0157897007,-0.01227826896694411,0.0016583821581158088,0.0157030113,60.71408364960716,502.034387545191,44.446105866601286,641.550925258656,49.917810221188475,471.776386151994,42.02603053506595,540.404565823146,84.38211341501014,606.098539598823,49.06015894946225,285.549925693693,52.96876280549841,536.481771577756,49.448602995373975,436.527945634088
Subj_09_MMH_Bim_L_02kg_Trial_2_EMG_data.csv,0,1.919921875,1.909912109375,1.920166015625,0,0,-0.010083449248665154,0.0006380337052795256,0.012743569,-0.00987213646325539,0.0005920807503880636,0.0117682461,-0.0036859031538479005,0.0008511683455515121,0.0058482173,-0.005487000863659478,0.0009400326173991927,0.008020306,-0.011092543055219069,0.0004539626363197161,0.0127575882,-0.010925232740054485,0.0003952808389008263,0.0122134211,-0.013871616102404087,0.0007819132169139966,0.0158434883,-0.015414679581604992,0.0006750492039369732,0.0174047481,81.7282840446499,390.238233998932,54.98725559540602,405.992513949966,43.23879074441239,381.681962206805,47.967898106113374,360.945101985339,66.93828811440513,459.675632557531,51.09077595510343,287.824548467369,47.10311750225378,319.823567948968,49.807781372230636,260.798961049277
Subj_09_MMH_Bim_L_02kg_Trial_3_EMG_data.csv,0,1.920166015625,1.919921875,1.93017578125,0,0,-0.010308910322629492,0.0006827528957553778,0.0120474817,-0.010943650354193308,0.0006694859105295692,0.013355542,-0.004288891439090458,0.0006617032453353146,0.0058490755,-0.00638492154258736,0.0008655657153056817,0.0082357414,-0.011448656701271376,0.000567835336692788,0.012658597,-0.011455771609888477,0.0006144324492464215,0.0135163311,-0.014045396630123913,0.0007647201898108491,0.0157181751,-0.016223913782460964,0.0006338495804943464,0.0177572258,79.04625599890937,540.87357551294,64.33351303850709,488.894745108365,27.3086784795459,131.958087396925,26.545414988880577,177.267531835822,64.72968041455816,810.804374655514,48.05470986456008,472.015636517939,41.487524232990886,528.294911293975,38.78953826247661,318.141666795307
Subj_09_MMH_Bim_L_08kg_Trial_1_EMG_data.csv,0,1.920166015625,1.919921875,1.93017578125,0,0,-0.008174704152836781,0.0010695200236011933,0.0115382196,-0.008664256954760918,0.001955415815804764,0.013926602,-0.003595304624682758,0.0023999987719966072,0.0079098707,-0.00566095587681839,0.0018362641082454829,0.0095612528,-0.01172992913605977,0.0009209202259469709,0.0141574861,-0.01098992676985977,0.001801593495096271,0.014787198,-0.013813334034013794,0.0009469856662083137,0.0170485508,-0.01518662231547356,0.0009092963106463278,0.0174819957,83.79986980482994,438.608587928614,75.46297881630737,462.823085628275,93.07876870954584,418.252884740196,76.51694575160982,285.762711490004,73.01275814424636,522.953808101742,51.65363053416116,409.039793859511,63.27409158779554,374.970019618031,69.70598793964788,282.948568615043
Subj_09_MMH_Bim_L_08kg_Trial_2_EMG_data.csv,0,1.969970703125,1.969970703125,1.980224609375,0,0,-0.009281805894091954,0.001969962637297734,0.013607312,-0.01015921139687816,0.001959879541532253,0.0147877699,-0.00501535518834253,0.0012401123734255522,0.0090468414,-0.006495112352055172,0.0009981043111750671,0.009812451,-0.013799957755091954,0.001383458751740552,0.0171687137,-0.014291997257774714,0.0016488110818451264,0.0181217194,-0.014208318053859768,0.0014821019764630807,0.0185176861,-0.01672642653233793,0.001182519889330467,0.0200016983,82.85635207930127,471.73407348963,86.67406854527792,738.263709175337,80.72613040477316,416.337409145001,59.41359802870072,315.333495822566,70.53945040053308,964.462215468341,58.35232759452127,671.796475747906,71.24628368762755,681.152461663625,66.899911428011,515.966339916295
Subj_09_MMH_Bim_L_08kg_Trial_3_EMG_data.csv,0,2.06005859375,2.050048828125,2.06005859375,0,0,-0.007131338805326402,0.0007114669795428536,0.0092445379,-0.0078604538219605,0.0012378044554185767,0.011686421,8.43150803970894e-05,0.0007033332570578847,0.0025351525,-0.0034742919742619545,0.0008615580355746619,0.0063772206,-0.015016088505035342,0.0008532811583036886,0.0175772682,-0.01627716056402079,0.0009421968997971597,0.019446088,-0.010991628647517671,0.0009611369633884348,0.01443615,-0.013093315020469853,0.0007257774439605578,0.0157553684,91.49751945230523,417.847647837135,81.61666856898994,554.158203983289,68.22729868501692,417.606156260558,47.443898232535034,274.674782651885,85.48345572136348,995.454459158851,64.1029710295629,794.783263758501,64.28538893861486,552.65808953388,64.42145381701452,514.292873152464
Subj_09_MMH_Bim_L_12kg_Trial_1_EMG_data.csv,0,2.030029296875,2.019775390625,2.030029296875,0,0,-0.007275006441830953,0.0013532915240355877,0.0111771589,-0.007109898696221428,0.0023326851569548087,0.0132113462,0.0004198127210357143,0.002597183830218741,0.0055500986,-0.0022586578704809524,0.0024407053573510962,0.0170845985,-0.015396402491040476,0.0015122295097025978,0.0210305229,-0.015114174116623809,0.002533810516147057,0.0226324089,-0.012134015149685713,0.0016351026007890704,0.0175941475,-0.01419497252502619,0.0016692015693395969,0.0195227638,98.29631266953973,787.348004691364,122.20374690457234,933.540587173403,133.54812577968733,544.52757602139,162.0166400317834,2707.6263764909,116.56554573958027,1226.02798900929,97.33620986550642,1091.60637161983,111.6482235215753,997.791373716469,123.41144365506035,863.350504381075
Subj_09_MMH_Bim_L_12kg_Trial_2_EMG_data.csv,0,1.989990234375,1.989990234375,2.0,0,0,-0.004938008836778166,0.0019869199074973453,0.009967518,-0.004753887065001162,0.002095430579573187,0.0117728235,0.0016531499361672475,0.0009046509608945578,0.005570984,-0.001993811972113821,0.0011670988078450728,0.0066779139,-0.01805241440233217,0.0022421250686130738,0.0257823952,-0.019807042421816495,0.0023551569450477785,0.0277662296,-0.011721214047637629,0.001838561979153886,0.0190561302,-0.014208675760441346,0.0014983439468008704,0.0208208095,105.61327191719263,992.641812526374,99.34852790719688,944.7188550666,116.95677469542748,558.938352727836,85.73344709843825,416.555726135493,118.33539270683261,1506.29904842528,78.51058675963449,1262.92255254256,79.18936577051632,796.29910437977,91.10337113049809,709.906917292563
Subj_09_MMH_Bim_L_12kg_Trial_3_EMG_data.csv,0,2.02001953125,2.010009765625,2.02001953125,0,0,-0.00887284469496893,0.0006306715644340473,0.0102098472,-0.007210736676865361,0.0009438882632294132,0.0112921717,0.0016772883130287684,0.0010281775916159044,0.0034950257,-0.0012321437739447642,0.0007822533368232461,0.0042277337,-0.0194320951230748,0.0015091292999588044,0.0248920452,-0.020445898944913693,0.0014625110878085288,0.0261380207,-0.010550452003742232,0.0014101276088296325,0.0163281448,-0.013304540734853853,0.0011417407270243988,0.0184684768,135.52634234698078,677.532591341603,124.9943143415991,693.791154079896,112.41987258995891,467.633394361967,88.87704174880642,357.920557627458,156.2412238119074,1666.45584389955,111.72316674168184,1391.76631106042,91.06126576984416,1148.83454584644,96.417734926597,1093.08813208679
Subj_09_MMH_Bim_R_02kg_Trial_1_EMG_data.csv,0,1.889892578125,1.8798828125,1.89013671875,0,0,-0.0066986062606805155,0.0012174881566248833,0.0093389517,-0.0041203525909000996,0.0011683614276751058,0.006885624,-0.0037984271897606326,0.001742116902995357,0.0074048997,-0.003441857341962413,0.0014987224103395222,0.0065566064,-0.009416365635228486,0.0010938695569082649,0.0115044601,-0.012615734599058358,0.0010613188098227532,0.0139357569,-0.007690560983994066,0.0025776035733402454,0.0112235071,-0.006763498388591494,0.00222814408833965,0.0098862648,51.5591943302852,478.291865596636,46.38630922393857,458.325392831666,34.19280436978868,517.865642552089,34.153698267557075,493.224815771254,62.34429053366899,334.643093628534,48.97392760748424,321.250514431054,68.68700032030206,903.324909787528,62.95333351584058,844.835461232952
Subj_09_MMH_Bim_R_02kg_Trial_2_EMG_data.csv,0,1.8798828125,1.869873046875,1.880126953125,0,0,-0.008769947369063197,0.0006051178614591226,0.0103843696,-0.006430513204907062,0.0005465627019321048,0.0080520632,-0.00521891890854523,0.0009257427305253078,0.0072893146,-0.003978736358034697,0.0008082641255344696,0.0061045648,-0.010166077320651796,0.0005952430335734686,0.0109934807,-0.012543807482996282,0.0005264187603179069,0.0132159237,-0.00927778582079306,0.002080419211414085,0.0108962059,-0.008420954838386617,0.001601751660732826,0.0100447657,37.55677205046426,348.111420289229,43.81314523831017,345.791651102702,31.967382108968078,223.921871530917,23.38233066203476,274.508954280864,55.280984294562096,329.79692820035,33.64398863369612,208.701731382935,116.93879744514828,1085.28327634575,96.30003979346347,1040.29821160303
Subj_09_MMH_Bim_R_02kg_Trial_3_EMG_data.csv,0,1.93994140625,1.929931640625,1.940185546875,0,0,-0.008003294839111112,0.0005269679058259838,0.009249974,-0.005314815044753087,0.0007263190331820657,0.0066936496,-0.004903754907824692,0.0009783565468624825,0.0068312646,-0.003339814391362963,0.0008584302776392458,0.0051578525,-0.009437537201449383,0.00038594394358747533,0.0107251173,-0.011805713598106173,0.00027767174478459544,0.0130783087,-0.008531363956693827,0.0016926031293063699,0.0105574615,-0.008172835464296297,0.0012403590682241587,0.0096550947,36.84150189094088,243.651032736339,37.328371638816826,215.241541718865,39.74769908003349,274.457623830037,28.512624184298485,203.724205777131,49.50679472045429,485.811768870848,30.106184535966193,372.780709233454,150.55142859263384,1020.85075657679,118.66404083347152,793.106479419043
Subj_09_MMH_Bim_R_08kg_Trial_1_EMG_data.csv,0,1.949951171875,1.93994140625,1.9501953125,0,0,-0.006848489659756098,0.0012386505616305292,0.0107442858,-0.0042770781054378626,0.0011436760954035175,0.0076712612,-0.003648107615751452,0.0014218793393099614,0.0068109515,-0.002901362134183508,0.0016365102774581295,0.0060250284,-0.008021266065495936,0.0017216629462107492,0.0113822939,-0.01080406419145877,0.0012486403464899614,0.0131584173,-0.007600247019902438,0.0014870114107956211,0.0104613304,-0.007489015459286876,0.0011979803942707779,0.0096199038,70.01520676948361,576.098556863163,74.39557345333206,397.971204525427,75.29112314708723,301.74503980535,66.64519244431432,301.574939892292,56.99775052932411,333.105064547107,47.58226258412611,170.247559708212,78.69597093106059,1304.6751933227,78.27907514973894,1033.80280054537
Subj_09_MMH_Bim_R_08kg_Trial_2_EMG_data.csv,0,1.919921875,1.919921875,1.93017578125,0,0,-0.005945203867150877,0.0020557977106971615,0.010810948,-0.0030330112032,0.002110381299037638,0.0074455263,-0.004443699888680702,0.0009355073176029936,0.0062662126,-0.0033647312237380118,0.0009760291297173995,0.0053183557,-0.00948703339989006,0.000410146604471515,0.0106618889,-0.012642003930388303,0.0006278378811780515,0.014626408,-0.009812696373071344,0.0026440708399407546,0.0130454069,-0.009866283274839767,0.0017525678731447102,0.0121009834,111.71757964529347,813.726295339651,105.4861191078735,1247.78242592445,62.4085141571677,285.114790685222,66.37547700795974,444.488814114014,64.47063589752459,355.289587657505,53.79279857920388,375.447974779002,203.75072750252204,2299.92590868627,126.9444495174002,1769.53445898246
Subj_09_MMH_Bim_R_08kg_Trial_3_EMG_data.csv,0,2.010009765625,2.009765625,2.02001953125,0,0,-0.004332916840322928,0.0013779754834252927,0.0083653452,-0.0012134590904111949,0.0013569812338367214,0.0051552774,-0.001559999682247578,0.0009397521998942695,0.0040955544,0.0006339495354854681,0.0009738302162724878,0.0035033228,-0.010016583690826695,0.0007067723404309188,0.0121124275,-0.012142722616124866,0.0008128761486595247,0.0144407274,-0.005739769862891281,0.0014227077004086797,0.0089641577,-0.005943781670456404,0.0009286227059565106,0.0082431799,70.73027416806904,340.492370888311,73.03731469230323,365.592011729633,51.512883573432966,229.567889353726,50.722345439857534,274.65363287618,56.15467512283219,299.028829235095,45.14440350961094,253.933818915866,158.4994264834509,1288.01763408277,93.26565619765071,879.822216294951
Subj_09_MMH_Bim_R_12kg_Trial_1_EMG_data.csv,0,1.9599609375,1.9599609375,1.97021484375,0,0,-0.004331867478742586,0.0019650038895719225,0.0094130524,-0.0028554147241447213,0.001552199012270186,0.0074283602,-0.0012796585966595492,0.0024634478897825264,0.0060785296,0.0008263576304483985,0.0019151532136769162,0.0068696025,-0.00910888612562515,0.002655525338689688,0.014327717,-0.011538310125285884,0.002310372034014732,0.0168428421,-0.007142177256498221,0.0016074935627446974,0.0129876146,-0.0067770419308778185,0.0014286746028014201,0.0112815863,133.69470944280957,952.033680234377,117.34602187805083,594.073010791872,102.009160977495,465.349351972025,102.7246358526821,479.580907279184,91.87406795799401,601.387424577878,74.17867351820225,405.392656265097,151.2467772449584,1201.44070402685,115.70934876334742,770.255495869742
Subj_09_MMH_Bim_R_12kg_Trial_2_EMG_data.csv,0,2.030029296875,2.019775390625,2.030029296875,0,0,0.000422388410478941,0.0031548930570914463,0.0098324781,0.0031834582552202175,0.0020407758117180425,0.0080194473,0.0012284059051359806,0.0013322690482148348,0.0045338632,0.006221273245566786,0.0008194598563290803,0.0090511329,-0.012938217895638988,0.0020235502448405457,0.0205049515,-0.013279314852438027,0.0022409032014298665,0.0220327377,-0.005928298252839952,0.0026953174942047314,0.0135867121,-0.0066998842659999995,0.0017938501952362211,0.012854863,189.7074402869276,1940.56924506913,177.03784243611605,1694.14421572943,103.76029627378085,724.746326306799,97.20088513459564,588.182649404041,151.88424194034891,1299.12424346019,150.5964560572686,1350.97530656103,114.7990210710588,1256.12374083554,107.42801979125404,1112.79704357944
Subj_09_MMH_Bim_R_12kg_Trial_3_EMG_data.csv,0,2.010009765625,2.009765625,2.02001953125,0,0,-0.0022991259146372092,0.0013478551261089174,0.0073339464,0.00011007681709069771,0.0013054951455196686,0.0043089869,0.0018067384137209304,0.0011465358984595146,0.004513836,0.005663102398325582,0.001163585300706163,0.008749295,-0.013281067047397677,0.00127309854097656,0.0169149414,-0.013725566002148838,0.0014945370057693002,0.0187093746,-0.0055816557324627905,0.0017448774361765499,0.0094325067,-0.00580400213332093,0.0011393123853790316,0.008711529,103.558043996574,877.66254614417,99.92385109955711,453.896743407218,93.43467833834296,484.982964552333,87.57439949231598,400.379047879293,81.77702265049618,900.608482353878,82.40094181135885,1137.47089655938,129.17683802389945,1357.80707697778,98.20937444747929,1060.53228599765
Subj_09_MMH_One_L_02kg_Trial_1_EMG_data.csv,0,1.830078125,1.829833984375,1.840087890625,0,0,-0.009025684320874429,0.0007119768285042767,0.0114380838,-0.010905125781150684,0.0009275863018732764,0.0146830566,-0.00040254264695205484,0.0010809002737612072,0.0032638551,-0.0017806983926986302,0.000993155304074264,0.0049183848,-0.014203863937305935,0.0008790155297509424,0.0175930038,-0.015027903950591327,0.0011883980447735677,0.0184673313,-0.008539223855180366,0.0013146557838992791,0.0124623301,-0.011386277296502283,0.0012606920396811944,0.0146561628,83.44132974271137,431.962092067313,59.47693238846694,267.369855307241,31.5719800482183,259.332364894371,41.92301347447117,320.098331185691,20.20074514205582,151.413800461237,26.38846594554403,192.488732499639,30.765982641083628,303.762336380087,37.26474944301622,293.719407074226
Subj_09_MMH_One_L_02kg_Trial_2_EMG_data.csv,0,1.840087890625,1.83984375,1.85009765625,0,0,-0.012600446076455284,0.0007715358803986936,0.0149720199,-0.012665022723393727,0.0014350328736198721,0.0169375427,-0.0022050641720882695,0.0010603492339423025,0.0185365677,-0.0035250510240185835,0.0011020437875425065,0.007067299,-0.017452196118963998,0.0013581113792452862,0.0370224975,-0.01810665169232985,0.001502463190471362,0.0236947071,-0.011493963657756097,0.0014009180857914051,0.0161879547,-0.01494232567888734,0.0010987128372729046,0.0189971924,49.749465152175134,295.624058118027,50.054363885384625,412.166918614025,38.75700271976419,2281.48331364945,38.14640555162584,246.676417664006,25.492749342291052,1831.95515849638,23.01410825220512,195.931618108089,27.247535677985283,111.002755837076,29.74064337407292,138.965033477038
Subj_09_MMH_One_L_02kg_Trial_3_EMG_data.csv,0,1.829833984375,1.81982421875,1.830078125,0,0,-0.010919762716741305,0.0006687605349170951,0.0137615213,-0.010887164706141305,0.000859322614992409,0.0145013817,-0.001794833048243478,0.0010590824100331412,0.0057686809,-0.0025382220120608694,0.0010377037960659105,0.0066916468,-0.01687672248027174,0.000595057961291827,0.0191465393,-0.01679298422958043,0.0007528039922995936,0.0198220257,-0.010186103780619566,0.001006077367578047,0.0144890789,-0.013199295375371739,0.0008139397139754594,0.016787339,84.90536444305496,557.887074907392,60.278605018935785,946.90889852302,41.333597549485745,435.477460438397,45.01049204917145,516.779736982776,22.404046207362377,219.272501045268,26.48130601736945,296.812365779443,30.969973066584465,330.035938238404,36.14538609056187,364.475189132659
Subj_09_MMH_One_L_04kg_Trial_1_EMG_data.csv,0,1.840087890625,1.83984375,1.85009765625,0,0,-0.006280441790129754,0.0014436037629806382,0.0091627128,-0.0033963068561722594,0.001990219130059049,0.0078537948,-3.840641398657705e-05,0.0018879055671151476,0.0043710712,0.0003468905971521252,0.0018045581959138745,0.0039098742,-0.01741657628313199,0.0011994747148944915,0.0206631664,-0.016265144300277406,0.0010023730620916209,0.019390583,-0.007774576140413871,0.0010943027662934954,0.0111239441,-0.010063121967324385,0.0008302274477037128,0.0127447136,95.50727148402123,426.712656125857,75.67034562305766,455.894655748864,41.21873832465892,295.72715337023,48.685217104647755,220.530727460249,21.136933581911013,148.139924882497,24.529874833770787,242.399275154767,35.086161396666974,211.481496797939,35.6367108936091,222.21219043543
Subj_09_MMH_One_L_04kg_Trial_2_EMG_data.csv,0,1.83984375,1.829833984375,1.840087890625,0,0,-0.011268705003317243,0.0008662630116465437,0.014107991,-0.010484668835397701,0.001096116592864719,0.0143403057,-0.0020333404450643675,0.0011102341460832831,0.0059489254,-0.0023867391889862066,0.0011350718051376146,0.0066109658,-0.021462784430050574,0.0013225819888174018,0.025489999,-0.023243731160687356,0.001609880055315503,0.0273236278,-0.010059071171705748,0.0012142486649127629,0.0141677866,-0.013376344996717242,0.000983131281914887,0.0171077736,98.13992698447956,652.731658694184,76.63973225740415,615.427451053714,50.46487265243309,324.458053275855,55.06686001145637,339.787109611886,27.997552733284195,292.178039933108,34.06329492417115,401.604144242163,39.33184655851972,337.183690830329,46.3468441145153,330.724449193069
Subj_09_MMH_One_L_04kg_Trial_3_EMG_data.csv,0,1.849853515625,1.83984375,1.85009765625,0,0,-0.010816807806092272,0.0008292992127286478,0.0145239839,-0.011184322859905421,0.0010564285057548348,0.0162992477,-0.0011693848023091118,0.001102873841963929,0.0041590692,-0.00161483270466436,0.0011232330011995296,0.0057214741,-0.02099936082960323,0.0011468574177174202,0.026131155,-0.022595356657515574,0.0012775420169365828,0.0276901256,-0.009681184381273357,0.001286129664085055,0.0150243761,-0.012795162994166092,0.000970819832832048,0.0175392162,93.05682159070548,629.405689770941,79.9184948133114,1081.76658626334,50.05480666151896,330.529482784648,70.91756165138135,630.85945768361,35.24171134080439,446.808076223589,42.17556524453505,620.016409046248,42.5649409652775,383.429920765871,50.33594633229608,424.016006943272
Subj_09_MMH_One_R_02kg_Trial_1_EMG_data.csv,0,1.8701171875,1.869873046875,1.880126953125,0,0,-0.005509153022683281,0.0017911498230717329,0.0097117424,-0.0026976919490114227,0.001767178348732256,0.0072298055,0.0002656003834475597,0.0017417441183507347,0.0042540552,0.0023961392110031154,0.001597781219691189,0.0053503993,-0.009403505234990655,0.000832295867634627,0.0108933449,-0.01002776202546833,0.0011743978908977425,0.0123212822,-0.0033503151266375906,0.004415627771444261,0.0147517212,-0.0024544977398483904,0.0022840988057067067,0.0097572329,51.7122645138139,419.577102726857,62.7313102502886,485.220494327529,43.01074591153024,406.18558687241,36.54348157495631,265.538631652344,50.4731076153228,398.369535401895,46.19081039935035,318.001678175397,121.3396430697604,1233.09893422709,87.94617041596712,605.829380682591
Subj_09_MMH_One_R_02kg_Trial_2_EMG_data.csv,0,1.919921875,1.909912109375,1.920166015625,0,0,-0.008325726808314149,0.0008571942264789638,0.0109119415,-0.0056462806704820154,0.0006855597936131821,0.0079218866,-0.0023253503414028777,0.0006009299500299637,0.0039113048,-0.0002930939889280576,0.0007276717016474744,0.0184384361,-0.00956924414816067,0.0012450993385867018,0.0127804764,-0.011587292126414867,0.0012019292056539297,0.0145248417,-0.004107212326918465,0.0035550108735111783,0.0160529148,-0.00482711703688729,0.002078995814302825,0.0081021311,56.684774118304055,312.256569886505,69.10245463658906,285.593647411397,44.43134278890582,350.557674015923,51.009457765717876,2918.13004622399,57.051264732171916,530.8261105138,50.26135596000718,350.097358813986,200.5689729728133,2100.98283350698,120.73639236418111,922.075026273893
Subj_09_MMH_One_R_02kg_Trial_3_EMG_data.csv,0,1.830078125,1.81982421875,1.830078125,0,0,-0.00787874763108216,0.0008574110102973913,0.0099151619,-0.005254436158553991,0.0008662354544770544,0.0076586725,-0.0024412608862042252,0.0014873828953751477,0.0060127261,-0.001609022004798122,0.0013443598801616877,0.0049269679,-0.010342932180039907,0.00068554657963929,0.0114767076,-0.012411416215664318,0.0005713460685793873,0.0133212097,-0.004654660296453052,0.002410351009286648,0.012315846,-0.005027504336129108,0.001252220446323028,0.0067062383,69.6556607912281,307.098676612822,79.75222420268626,413.528403775221,54.27409167022486,369.432825715716,40.764766056276684,278.349710576048,51.49041164825633,277.317801315059,41.16200381155513,191.323372537127,262.96026209940084,2028.55704513228,132.67684586435766,1284.44665722347
Subj_09_MMH_One_R_04kg_Trial_1_EMG_data.csv,0,1.820068359375,1.809814453125,1.820068359375,0,0,-0.005445031513410088,0.001038084503466634,0.0085727694,-0.00269767615091886,0.0007629663118736611,0.0048328401,-0.002042221889743421,0.0005383880212443409,0.003420067,0.001290265379105263,0.0006316423021773946,0.0032381059,-0.014037120323813596,0.0004087002322143039,0.0160162933,-0.015150932152885967,0.00044683633076731647,0.0168325435,-0.006406319340706139,0.003366899280284803,0.0147977835,-0.007530061079199561,0.0016555756323892031,0.0096479421,50.872792007514,293.338684584031,66.75251691343912,445.762611177192,48.11026672252306,222.684653387287,43.62473611400232,248.81612883137,70.35467424530913,455.840640067877,56.831148006848,332.072280555862,291.0420927937469,2577.82278237071,117.81170630572416,1458.54833185628
Subj_09_MMH_One_R_04kg_Trial_2_EMG_data.csv,0,1.860107421875,1.85986328125,1.8701171875,0,0,-0.002900708271290466,0.0009096885424863279,0.0062250141,-0.0006071666961729491,0.0008692562196529398,0.0031391145,0.0007093369798514413,0.001213458985811027,0.0034174921,0.0033049240754855877,0.0011895400720615026,0.0056656841,-0.013119908893121951,0.00080262346196917,0.0155725488,-0.014440577788713967,0.0008137619951034288,0.0170954708,-0.006417753570383591,0.003659481433174066,0.0131172184,-0.006896829153345898,0.0016443057280751828,0.0089776041,60.52209586873968,359.215334008331,76.63286062134259,415.320769277139,57.128401453356204,430.639629250919,48.927903976431466,345.002490191672,66.973405776872,424.336591624924,50.88659849383993,336.571122498869,199.78749810603125,2072.01321758871,96.09801308675789,1204.69019311421
Subj_09_MMH_One_R_04kg_Trial_3_EMG_data.csv,0,1.860107421875,1.85986328125,1.8701171875,0,0,-0.0008867427638327833,0.003063151597337446,0.0059649469,0.0012306524108030804,0.002859411561350361,0.0077693942,0.0003222498929394939,0.001168128526736794,0.0034189227,0.0038584488254763474,0.0014830690130540182,0.0080183037,-0.014094158890675466,0.0013414560803295193,0.0169944763,-0.014147775570677668,0.0009538913333384394,0.0170989037,-0.005953437193768976,0.0034459363758594574,0.0145852091,-0.006732891040189219,0.0014984635780973437,0.0090087894,88.08772718625025,721.523947846318,98.10338449159238,613.879365066416,59.98146556791445,288.07269122184,61.14430947470622,376.228059100117,94.59067663086566,482.071817897583,75.19150504437933,364.979879745065,318.566088830877,2679.88850589504,115.61121505497812,1238.76367149449
Subj_09_MVC_All_L_EMG_data.csv,0,2.14990234375,2.139892578125,2.150146484375,0,0,-0.0011496457954882629,0.0029555774909331154,0.0077642445,-0.0009308652833755868,0.002765989967029265,0.0069643022,0.0026828197060328636,0.0022454405802126345,0.0049664499,0.003518366636201878,0.002287339549036999,0.0060956958,-0.006764932709159625,0.0015130150648087401,0.0120912557,-0.005711911057981221,0.001917297757764364,0.0112944609,-0.003505352404962442,0.0017522663444923035,0.0103672035,-0.004402415127605634,0.0017331008826851236,0.0100052841,,,,,,,,,,,,,,,,
Subj_09_MVC_All_R_EMG_data.csv,0,2.139892578125,2.1298828125,2.14013671875,0,0,-0.003945903499562914,0.0013882221386406764,0.0067797662,-0.0025306776806313467,0.0016349264474377029,0.0057675363,-0.0009272378818057395,0.0013943490033780557,0.0040932656,-0.004164609069130243,0.0011724346105003974,0.007684994,-0.010932657965280354,0.00029743889749567795,0.0119951256,-0.011372717423090508,0.0002891249322977163,0.0131598478,-0.0075348533667991165,0.0008656308223873652,0.0097781187,-0.0053061426890331125,0.0008278511679272321,0.007654381,,,,,,,,,,,,,,,,
Subj_10_Isokin_L_02kg_40bpm_EMG_data.csv,0,1.699951171875,1.699951171875,1.7099609375,0,0,0.007493990988902606,0.000245196244291863,0.0080946926,0.0064586075014183815,0.0002665256344323551,0.0071219448,0.0050624366631906725,0.0005187819574539661,0.0071087838,0.006326290557758573,0.00037014206024226615,0.0077359201,0.0012084041242249655,0.00034144178018339364,0.0020516396,0.0005035755143978052,0.00028937412560071295,0.001311493,0.0028639372077174214,0.0005389167097003736,0.004891491,0.005370127970540466,0.000571445044053931,0.0074824337,51.210447050668144,177.341206215766,61.20225627879148,277.44947462604,24.77239718287943,127.141237479971,37.12728941524181,131.435441955379,42.25611580996731,134.515847997632,36.653135506288386,111.719751716061,25.454092168618846,104.540165525676,25.904045219627708,107.354250365696
Subj_10_Isokin_L_02kg_60bpm_EMG_data.csv,0,1.739990234375,1.739990234375,1.75,0,0,0.007556530409480226,0.00016015300894096845,0.0081939697,0.0066425210223531065,0.0001222211396986082,0.0072183614,0.004801099223822034,0.0003233433639466854,0.0061929706,0.006321098809048022,0.00026429325019089505,0.0075757029,0.0015613478508757063,8.805672227370817e-05,0.0020831109,0.0007988655513135594,0.00011951904308296136,0.0014330865,0.0027656158077146893,0.0002975079717784728,0.0043190005,0.0052311623034717505,0.00031567017333237167,0.0072495462,60.83448566285946,281.012934819602,84.28452883128293,362.368326561628,33.30686377177444,151.353210987539,56.496398749729465,179.046547422129,52.52931553042437,266.788091550424,42.24961411682378,197.860242309787,29.27032806773715,94.9449570743617,29.009236313313682,89.4712766151192
Subj_10_Isokin_L_02kg_80bpm_EMG_data.csv,0,1.72998046875,1.719970703125,1.730224609375,0,0,0.00835123588342284,0.00027070452480040374,0.009153557,0.00739930070678395,0.0002431156297179837,0.0080746654,0.005547192405188272,0.00032344543761035817,0.0066956524,0.007141205761438272,0.00033230483347228306,0.0081590656,0.0014653360755771604,0.00015754085412170442,0.0020381929,0.0009641404181203704,0.00019490044146148328,0.001711464,0.003204161939425926,0.00034505515595235106,0.0046265605,0.005692423762944445,0.0004362389636706679,0.0076958658,60.14460515397087,201.631962269118,71.12541902677432,273.323685251865,33.58284889477589,120.820098806201,54.15635368047523,225.813245828424,67.96985058037107,276.497807739915,56.71706726221394,198.957780302648,37.45179770172865,121.851205579268,37.20373977513198,98.9661082613141
Subj_10_Isokin_L_02kg_St_EMG_data.csv,0,1.679931640625,1.670166015625,1.68017578125,0,0,0.007684080090587879,0.0007067990025003186,0.0087192543,0.006308494662642424,0.0003899499644255473,0.0069777491,0.0060662392611212125,0.000999486503618232,0.0079773907,0.0072680629703999996,0.0005721834612323769,0.00840683,0.001072299304157576,0.00021569912465373517,0.0015789986,0.0007422218618242424,0.0004449060350298949,0.0017334939,0.0040599778973212115,0.0012630945124143627,0.0063978196,0.006259416636733334,0.000814868367814902,0.0080157286,33.94974995738614,122.376154929209,29.06617244564465,93.9398477132354,24.284191478464514,68.3042932996723,32.802850293535414,99.0718209422897,33.750380068502686,91.7386507373555,28.93161353629586,84.3350904296689,25.323637712988262,72.6084196831153,21.68502877022345,62.3429122191625
Subj_10_Isokin_L_04kg_40bpm_EMG_data.csv,0,1.7099609375,1.7099609375,1.72021484375,0,0,0.008887284705306666,0.00036715596402516734,0.0097927097,0.007890888726938666,0.00027545120352720834,0.0086385729,0.006779633411549334,0.0005194352067079583,0.0091249468,0.008173769261808,0.000425792571947476,0.0100636482,0.0024220123043866668,0.00014574266386586715,0.0029600144,0.0012017772225866668,0.0001419600577806992,0.0019337655,0.004161606148456,0.0003620644848501763,0.0058759693,0.00585841650148,0.00030494251751957027,0.0075571062,55.63969548168704,179.142787266097,57.60822811052743,163.513559001846,42.862411942712725,149.601117629218,50.241067499221735,158.214142004314,58.06175632763136,187.035667610853,51.81424121690787,174.330052425895,39.69448643634307,127.425960167613,39.93555000810663,109.352681260587
Subj_10_Isokin_L_04kg_60bpm_EMG_data.csv,0,1.760009765625,1.759765625,1.77001953125,0,0,0.009172094842622023,0.00021184195861236987,0.0099494942,0.008303807927297619,0.00019198498470111302,0.0090700155,0.006762412159714287,0.0004247884212778361,0.0084574707,0.008304678463520834,0.0002637569501415891,0.0096098902,0.0019087828395059527,0.0008707937401608586,0.0032057764,0.0009804140868124999,0.0006513197997311436,0.0020956993,0.004199333703544642,0.00034390109202328865,0.005715752,0.006066194197502975,0.0003721718592589607,0.0079361917,56.28952272428142,213.037318159036,68.13063242142812,243.933961758413,44.81022425820806,176.240250028615,55.32016995061603,180.369599674126,52.10568822727015,186.975445925106,48.272535042557884,167.731793257573,42.77858704278339,144.28371800094,43.86851713451674,148.894925922165
Subj_10_Isokin_L_04kg_80bpm_EMG_data.csv,0,1.739990234375,1.72998046875,1.740234375,0,0,0.009484517449514562,0.00018609734483896476,0.0101975445,0.008402547009669904,0.00019790365959007882,0.0090511329,0.007044300149504854,0.00033936550357078577,0.0082291607,0.008136384129873787,0.00021209884516676397,0.0090434076,0.0008469075940453075,0.00020590731781239076,0.001610756,0.0006761840148155339,0.00022388067814926876,0.0015612603,0.004938857179796117,0.0005642168566969349,0.0066610337,0.006614253275055017,0.0004162983781330202,0.0081851007,67.52699752295602,213.671092704781,75.40314491600532,201.949204268063,44.03264997336304,186.128582728446,66.91959713294122,341.872293506958,60.917095450654124,201.938450822907,57.90722851350654,196.643942148766,46.383773442199384,141.332129760586,46.39761378736653,155.433139652431
Subj_10_Isokin_L_04kg_St_EMG_data.csv,0,1.7099609375,1.7099609375,1.72021484375,0,0,0.008867535726977403,0.0003836747358422864,0.0097183231,0.007828809731084746,0.0003132515529055378,0.0085252766,0.007828226638084747,0.0008149390274094204,0.0095191961,0.008936724319627118,0.0005653046525543481,0.010269356,0.0018270654581468927,0.0001414691460158413,0.0024044039,0.000800594506,0.0004681852849978864,0.0019257546,0.005372086320988701,0.0004284839059939994,0.0068455697,0.006848030208830509,0.0003846781866729415,0.0083756447,48.07674419605838,184.672895836855,49.854600871574505,185.361390917422,36.805118096036466,110.391622620662,51.68833700333448,152.039510378097,50.55058931279391,180.605303759021,45.643449535272175,157.993480163844,40.034380641095645,111.025052324424,37.827778531788134,97.2298326885219
Subj_10_Isokin_R_02kg_40bpm_EMG_data.csv,0,1.719970703125,1.7099609375,1.72021484375,0,0,-0.003186009961791328,0.0003291108163664078,0.0040314677,-0.005800065408452574,0.00034949230003075466,0.0065016751,-0.006076958230834688,0.00037157452639537857,0.0068304064,-0.00415223633500542,0.00018292737137321193,0.0046900753,-0.012943125825070461,0.0009843960039858336,0.0146661764,-0.010610027295401085,0.0008844635019707918,0.0122079859,-0.005819165471436315,0.00035292713051133503,0.0074326517,-0.007117982373289974,0.00021204736422586446,0.008260346,43.4158574450296,167.186695984825,33.15620476020958,118.79162154298,18.323157459723127,70.5849219585173,25.448804833243525,96.9806703922995,21.730509463239656,69.7770712846718,21.08716128328996,65.9197771257996,24.935728476229603,78.4874470554218,27.33197936996293,92.1880575152397
Subj_10_Isokin_R_02kg_60bpm_EMG_data.csv,0,1.7099609375,1.7099609375,1.72021484375,0,0,-0.001460518960853211,0.00019450207119250633,0.0023274422,-0.004321781869840978,0.00017025564238190254,0.0050354004,-0.004491902684149848,0.000313977860536482,0.005221081,-0.0026147997688440367,0.0002818728207673264,0.0034269334,-0.008961173597244649,0.00042180066627632915,0.0097400667,-0.0076433182473975535,0.00031230127624937187,0.0082657821,-0.005300674580495414,0.0003235924020144259,0.0064676288,-0.006489602726987767,0.00020051967586721186,0.0074769976,49.47242761743916,182.04928707891,44.85539448473147,155.296434453885,22.64732630394547,84.3329380815547,33.62787580274252,148.953612509357,23.01262135842811,73.9966149628231,22.45188657716727,73.8356112443776,24.90863371107199,73.3092873562418,26.900160996386894,84.7341139880297
Subj_10_Isokin_R_02kg_80bpm_EMG_data.csv,0,1.7099609375,1.7099609375,1.72021484375,0,0,-0.0010320674481171172,0.0002018626653513109,0.0020044327,-0.004173785994558559,0.00023539048461978683,0.0049109459,-0.004312027790804805,0.0003730947233992563,0.0052087787,-0.002119345014105105,0.0003233475355795937,0.0030630112,-0.008172999357024023,0.0005126128873165998,0.0090934755,-0.007185085421225225,0.0003638974507164291,0.0079653747,-0.005087446251270271,0.0005010567694197242,0.0065543177,-0.006272938410897898,0.0002818112906503797,0.0073282244,70.10462025145188,245.40780847445,56.66885323723975,177.086822059122,26.610947388819213,104.728862734664,42.657846316632515,138.92135259643,23.485409790937705,135.638561998614,22.51222359642599,113.503247827525,26.436405306687234,95.9999327673305,30.771558443618744,112.918678565389
Subj_10_Isokin_R_02kg_St_EMG_data.csv,0,1.679931640625,1.669921875,1.68017578125,0,0,-0.011508631957993709,0.0005557383113495713,0.0122383125,-0.01237722079162264,0.0004130665585224825,0.0131546976,-0.012698390399798741,0.00032424020955956593,0.0134708406,-0.01103241285801258,0.0004517317613921944,0.0119304666,-0.023264790741075472,0.0003079434369005125,0.0238380451,-0.02048075571811321,0.0005355548974137443,0.0213492401,-0.008632346570477987,0.0011332848371324096,0.0109019279,-0.010043192797427674,0.00021317165309696692,0.0109130861,26.7074002165968,85.3952359623789,23.463516580813845,72.3176397675105,23.389211568221853,64.910841951947,32.21187387091115,95.6199521542386,19.006350453740737,53.9003182561676,18.052963577231687,64.6527322077857,22.99056023079533,65.0735930674208,25.45009631616655,73.3395385241336
Subj_10_Isokin_R_04kg_40bpm_EMG_data.csv,0,1.719970703125,1.719970703125,1.730224609375,0,0,0.002104142584500213,0.00022264345907288758,0.0028716088,-0.0015574631310475277,0.00018362585543149276,0.0024822236,-0.0013418695932011936,0.0003129980850956927,0.0022376061,0.0012471537865675617,0.00024074450717472803,0.002488804,-0.004998456657813831,0.00012680778825679523,0.0055792811,-0.004580881195308504,0.0001860007324960807,0.0051120762,-0.003580888988773444,0.00047001018470319375,0.0053332332,-0.0043199770302536225,0.00019103794062112872,0.0054528238,55.64351142472089,175.411286422362,50.01585935367029,190.932846875368,38.61501150970418,147.627417708341,46.36176116876455,143.128801738749,28.184367267586595,88.5183756299146,26.799645378189144,84.0144807996605,38.042651618094666,121.178418483712,39.217902822708105,122.124170865758
Subj_10_Isokin_R_04kg_60bpm_EMG_data.csv,0,1.719970703125,1.7099609375,1.72021484375,0,0,0.0008879669242650602,0.0011500734590935693,0.002628708,-0.0025965243426666665,0.001065882292852957,0.0049040797,-0.0026630622408326645,0.001330443636857563,0.0054631233,0.00010656143398661312,0.0012601338312329818,0.0025963783,-0.006553803667745649,0.001832721547062549,0.0097949989,-0.0057216091471004,0.0013937735090101082,0.0084174164,-0.004110265575991968,0.0005261700068810919,0.0066779139,-0.0045206964509477915,0.0004138605848090277,0.006597233,53.67939851413309,188.480553801337,48.44985882955289,171.23806732974,37.167561083290785,138.800852849471,44.15400504009969,176.682990873589,28.486575002950172,106.412342098733,27.962612339144297,103.629451102056,37.44654326276614,120.859632893322,40.86047463400207,155.233439731917
Subj_10_Isokin_R_04kg_80bpm_EMG_data.csv,0,1.72998046875,1.719970703125,1.730224609375,0,0,-0.0018743189750205372,0.0005312351525026685,0.0033988955,-0.005906346782208531,0.000573508017998466,0.007436085,-0.004796683729813586,0.000623587493568976,0.0065837861,-0.0014347340089131122,0.0005795968809472609,0.0029542923,-0.00934076279135545,0.0007583050046432382,0.0110924728,-0.008207427254593997,0.0007729695576144617,0.0097014429,-0.004759153830410743,0.0004389839109308318,0.0073977471,-0.0042902872868183254,0.00033093477926677726,0.00619154,48.87687486518338,207.21161237535,51.526377187916644,218.039601475468,39.304961662148905,127.893112538693,48.16301451918711,134.359881086992,31.641398604970778,139.451227199954,28.290735119317322,105.256562877352,37.8199654016471,146.311538978201,41.49658722137819,122.853830740025
Subj_10_Isokin_R_04kg_St_EMG_data.csv,0,1.670166015625,1.669921875,1.68017578125,0,0,0.0016537133615706213,0.0005576156516311877,0.0025302889,-0.002411847329734463,0.0004771416006841474,0.0034838677,-0.0016364728041694916,0.0004605776637729649,0.0030138018,0.0013761522526666667,0.0003177753573682053,0.0022768022,-0.00469815446020904,0.001267785313265093,0.0062247277,-0.003729707027214689,0.002090121431893001,0.0058216099,-0.003362254700824858,0.0012293433569586611,0.0054739956,-0.0045610814549887,0.0003225755081291235,0.0058264732,38.51786720299368,120.362835024132,34.74513043149907,108.849733071079,32.390879892102944,148.072157453187,39.88889455047067,122.237015957441,24.789453739737908,81.7255910856042,23.08819389977167,66.9887137833743,30.88597236461306,89.5718226886082,36.186880993698956,127.583686330005
Subj_10_MMH_Bim_L_02kg_Trial_1_EMG_data.csv,0,1.89990234375,1.889892578125,1.900146484375,0,0,0.00430419339321719,0.004371207953311229,0.008149338,0.003387844176269455,0.00448227238198723,0.0072352411,0.0035702066655865275,0.002177023033563989,0.0071745873,0.0023031399914425084,0.003151474537572626,0.0060613635,-0.0017860866807874565,0.0014359635907604214,0.0039384845,0.0015617846239442507,0.0011372042606833663,0.0041344645,0.00034467894587224165,0.0007371478646716706,0.0031680109,0.0008685461489337979,0.0009569081374621687,0.0029874803,45.95578757667313,247.644623648163,52.32183203826315,339.370246645911,17.8948661563537,74.5128281531624,28.354369564963367,146.064814118603,23.21616032396809,144.212613545705,21.31988112147228,136.18961593723,18.800764424858244,116.95996016656,24.788374256821985,92.2528393205609
Subj_10_MMH_Bim_L_02kg_Trial_2_EMG_data.csv,0,1.89990234375,1.889892578125,1.900146484375,0,0,0.003151500844226721,0.0010121465994950608,0.0057257656,0.004865641044736842,0.0011756273992394623,0.007509327,0.0027842491460053982,0.0010426382477104485,0.0056479457,0.004254837899546558,0.001006539433656914,0.0067131044,-0.007159465894680161,0.0007340551269752667,0.0090723038,-0.005837255534156545,0.0004449678847918384,0.0073147775,0.004791913596777328,0.0012832880855302312,0.0087281233,0.006227944765049932,0.0014422327868402077,0.0100330357,86.61153190416574,414.483640697941,88.547785618648,458.926917537801,21.61632434214057,193.628899975358,31.33132572586119,273.833174397868,30.031312235488986,237.397190907688,26.836074179775597,204.218904394622,19.446521812424734,106.339026113723,27.81040465385198,98.3212455186845
Subj_10_MMH_Bim_L_02kg_Trial_3_EMG_data.csv,0,1.909912109375,1.89990234375,1.91015625,0,0,0.008257271254916668,0.001629190526197466,0.0106842043,0.009157256220051722,0.0014306902470777193,0.0112483986,0.0049250219264224135,0.0011953036093872225,0.0070858956,0.006540005476045977,0.001108326097730044,0.0084571838,-0.004518419415902299,0.0009507282395826191,0.0062753679,-0.0038418831006321835,0.0008409740393868149,0.0052617076,0.007889344975908047,0.001085038059936516,0.0096828463,0.009278432110462646,0.0010243426946682616,0.0115161901,62.70100665579585,314.157953297483,69.34367681629833,321.858066934643,19.984104965985168,108.385006465898,29.635492279262795,140.884936853897,23.416729055682666,155.96306671659,19.507036145972698,124.849779559191,13.645997131373464,66.4926555486926,20.646343622772086,94.3358895293978
Subj_10_MMH_Bim_L_08kg_Trial_1_EMG_data.csv,0,1.860107421875,1.85986328125,1.8701171875,0,0,0.007576117228032653,0.0018454875941748255,0.0098565109,0.007688606008454423,0.0014009665093184442,0.0094854357,0.0061021082946802726,0.0007552432521724108,0.0082345968,0.0070092982916598635,0.0007356979363722197,0.0092376713,-0.002207456432810884,0.0005519315804586165,0.0038572312,-0.0021585210473034013,0.0009088141757429295,0.0044111256,0.007711132742827211,0.0007151535717997964,0.0098113064,0.008193255909983672,0.00048805230601006635,0.0112504009,69.44189317719223,329.58937134728,71.7166344982776,292.235538606503,45.428277419931,175.780071577861,60.624885075886105,260.266814697731,24.706050602415715,120.033058927327,22.554987678953147,118.738293723621,35.928082108638904,171.688748286092,48.54777144310449,190.157617262083
Subj_10_MMH_Bim_L_08kg_Trial_2_EMG_data.csv,0,1.900146484375,1.89990234375,1.91015625,0,0,0.00642774721268036,0.0005157971404275649,0.0094725611,0.0065198098420898585,0.0005213396155512131,0.0088588716,0.004990677469350449,0.00033375989788212167,0.006222439,0.006875636437234918,0.00041138253595861225,0.0083378796,-0.0026824093028395375,0.0002893809622820514,0.0040632249,-0.0036472117772041084,0.00048303489821704786,0.0049550058,0.006949860934682927,0.0003264436317241532,0.0092720035,0.00794056911585366,0.0005732668937340055,0.010781765,108.29988500828074,641.076275777271,112.24385003104199,509.420075533488,38.68888454942975,152.968466210163,47.47341270832602,197.10057328652,40.64076625296936,254.381059891196,34.830586675625845,217.595332562424,27.3905535788637,125.223784293876,38.86386440182215,143.763002157997
Subj_10_MMH_Bim_L_08kg_Trial_3_EMG_data.csv,0,1.8798828125,1.869873046875,1.880126953125,0,0,0.0036683904925391302,0.002035700052088765,0.0068069459,0.0038430089708724633,0.0019387008770090888,0.0071222307,0.0032440317508434786,0.001272531817177803,0.0057463646,0.005001139910455073,0.001363465607411148,0.0078689577,-0.002754769419037681,0.00036260980413961753,0.0038795474,-0.0035236504464550723,0.0004356151310673248,0.0045613293,0.005458622220556522,0.0013263416087571907,0.0079130176,0.005759820712455072,0.001545107498436766,0.0090004923,58.49001281099884,226.784567922549,57.30032563282462,276.357960204171,33.206610178829195,132.942750813802,41.23701480744734,164.130676933541,28.033435953753465,189.242727909978,24.771514355728343,133.218853292532,27.538468445277367,82.8323318276462,41.33428694160761,137.051174106415
Subj_10_MMH_Bim_L_12kg_Trial_1_EMG_data.csv,0,1.830078125,1.829833984375,1.840087890625,0,0,0.004293217987086022,0.001503832371649629,0.0068129543,0.004651786775833333,0.0017751259408708853,0.0073142056,0.0027968082772526883,0.0006980626202321311,0.0044986727,0.0047436238637392466,0.0009026155663730006,0.0069030765,-0.003008054303120968,0.0004048579272154346,0.0043885233,-0.003126891966892473,0.0004266227027087575,0.0046348572,0.005557564678295699,0.0009289628275409146,0.0090660099,0.006845758252013441,0.001416070607145309,0.0103903776,106.06137291097767,487.095015735885,97.854017925443,421.132396129623,70.87592630385024,226.308074428197,64.92083017414683,236.18707884384,38.08974472468586,172.64549388723,37.21220565702743,151.412011394928,52.61418090089644,158.446819040753,75.25542299151888,266.089500975297
Subj_10_MMH_Bim_L_12kg_Trial_2_EMG_data.csv,0,1.8798828125,1.869873046875,1.880126953125,0,0,0.0017079308484139783,0.0005851266163641036,0.0035754205,0.0016404489204650539,0.00059991150010515,0.003727627,-6.457680570967742e-05,0.0005199943457160728,0.001829052,0.002965677040419355,0.0006365512655627224,0.0059632305,-0.003781894566881721,0.0005193363712771123,0.0054090503,-0.004453753185384409,0.0003978108934179395,0.0055512432,0.0017928290160752688,0.000548673272601187,0.0044368748,0.0036551043083655915,0.0008457842356238702,0.0067972187,77.64817283506142,382.40353979823,74.17138188410323,439.621187618807,58.77039996824918,193.824223815383,60.74388111442567,215.843214121533,28.78131068506664,107.814589112596,28.01743409319862,110.92080062269,45.120732376424215,152.080903164442,57.87104987542976,205.429197875299
Subj_10_MMH_Bim_L_12kg_Trial_3_EMG_data.csv,0,1.919921875,1.909912109375,1.920166015625,0,0,0.004684455896014306,0.0010512882239812605,0.007215214,0.004623446195298999,0.0012875938781615524,0.0072684293,0.0019364120131502144,0.0006770715054174422,0.0042866711,0.004633312866220315,0.0007845929924598199,0.006991196,-0.0038256671471702435,0.0004074768246322513,0.0054090503,-0.0036203815150672386,0.0004093576542070058,0.0047884942,0.004792391033479256,0.0009857072039979673,0.0083235744,0.006364291420042918,0.0012000391059376959,0.0107969288,75.65679599378124,540.354378532511,67.65667136424815,366.403764889268,59.11294034502345,196.88156952239,65.70130552042534,254.984492460183,33.88436919530664,139.743301465946,30.954585891506103,129.6975072895,43.38977585403255,169.377449248658,60.04787467953934,175.731096314538
Subj_10_MMH_Bim_R_02kg_Trial_1_EMG_data.csv,0,1.840087890625,1.83984375,1.85009765625,0,0,-0.010934559939149185,0.0075345015656231714,0.0249552745,-0.014473214387808858,0.006393200142823016,0.0261875167,-0.016393791904034966,0.007000863907567875,0.0286451355,-0.010052435187755246,0.007638420423081888,0.0237090122,-0.01622455777165501,0.004777943851312173,0.0260212906,-0.01398543685739627,0.003776327341379994,0.0217380524,-0.012964023465331001,0.003150365314121732,0.0191571247,-0.01159745862337296,0.0022641032614188305,0.0161172878,57.21233753250894,263.224473458159,50.8792649236783,219.42776000661,23.513821757638016,122.267351787015,36.31188718691359,182.341515238478,22.532531066589996,141.75716983663,20.859647983774188,126.835434514062,16.36810792471405,84.3324017474708,19.968152845455688,137.709328027844
Subj_10_MMH_Bim_R_02kg_Trial_2_EMG_data.csv,0,1.89990234375,1.889892578125,1.900146484375,0,0,-0.01854060401302168,0.0014354122392715482,0.0219157226,-0.019096601038216806,0.0012455019057085227,0.0216630939,-0.0220023697479729,0.0012738412090713199,0.0242302902,-0.020020092707111112,0.0013767530867418844,0.0225377083,-0.029309465505065035,0.0011263773227658661,0.0318600684,-0.026274617371224933,0.0014479360671101746,0.0291234981,-0.016665100743257454,0.002149091128532423,0.0205739029,-0.015024717250582655,0.002211263814558598,0.0185254104,53.55892288705855,275.397758121197,45.713842314335814,203.779764708023,19.739302536206566,107.535257583402,30.14938780375025,164.384186150323,18.690695227382054,98.4639189369439,17.501417063274832,97.8961549193669,17.760436214305916,136.572814298713,18.914288446091735,115.174432208044
Subj_10_MMH_Bim_R_02kg_Trial_3_EMG_data.csv,0,1.919921875,1.909912109375,1.920166015625,0,0,-0.012671537551002898,0.0017490657093959612,0.0161052719,-0.014454336876840581,0.0016487171189970217,0.0176081657,-0.018246492841524634,0.0015367464117193102,0.0212024692,-0.015605926964208695,0.0016869572155880006,0.0188721661,-0.025944658967463768,0.0014367260424797835,0.0281790737,-0.02193098589676232,0.0012193592866548341,0.0239187256,-0.013029496057063768,0.0013066098406627979,0.0158200264,-0.01198729533933913,0.0012485854877568128,0.014828396,62.921523241732444,354.571796534759,51.13671214623366,201.605649208428,25.543205176979875,120.507935530868,34.0335251400958,144.93365989172,27.85882292786348,154.110492117919,25.069132804714354,145.698735830616,18.062679961815537,117.663704687987,17.922137342323595,110.323830648501
Subj_10_MMH_Bim_R_08kg_Trial_1_EMG_data.csv,0,1.889892578125,1.8798828125,1.89013671875,0,0,-0.008340048967303644,0.0023614880067413776,0.0133629804,-0.010198871723303643,0.0020779000446027184,0.0145102507,-0.0133452205194305,0.0019064866558472253,0.0173071865,-0.00952742812071255,0.002384672295273933,0.0144169815,-0.020577066776407554,0.0009254440076080442,0.0227691662,-0.016562250535530364,0.001006289296976853,0.0192501079,-0.009339561850912281,0.001365785078968378,0.0126894955,-0.008018023654923077,0.0011572972148148767,0.0107954983,78.75348865651294,462.145406335164,60.47524968152171,361.293737998825,34.279054710676185,223.910131142908,52.57713734169964,292.381094418359,28.3684967187324,280.005763456019,28.77316695312041,234.770459334511,24.449315195886737,104.849422567068,25.954341994116533,152.83193506798
Subj_10_MMH_Bim_R_08kg_Trial_2_EMG_data.csv,0,1.89990234375,1.889892578125,1.900146484375,0,0,-0.014090263153938382,0.0006116211428071925,0.0156598091,-0.015946335816213093,0.0005579698715111934,0.0170591362,-0.01826565510678819,0.0006198151973879153,0.0199461952,-0.014848153474264443,0.0006214561138812259,0.0161244404,-0.025304287754811295,0.0002782820084049337,0.0270277988,-0.020591534034983313,0.0003744357376437584,0.0216067322,-0.015095148824154045,0.0005545186993207738,0.0166666042,-0.013174375269345312,0.00046530527614854734,0.0150309568,130.32608949620064,496.215134937519,81.50026351928791,319.353070348127,32.43536251501263,153.83309953353,48.31496658153154,218.440219837073,42.96280746027449,193.170451938502,35.22832813898099,156.002757978572,24.102935607594414,167.053635314065,30.025238838359915,174.207792529042
Subj_10_MMH_Bim_R_08kg_Trial_3_EMG_data.csv,0,1.889892578125,1.8798828125,1.89013671875,0,0,-0.01909296055381818,0.002771346293911323,0.0236437805,-0.019692811942161617,0.0023339152896381834,0.0233462341,-0.02174408338595671,0.002384605166117587,0.0371512435,-0.01880129240761039,0.0027758232491987417,0.0234532375,-0.026264492043503607,0.0012443407400242216,0.028772736,-0.02204459340588456,0.0010914016550686145,0.0244969372,-0.019555027929858585,0.0031379808843748696,0.024304105,-0.01788529843345166,0.002701484812449323,0.022444725,65.9225282036656,345.304973448793,58.16137439860101,253.463589003692,40.070723798516326,1931.35862266825,50.48543599088677,224.272939308978,23.078792211459874,106.494977227806,21.664111261794513,106.785613672815,33.67366766212174,106.649406605077,34.56013111819193,123.259478072975
Subj_10_MMH_Bim_R_12kg_Trial_1_EMG_data.csv,0,1.820068359375,1.81982421875,1.830078125,0,0,-0.018961086898024098,0.0021673115670959877,0.0239210147,-0.018832131400452475,0.001571359219293083,0.0226584449,-0.021476281790423025,0.0014567834418104987,0.0249137897,-0.019363418877751004,0.0016179659347730834,0.0230795871,-0.026700146032524765,0.0008107198271185049,0.0288465507,-0.022419576381606427,0.0007965904175248964,0.0242025387,-0.01899773252846854,0.0021596739711580016,0.0240514763,-0.018288535985633198,0.001598350615022226,0.0221300125,117.01553965870009,536.800167003473,91.48611072320995,495.496903589875,52.66273843895539,228.936882178943,69.9132997701824,377.297310013561,48.73804870095834,324.576481877806,44.54286777536096,219.642031189932,45.10660835666206,155.612396991929,43.0477499813764,146.663597683474
Subj_10_MMH_Bim_R_12kg_Trial_2_EMG_data.csv,0,1.889892578125,1.8798828125,1.89013671875,0,0,-0.024004950805767762,0.000786820703293432,0.0260862354,-0.023354832513344262,0.0005976169460921061,0.0250591282,-0.0253991370168306,0.0008868217832214685,0.0282285698,-0.024048156551560108,0.0010196593508128376,0.0266258251,-0.030346522327639344,0.0005762191777920982,0.0332242027,-0.025787380049382514,0.0007808835147256806,0.0286843311,-0.024766516138773224,0.0016288375370700386,0.0280062687,-0.0248065910161694,0.00102006762081095,0.0271485336,105.86046534738938,649.750956297192,100.66405569477998,413.141746318373,47.55275837432464,226.777833048432,63.656225177719335,331.204089647388,56.84307840626616,286.231311866918,47.6255501821183,251.796249343956,43.980250344356115,163.972094186942,42.36330550590734,161.439023368224
Subj_10_MMH_Bim_R_12kg_Trial_3_EMG_data.csv,0,1.85009765625,1.849853515625,1.860107421875,0,0,-0.018700838346811476,0.00165281077704939,0.0230767261,-0.018534759394516397,0.0013809150779474724,0.0219057091,-0.02089667876848087,0.0010293824139130526,0.0230481159,-0.019537162043819674,0.0013672297590554263,0.0225417148,-0.02738980999170765,0.0006500821217974085,0.028874876,-0.023586509446480875,0.000589059067160093,0.0250365268,-0.018777701500254096,0.0015833556775146154,0.0363241211,-0.019313575301213116,0.0010598653515684184,0.022166349,67.09134571682085,424.127040847629,73.56369152390798,314.101697252958,50.318148600797954,207.507032099401,70.06184517281243,258.239833364686,29.007123711665926,175.778438230355,28.773257481346835,133.172156619535,49.01182756230358,921.68885270614,54.26322981352757,1191.67961969894
Subj_10_MMH_One_L_02kg_Trial_1_EMG_data.csv,0,1.739990234375,1.72998046875,1.740234375,0,0,0.00131259729249354,0.0009478265768689013,0.0064026834,0.0007119996574289405,0.001156164176182573,0.0063546184,-0.0019678060744315246,0.0013809978145588374,0.0163046848,0.0005715132809276486,0.0009009972156360154,0.0168396961,-0.0053656922027183465,0.00036122856422206886,0.0068138125,-0.004423593927449612,0.0004176895332716312,0.0056167603,0.0009395883698320413,0.0024195950261617794,0.0186916366,0.0031408712293100774,0.0014634465261111629,0.0097952848,113.27293688976602,772.192075200971,149.82019584550693,1016.34128580666,133.2842254888257,2255.15653381253,125.91355166448554,3366.9637852628,56.420925388772375,339.157813942936,43.8244717097811,213.106739495095,88.80310538103572,1121.75477488416,38.15282750568536,249.800922206731
Subj_10_MMH_One_L_02kg_Trial_2_EMG_data.csv,0,1.719970703125,1.7099609375,1.72021484375,0,0,-8.480359631799167e-06,0.0007334656093069525,0.0041625025,-0.0005742168043012552,0.0010005538725112034,0.0041107181,-0.0031973711777015345,0.0010728985486333916,0.0048128129,-0.0006842086566276151,0.0007459464162278554,0.0040620808,-0.006578787866153417,0.0003741530317935548,0.0076632504,-0.005259530618797768,0.00047441979597414777,0.0061775208,-0.0012544972917015338,0.0022618336139269093,0.0125095369,0.0020246121602956763,0.0013820405900849553,0.0084583284,94.07362001674956,444.651014665602,103.03717003477016,644.57623726456,40.759410733893375,207.443323038888,61.27361404232993,325.136968277108,72.84477911386718,462.072246943363,54.09520777486178,260.26809163836,29.552482956033423,266.503423346619,21.030894031170156,133.319168755661
Subj_10_MMH_One_L_02kg_Trial_3_EMG_data.csv,0,1.719970703125,1.719970703125,1.730224609375,0,0,0.0007049658079710145,0.0007038335289169342,0.0045192721,-0.00018986720975230567,0.0009053755527891064,0.0041095736,-0.002514094562295125,0.0010340525940623147,0.004541588,-8.189531147826087e-05,0.0006979628658807581,0.0039327624,-0.006924951104861659,0.00027864233422883916,0.0079124458,-0.005295234816334651,0.0005045247395637247,0.0064089778,0.0005608652278181819,0.0021577066365905603,0.0180567745,0.002977421325557312,0.0012717093294286922,0.0089647295,85.04213721849636,442.564122302366,97.9649397768099,511.654320500927,40.103033380532494,240.725471999305,60.86932539559796,352.512766657619,62.19278384037625,395.926938665662,51.58221458013693,325.789319170181,38.846967333234105,1090.00932351504,23.128339484869546,150.128291191511
Subj_10_MMH_One_L_04kg_Trial_1_EMG_data.csv,0,1.719970703125,1.7099609375,1.72021484375,0,0,-0.004045818478218391,0.0036645556525004824,0.016512394,-0.004737320728266666,0.003823662049746312,0.01757784,-0.006856087920101149,0.0038282261968656476,0.0196254738,-0.004470653387717242,0.0036645484359810656,0.0167581569,-0.010315462454457473,0.0031143157818327824,0.0203787815,-0.007728564889627586,0.003044757645379507,0.0175111778,-0.004365597112859771,0.004416553790972584,0.0174880028,-0.0006614626299172414,0.003517613869256328,0.0115304952,151.96983830832315,2904.91476326782,154.3557674560455,3366.26922150737,128.35309547315077,1734.28983109911,99.7586111494276,2401.67087803497,124.47770483474133,2666.99577225637,100.40557788193935,1681.74500754497,84.90253492229938,809.189688965061,35.29729062591953,580.213528381014
Subj_10_MMH_One_L_04kg_Trial_2_EMG_data.csv,0,1.72998046875,1.719970703125,1.730224609375,0,0,-0.00484150261452701,0.00126796340169365,0.0068275454,-0.0050852326415362316,0.0015355753917305082,0.0074769976,-0.007661609415483531,0.001598874829001903,0.0097835548,-0.005739329209359683,0.00121836715748088,0.0077430727,-0.012072066202650856,0.0009202209301488549,0.013645363,-0.009761780218732542,0.0009120717190187724,0.0118314745,-0.00500473550688274,0.0026555526749958928,0.008450604,-0.0016721370448010541,0.0022919786302759006,0.0062170033,104.25325340889496,615.190838094204,113.96133731826018,740.182423347842,83.93557655931488,548.448310532976,81.37615664719559,334.222860428044,70.72585359857091,315.386746417076,56.91630529336079,260.891148536685,71.05807885372754,522.856714503275,34.446244525983374,213.100487184318
Subj_10_MMH_One_L_04kg_Trial_3_EMG_data.csv,0,1.760009765625,1.759765625,1.77001953125,0,0,-0.00355954007101353,0.0008254416697717765,0.0056327824,-0.003515214469753998,0.0010784211526438463,0.0059823995,-0.0060896491641894215,0.0011878367616814768,0.0074283602,-0.0038867601448044275,0.000733335003282631,0.0051887515,-0.009217978514730628,0.0004221992562800809,0.010743428,-0.00716545789594834,0.0008253144870944335,0.0090004923,-0.0044946166406371465,0.0022226610952753665,0.0096070291,-0.00048399385401722017,0.001641667406692063,0.0074984552,170.16150819676244,713.072351160037,154.31630753876527,754.373030029371,76.65480611266952,550.822036596465,79.78631405576755,352.010039897881,66.16809666229048,475.063130847145,62.48370832813886,405.145560330689,60.06042353932516,553.575684810907,35.71898238084161,248.653731652098
Subj_10_MMH_One_R_02kg_Trial_1_EMG_data.csv,0,1.800048828125,1.789794921875,1.800048828125,0,0,-0.00867673921230931,0.0022691854887833237,0.0158632286,-0.010607831286225226,0.0015281392153453025,0.0157928467,-0.011532895875336338,0.001792728189395808,0.0162909515,-0.009086552354309307,0.002615998620245835,0.0161816608,-0.021995263551318315,0.00061612433248531,0.0232927334,-0.017575984139054052,0.0012104786751315206,0.019753933,-0.007277624207633633,0.0022001291508723458,0.0113674169,-0.007287748136795795,0.0023455863147858937,0.0103551866,101.14390400165577,557.970895029784,54.75105368404752,291.969385057406,38.60602440993625,373.899958628289,49.38834233587738,501.712131170405,26.582858436869998,168.904731373095,25.556170421473016,158.98297366354,29.68966434705815,283.607603351009,42.04663662391699,433.79420599096
Subj_10_MMH_One_R_02kg_Trial_2_EMG_data.csv,0,1.77001953125,1.759765625,1.77001953125,0,0,-0.02170533107176638,0.0018025953144109172,0.0243850723,-0.02201558011722507,0.0013138833013773932,0.0243553165,-0.021328107742296296,0.0019516451908186416,0.0244319923,-0.020595011658527063,0.0020391310423217477,0.0240686424,-0.026574649108495725,0.0017143317312319514,0.0298041347,-0.022302911764150994,0.0013793983862168968,0.0253921524,-0.018097318193948716,0.003353538785686162,0.0224967971,-0.015952229959820513,0.003774203839593885,0.0215477943,109.99029075414762,1231.07300233803,78.41811631552073,499.612623450117,42.602969032616016,633.074378858829,50.63746165041169,820.114503768673,31.427248153348753,146.618416814418,27.66929153973772,138.499168728721,58.34782888231818,546.036888370449,68.00204187058655,760.943514694696
Subj_10_MMH_One_R_02kg_Trial_3_EMG_data.csv,0,1.830078125,1.81982421875,1.830078125,0,0,-0.023422918824747126,0.0010141318172299143,0.0251252186,-0.022355794628126438,0.0006423371400344148,0.0237931255,-0.024145037210390803,0.0009374149939052946,0.0260032658,-0.024548872046094825,0.001019333243071119,0.0265826229,-0.0293468218196092,0.00044717336896137755,0.0303960815,-0.02539314602786207,0.0005751799223911034,0.0264020935,-0.023207121883163793,0.0023697469669745437,0.0256007202,-0.023494839021359196,0.0025299464479709584,0.0259108562,78.42914264187601,776.596855738072,53.99573532886892,296.190498561955,30.11857341667968,362.604636061392,45.01972155227561,444.985721934002,25.910479862802525,107.90010199854,23.574648975266665,140.267511605226,23.08626089830002,384.618548926214,26.397802934617474,621.278200905899
Subj_10_MMH_One_R_04kg_Trial_1_EMG_data.csv,0,1.68017578125,1.679931640625,1.690185546875,0,0,-0.01989692747394677,0.0024606971935903343,0.0227525719,-0.01934269237846134,0.0012901617681490443,0.035733033,-0.020943355965409378,0.002140801566616721,0.0235728268,-0.021354672763678074,0.0021409571616206,0.023788834,-0.026674012618643855,0.001290706805525082,0.0291521084,-0.021628658248577945,0.0023671827447057114,0.0253031738,-0.01800962290952598,0.0031052046801951895,0.0353281982,-0.01845424953577947,0.0032053212739327317,0.0222713482,165.3139995557035,1080.3821003668,96.62131625170537,3299.09246040273,77.7645228684759,550.22706868837,101.63614081050417,645.388340832116,31.806947964221163,314.078781781275,36.5564016550643,626.764118147347,67.83735638356501,897.829287683468,83.95726418889278,585.289439297902
Subj_10_MMH_One_R_04kg_Trial_2_EMG_data.csv,0,1.68994140625,1.679931640625,1.690185546875,0,0,-0.018117097321786006,0.0023609208115129175,0.0219223034,-0.017943883018979423,0.0013529988127465187,0.0205610283,-0.019009424716123456,0.0018394242068991418,0.0214751251,-0.018990618900010976,0.001980599403739935,0.0222393051,-0.025696561911720164,0.0008740296351147828,0.0273247734,-0.020794269914792867,0.0016246638444297006,0.0232192054,-0.015834059017969825,0.0024761736539729165,0.0186930671,-0.01592637883842524,0.002561219226168691,0.0185846332,207.26182580832537,3219.07406955656,91.87669655004301,3411.33771308577,76.62285208486146,635.095087715614,103.66434986656405,819.589471072362,36.32193771232903,135.813156783786,34.127804748307504,140.355275726026,58.178032535870656,427.479549984925,85.66805576901454,622.373556819489
Subj_10_MMH_One_R_04kg_Trial_3_EMG_data.csv,0,1.7099609375,1.699951171875,1.710205078125,0,0,-0.020519887284651282,0.0026058643984560492,0.0234852806,-0.019978101691266667,0.0010968831627378396,0.0220247284,-0.021365583364184614,0.0019919495619913916,0.0233616829,-0.022051400005371796,0.0018642293383228465,0.0240285881,-0.026786192712151283,0.0005625341283256146,0.0280440338,-0.022273933871492308,0.001090393288000168,0.0238783844,-0.018234602634607692,0.002943882976915598,0.0212565437,-0.018126324013648717,0.002888518484091012,0.0205684677,156.1515992185444,2997.59666451084,79.36770318759056,525.088532824933,45.44189411794769,458.681832219409,63.955493186611285,557.642823077736,28.300454414540102,136.50964045376,30.088291686817712,234.524022349874,36.271409888357496,368.219132185774,32.9917966962887,582.157510926385
Subj_10_MVC_All_L_EMG_data.csv,0,1.8798828125,1.869873046875,1.880126953125,0,0,0.00752367281029845,0.0014289601879376131,0.0093512535,0.00592564132820155,0.001486102894410774,0.0080017094,0.005757467957426357,0.0007538687019231547,0.0070258141,0.006693619407387596,0.001178733126141,0.0083478931,-8.597972174031008e-05,0.0016365643155983837,0.0033668519,0.0001436617910581396,0.0010522613677174174,0.002550602,0.004575299959697674,0.0007610158533016245,0.0085355761,0.006230196253139536,0.000880366771881644,0.0118097309,,,,,,,,,,,,,,,,
Subj_10_MVC_All_R_EMG_data.csv,0,1.83984375,1.829833984375,1.840087890625,0,0,-0.0026628821800492425,0.002536854196328874,0.0072252275,-0.005063257202969697,0.0019071052443386735,0.0083787926,-0.005580976711439394,0.002789732731295734,0.0099924095,-0.0029929312996666664,0.0029498012225744824,0.0077671055,-0.010275173254140152,0.002494638623973135,0.0146942148,-0.008395334861742425,0.0028809883127381463,0.013188458,-0.0038165144716098484,0.0016919636265319222,0.0064965249,-0.0033261973692765147,0.0011813008013544918,0.0055392268,,,,,,,,,,,,,,,,
Subj_11_Isokin_L_02kg_40bpm_EMG_data.csv,0,1.009765625,1.0,1.010009765625,0,0,0.009900589208916667,0.0006496481445468509,0.0123312958,0.009546273686142425,0.0019758758445936496,0.0152515415,0.006966830160390908,0.00031983914732074446,0.0095755579,0.00405355412734697,0.0005084333202005064,0.0070180898,-0.00039062896429999995,0.0018316707512411473,0.0048477175,-0.0005516579613636364,0.0013903590698460023,0.0040311813,0.005904013898374243,0.0003468271197199644,0.0080297478,0.00654376195035909,0.0006321222233704825,0.0084823612,45.721321367046485,299.816907571138,39.26858161999467,364.116089474116,49.458167170762785,231.060448756502,55.960571451974346,257.81082731836,57.961339004585355,321.841162004755,55.663494022405075,312.212929779433,45.486765321971255,158.783054394098,60.514932838790166,183.177983481296
Subj_11_Isokin_L_02kg_60bpm_EMG_data.csv,0,1.0,1.0,1.0,0,0,0.008325567617374416,0.0008301288630135203,0.0108243944,0.008996647105635854,0.001443872614360709,0.012318993,0.008444038899654529,0.0008091365246090898,0.0106475838,0.0069484913685135385,0.0011392344442683836,0.0097884182,-0.0010719861157647058,0.0014540466323468475,0.0036174776,-0.0012478261002838468,0.0014076262331025435,0.0034895898,0.005773695442713352,0.0006213869717476628,0.0082423212,0.007513882175723623,0.0007084728630183174,0.0097855572,51.08066148601077,341.793029402472,46.12396289275775,392.306241943979,65.24028117040588,251.487766280674,63.96490856053385,268.438139519003,60.31039972249387,346.871581754307,58.68379245518395,334.023116072557,50.33283229375075,197.529314016563,64.09902038844817,197.058194523872
Subj_11_Isokin_L_02kg_80bpm_EMG_data.csv,0,1.0,0.989990234375,1.0,0,0,0.00783565088476718,0.00045331808270491044,0.0089183813,0.005965696962430768,0.0002393979910555929,0.0069494252,0.00562625013027077,0.00046472585289013854,0.0068495753,0.0038091255550010256,0.0004273335727800776,0.0048485757,-0.0027428272971651278,0.0004778313607538724,0.0046168328,-0.0017714746432553846,0.000529050367430617,0.0031425478,0.00537611563955077,0.0003704024878087329,0.0070040706,0.006359013008071794,0.0005195224952731541,0.0078815464,52.87217269617106,173.993559499087,42.05103111571223,185.090716488271,71.39492279676018,249.198521830941,71.85957591131455,273.667669743455,61.15330435950063,257.041150499151,59.03326865933869,231.011241799098,57.91714742507736,230.73466509229,65.04917092867281,232.188535335128
Subj_11_Isokin_L_02kg_St_EMG_data.csv,0,1.0,0.989990234375,1.0,0,0,0.011580007248134657,0.0010494576282754648,0.0136241922,0.010912114830050772,0.0010160828788144385,0.0129409796,0.008481949170545254,0.000277213397188319,0.0093489652,0.004641484795677704,0.0005344089555858809,0.0058402065,-0.00023330100435982337,0.0007637628840627965,0.00140934,-0.000436096285995585,0.0005080655337082652,0.0012682915,0.007272076270772627,0.0003113934243526323,0.0086683277,0.008639555992357616,0.00028525731548752426,0.0100078583,31.015046688226423,167.033723070131,29.61808839816323,130.134513056328,36.40120269169336,136.292447743493,39.732542565735244,152.044528381271,41.89126627528764,163.335793341648,41.59400396139568,179.443146249352,39.41102256254297,117.606883447266,47.22914346682604,163.045403779371
Subj_11_Isokin_L_04kg_40bpm_EMG_data.csv,0,1.0,1.0,1.010009765625,0,0,0.00805731141988581,0.0010112342865365173,0.0102089886,0.0085361685427288,0.0013868607482762565,0.0122477533,0.005540524820968933,0.0009789473178581942,0.0076028826,0.0027178441905877414,0.0012114966933360791,0.0087873461,-0.002345343485145256,0.0010459420339529897,0.0066667558,-0.002173085553479429,0.000956857586813384,0.0060562138,0.003995526334134341,0.0009069317488585251,0.0066607478,0.004254857293827036,0.001003658636959865,0.0068990709,89.59366935660994,378.574194413632,76.29493604522695,300.28641564797,109.00021704703792,369.075114863892,112.28721179050515,488.597886977307,92.86136350159707,316.174801107852,90.16511093651204,335.832790781965,86.35679693501989,310.204518593673,120.654966691221,441.931207358319
Subj_11_Isokin_L_04kg_60bpm_EMG_data.csv,0,1.0,0.989990234375,1.0,0,0,0.008821953829024154,0.0004968044276650425,0.009891415,0.008593994100535267,0.0006232561406930101,0.0101709366,0.005877987394842512,0.00043156080508827843,0.0070707323,0.0038032104051033814,0.0004110098239445267,0.0049893381,-0.002163558887942029,0.00032417435243871964,0.0040689469,-0.0016147086503903384,0.0003662836558303169,0.0038151743,0.00566959053613913,0.0005387803683566211,0.0078723915,0.006539979788973913,0.0005704805442531925,0.008717251,82.49054737281702,352.019985688834,71.03133406679211,259.231120975522,105.55196150364463,346.96373129824,107.42857605653148,360.363494447966,103.94629306412862,390.664931996287,99.08707462769158,372.034964525477,106.33916238913676,393.689084698709,126.88267037014641,457.446378066843
Subj_11_Isokin_L_04kg_80bpm_EMG_data.csv,0,1.0,0.989990234375,1.0,0,0,0.008555996785913924,0.0006719351852146875,0.0106261261,0.0076914667296675105,0.0005412581972582569,0.0091678621,0.005816568877098734,0.0005449050215912275,0.0075513842,0.0034219969805772154,0.0006058376009842772,0.0050791744,-0.00220366817067173,0.0005858348695430864,0.0058121681,-0.001236155778722363,0.00047349506819395384,0.0048251152,0.004752500212654853,0.000661835191707633,0.0072996141,0.004944117206251477,0.0006218934138294732,0.0078655249,86.16901286900658,334.787715021952,68.32530159240733,251.454331085331,118.96876580588517,439.963854409282,125.21380593238476,437.966318448912,97.55195102145728,370.549511274948,95.01995658454578,346.930923253954,98.24672963274583,300.412723236324,124.22602130429874,389.776018995078
Subj_11_Isokin_L_04kg_St_EMG_data.csv,0,1.02001953125,1.009765625,1.02001953125,0,0,0.00822461047556575,0.0011609289339821322,0.0109808929,0.007232419447645261,0.0007672168957299594,0.0096556665,0.007366888646235474,0.0006638166228985712,0.0088434219,0.003550602999391437,0.0007223182503740747,0.0057131769,-0.002629961931547401,0.0004804142933544519,0.003420067,-0.0010795957324556576,0.0004677312921414835,0.0020419122,0.00592494783264526,0.0006776289233692601,0.0076901438,0.006640850160311926,0.0007232300037796754,0.0086686136,54.75019672943636,248.850060554974,54.04018845671936,252.951844470831,85.44454480900677,248.446852315659,83.64437825127322,273.004974071528,67.90224136999717,218.21937781251,68.56750178341385,211.116758098844,59.301919127917074,175.780359309148,75.21718510577128,236.40015436796
Subj_11_Isokin_R_02kg_40bpm_EMG_data.csv,0,1.1298828125,1.119873046875,1.130126953125,0,0,0.0045417413617533965,0.00022303070240147738,0.00599556,0.006261421488340648,0.00019646693107351688,0.007534218,0.004387417694698015,0.00045638568895413416,0.0056078914,0.0006678860076300941,0.00018232655960976428,0.0019552233,-0.005028571885312435,0.00023091347062583061,0.0059818272,0.001712716815368861,0.0003228433721255262,0.002791214,0.0025808850646896553,0.00025201280799229555,0.0041911127,0.008085655452568443,0.0003253404384369422,0.0097028734,24.405797259744777,70.5795292312404,22.088321204863114,75.909496641905,50.009269062725465,657.024389148454,41.25007724698974,165.881681816064,47.11597693123763,154.163850933081,48.557643579181324,155.282563444892,55.129465322646226,213.827862277262,71.03243486040301,205.718829032324
Subj_11_Isokin_R_02kg_60bpm_EMG_data.csv,0,1.0,1.0,1.0,0,0,0.004268773889268339,0.0002448774739665843,0.0057134628,0.00601634661198143,0.0001911854569738231,0.007295609,0.0043559725177790155,0.00027637958546542223,0.0056190491,0.0004676735682674094,0.00027130963011687633,0.0021108629,-0.00511081981665181,0.0004612541941521627,0.007838917,0.001528297717814299,0.0003135074251928439,0.0026390078,0.003760954637190344,0.0003726376092200908,0.006311703,0.006858887647829155,0.00046788910359785797,0.0088316919,28.69997844738133,111.622161699824,24.954635044576413,86.2452589397941,39.537623756466175,166.630199179539,54.003538008599904,228.274836818233,50.845062516796325,187.141730776191,53.20244504878892,189.820573688337,65.13207454335681,189.440233354529,81.88072784487215,244.277113539506
Subj_11_Isokin_R_02kg_80bpm_EMG_data.csv,0,1.0,0.989990234375,1.0,0,0,0.003622662558635976,0.0006701550710504426,0.0053478242,0.005781275089283887,0.0003104938428364272,0.0070117954,0.003837692883520887,0.0004625884898047696,0.0053023342,0.00013075744213981246,0.0004011879786182128,0.0039253235,-0.005333947197294117,0.0005635204072252951,0.0081487661,0.0009224284829394714,0.00088239294633863,0.0025700571,0.00334491480856607,0.001994614123515933,0.0067943577,0.006103004125544757,0.0020036821404297144,0.0089964867,40.94161631906482,143.169369956558,35.65645060426819,169.611946335644,47.13730524988333,632.153519556555,67.01557261472512,343.321431941596,74.39123224975664,370.911337107735,70.97172639180062,278.048329434718,83.40515090028974,296.372673714692,99.35120418664407,338.554467330671
Subj_11_Isokin_R_02kg_St_EMG_data.csv,0,1.0,0.989990234375,1.0,0,0,0.004339705137888889,0.0001880182859093115,0.005027676,0.0059121813292655825,0.00016344421643935372,0.0065663341,0.004092272635579945,0.00019643043542640786,0.0046005249,0.0006363380968482385,0.00012853334349775277,0.0012062073,-0.005153363654325204,0.0001583977965782253,0.005844784,0.001717617707813008,0.00020041362710004275,0.0022361756,0.0015161431027371274,0.00017351362686223695,0.002559185,0.008019300796395663,0.00028054449387732177,0.0092897415,15.560993500225424,54.6778275979718,14.645122499153496,56.9158076994776,19.657285480054906,360.575854807343,27.345088202316056,100.722964990307,44.04273690774794,138.592242760365,45.48358878975685,135.88756926254,49.026546214489514,137.417056537279,59.238603739214405,205.487605530301
Subj_11_Isokin_R_04kg_40bpm_EMG_data.csv,0,1.0,0.989990234375,1.0,0,0,0.0023918163299129673,0.0011998141777293159,0.0046417238,0.003699155121035683,0.0011215986657685947,0.0060215951,0.0005358968039060052,0.0009634535854091098,0.003414345,-0.001237528535624021,0.0009170942855214331,0.0045979503,-0.005778740457787641,0.0010653820641878648,0.0095789917,-0.0019044424256118365,0.000870151003758437,0.0052808765,-0.00014710095357528283,0.0009731222408282645,0.0052648545,0.0033511342806771104,0.000974993769191204,0.0062187198,54.401444142778715,211.250175388713,58.5851468132438,231.996906532395,63.47624755346612,302.591908895056,97.14128393108793,373.29668924403,104.4571145613023,449.206871671954,111.25988817977598,410.848919135209,120.84938631167584,427.569627576599,159.0440926607782,621.374797832268
Subj_11_Isokin_R_04kg_60bpm_EMG_data.csv,0,1.0,1.0,1.010009765625,0,0,0.0017964714082194307,0.0008472675339370276,0.0033102038,0.003894305670236181,0.0008094164058865094,0.0053415298,0.000687240367281407,0.0007762634011607452,0.0031422616,-0.0011472854140201002,0.0008973351795709882,0.0053884508,-0.005450591057963149,0.0009788094254265269,0.0095941545,-0.0017171208941892796,0.0007415465188493629,0.0053089145,-0.0008787894065443886,0.0009431803845935988,0.0060419086,0.0018928205078274705,0.0011712842021562204,0.0048668864,47.658263239413024,158.060517191364,45.47565804245237,197.196688049821,66.00176016476202,281.903448531489,107.68109253704978,414.213615786278,100.55802317984218,400.351421853474,106.87990147843931,465.915706828592,128.12493351087397,393.933609101457,158.0920209332567,561.071841394724
Subj_11_Isokin_R_04kg_80bpm_EMG_data.csv,0,1.0,1.0,1.010009765625,0,0,0.001596656127627572,0.0004544378334916732,0.0040085795,0.003907750747209876,0.00043760060546344095,0.0064198496,0.0006546640356625516,0.00045659624266047464,0.0039184573,-0.0007264357679670782,0.00037400784936861547,0.0039027215,-0.005319439057683127,0.0005687839162836652,0.0081945425,-0.001713636458617284,0.0004014521679608601,0.0042872429,0.00046179556604115224,0.0006188634965332519,0.003797722,0.0029609980033703702,0.0008672660554850018,0.0063260081,50.43030430375106,173.189448882459,43.628678888109576,201.278060705032,90.14516690658803,292.883991333464,134.31684779902727,523.936350156258,105.39188773230856,369.960630350315,111.16067282004228,429.167299645801,149.22005146270033,458.90266401957,174.48686555220175,566.03775314927
Subj_11_Isokin_R_04kg_St_EMG_data.csv,0,1.0,0.989990234375,1.0,0,0,-0.0021439238575466663,0.0021903120901809944,0.0057354928,0.0003242010860933333,0.0020343030284633314,0.0034526826,-0.0010910743622213333,0.0018051323735828932,0.0044686319,-0.002332314226288,0.0017364500771366476,0.0055944445,-0.005249887604354666,0.0019960700682553766,0.0078403475,-0.0026542617188533334,0.001846575308646723,0.0052720071,-0.0020743521647706665,0.0015593046651442477,0.0055844309,0.0007581894744826667,0.001648728596522275,0.0040200236,33.442788756440876,119.977103976958,30.91479288154625,127.839987969602,49.04910121565837,185.000179122406,65.95655513551465,230.625816671854,74.03606254931267,246.389140498397,75.49089874223127,274.899297981695,93.02573028091248,272.78203487085,116.72405495013767,464.491942480276
Subj_11_MMH_Bim_L_02kg_Trial_1_EMG_data.csv,0,1.1298828125,1.119873046875,1.130126953125,0,0,0.0026990834158064124,0.0010172373639757279,0.0057867053,0.00589681349275741,0.0012066366798816005,0.0105703361,0.005597324941624925,0.00256536488213067,0.0090814596,0.0020199586818100425,0.00190593515825933,0.0049850466,-0.001028192124752571,0.001729466364527697,0.0041656494,-0.0006655083004742893,0.0018366704128617844,0.0046302797,0.0033706912127368423,0.0013729779405514003,0.0057538035,0.004754609638257713,0.001495203330184547,0.0086634643,21.262116059184585,115.965882903153,23.191769986871098,189.586066979679,18.332940763850836,117.640038220994,25.97463211302328,293.981603396057,55.617582383161,328.67023258751,55.99173836036737,337.791837017944,38.181825746778784,156.903719813377,32.46940512889535,134.147486225429
Subj_11_MMH_Bim_L_02kg_Trial_2_EMG_data.csv,0,1.0,1.0,1.010009765625,0,0,0.003103251093990914,0.0012117474802040404,0.005718899,0.005212469886043158,0.001201715850481788,0.0077751162,0.009918736236564451,0.0005940261403256322,0.0113147739,0.005912529884057922,0.0007049177757324338,0.0073588374,-0.002632631307294719,0.00034281589507618304,0.0036446573,-0.0014933838738932423,0.0003621047422416166,0.0025640489,0.005953060838328223,0.0006655696061445508,0.0076921466,0.006564474630328223,0.0004928695957251831,0.0082792286,24.3472835827304,117.255447301457,24.786754115704834,102.204479937126,17.963634600448113,81.1421641020723,23.418906245200198,147.866357879424,40.61988506962593,245.75392580843,42.10232912026042,251.253322827444,38.49922579628428,152.532422601217,35.42766536182251,152.891595032408
Subj_11_MMH_Bim_L_02kg_Trial_3_EMG_data.csv,0,1.0,1.0,1.010009765625,0,0,0.0011645405452651645,0.0003407628462876121,0.0022573471,0.0030989203362391687,0.0009256597303188839,0.0052691461,0.008306944878472559,0.00029216029012087,0.0093192104,0.004184633049966494,0.00025496126075975293,0.004809666,-0.002208914373781629,0.0006167809497496818,0.0033576966,-0.000865481966523397,0.0007655723558927481,0.0021277429,0.005193456189215483,0.0006044474680268357,0.0063817981,0.005192946425596765,0.0007606846046577123,0.0064541819,19.3045262039267,77.9547916117046,23.38370031932691,111.198315511543,18.51988572207569,82.8667991298952,26.85350419761835,119.937469618831,37.97316145953385,303.924625337352,39.59359592300899,270.658298632426,35.34137234283468,140.550622713697,33.520550120472755,117.403848133489
Subj_11_MMH_Bim_L_08kg_Trial_1_EMG_data.csv,0,1.0,0.989990234375,1.0,0,0,0.004892801176140233,0.0024390984196054357,0.0085132606,0.005107727987824152,0.0023880322462021546,0.0091712959,0.007975532965917641,0.005017983504627942,0.0143457418,0.006814020906711185,0.0034708090701848957,0.0112489704,-0.001967394481074012,0.0008988788153671605,0.0050448421,-0.0015031131167089593,0.0010295290342852616,0.0047020912,0.006377560258910406,0.0029284370672325623,0.0112526901,0.008438782800312744,0.002194766893689411,0.0126331337,61.47252553898946,274.497612854029,54.76538905258004,265.846338860883,46.513543096235914,184.852277143843,67.08687689681943,244.076813885693,60.172088723068114,286.236164520767,61.64906320201355,306.697074712963,87.11165225837588,511.277078129178,79.04695187004282,376.505557699893
Subj_11_MMH_Bim_L_08kg_Trial_2_EMG_data.csv,0,1.0,0.989990234375,1.0,0,0,0.005525581420161404,0.0012561043233060192,0.0089332582,0.006271664039864327,0.0015405128861478185,0.0105840685,0.009872240585297076,0.0028341122467488273,0.0153007517,0.008547002788952046,0.0013787174505806058,0.0114887245,0.0001561994140549708,0.0011028911567988122,0.003400326,0.0009525568861274854,0.001153136499086232,0.0041582109,0.007126852084873683,0.0014612152640354303,0.0106630325,0.008627019744992982,0.0006136421717478549,0.0105051044,56.58976337810904,237.629352423617,47.509416695661024,233.992954279185,56.001763477602935,259.65789011384,73.48503992143695,357.055480034868,59.259919302452474,294.018283856008,60.23715080473322,294.876826351194,82.83416194920301,420.759234410502,75.52081069267065,299.058873765774
Subj_11_MMH_Bim_L_08kg_Trial_3_EMG_data.csv,0,1.0,0.989990234375,1.0,0,0,0.005129739113672026,0.0016623270937132877,0.0090296753,0.004636742454703109,0.0013825475235774386,0.0084746368,0.009309961055605573,0.0007780806822007864,0.011206341,0.007560464370647373,0.0010090581690797116,0.010538578,-0.0011221405096698822,0.0012439774066553685,0.003166008,-0.000648995076352626,0.001120022701235414,0.002913666,0.007578204947571276,0.0008117174256779907,0.0098771099,0.0080403317345209,0.0007363512110511705,0.0100954063,64.83485428702038,227.622586843622,54.89345431508639,207.909605119662,48.68180292302841,164.309087282457,65.40385355687543,323.288704964809,55.47437344216671,284.284207580685,58.340555283824294,267.531011971631,82.35180799703708,282.582140226653,73.02031146671979,248.960550804579
Subj_11_MMH_Bim_L_12kg_Trial_1_EMG_data.csv,0,1.0,0.989990234375,1.0,0,0,0.0029736900838802393,0.0035729747952582035,0.007920742,0.0038107468089926817,0.0025489801564542724,0.0084523205,0.00442601775053493,0.004298234613793672,0.0123518948,0.003762771349293413,0.002700375538019381,0.0097083095,-0.0031527126980172987,0.001959720359308346,0.0079905512,-0.0027238305015941447,0.002147196406138434,0.0077708247,0.004201440451717898,0.0036815827172131657,0.0098693855,0.007956568920545576,0.002382687872987166,0.0127261169,98.76027642666652,367.934136565834,82.89594299959145,310.417387260218,77.7910168285925,279.37852392244,106.37758298886595,406.510351352699,77.40447444876654,385.297430367942,80.13479598185194,347.553116665232,119.41630496824168,494.140099358686,104.76695474360338,421.421804048989
Subj_11_MMH_Bim_L_12kg_Trial_2_EMG_data.csv,0,1.0,1.0,1.010009765625,0,0,0.005197050483057252,0.0009741074896635917,0.0076492312,0.009059977129328245,0.0013351048713010174,0.0114232069,0.010972564796554708,0.0014409417814928434,0.0147082331,0.009847870243631044,0.0007869806486509203,0.0119756702,-0.0006552063489821884,0.000735858072477077,0.00191288,-1.0239376755725359e-06,0.0009959406227446892,0.0021191598,0.008131130228872773,0.0005708942145402454,0.0106518753,0.009162999366664122,0.0012601647512936985,0.0123327263,93.2320754223018,469.943613005022,81.05879244383958,365.493163473625,66.63293706531962,247.609214941132,89.37916553756028,324.848855743402,76.37996082458999,280.012301595532,79.19702421229152,266.96063311693,124.62635547464075,405.073660921362,113.16723647226229,445.357463480508
Subj_11_MMH_Bim_L_12kg_Trial_3_EMG_data.csv,0,1.0,0.989990234375,1.0,0,0,0.002626907617244193,0.0022017786284244554,0.0086691864,0.005694382021602009,0.0019161582806425444,0.0101912506,0.005438462450508474,0.003040762157422295,0.0118575105,0.005950274461088512,0.001978978099759759,0.0103972442,-0.0019399379726691777,0.0012743505297633509,0.0057738307,-0.0012799635650973008,0.0015934616804535676,0.0061028483,0.004105041098379158,0.002678220901737205,0.009976387,0.006913117108446955,0.0023842388920740478,0.0138424877,89.20892204958268,490.122685418182,83.0125577926799,385.267015872239,59.152942717508346,221.558927061698,86.82698348659684,363.57757229691,85.20373337000694,278.69574478889,88.68885965641923,314.441189475836,106.4445938990859,373.430459606908,114.88443181176804,421.648655652215
Subj_11_MMH_Bim_R_02kg_Trial_1_EMG_data.csv,0,1.080078125,1.079833984375,1.090087890625,0,0,-0.0034776364155902897,0.0020139429931242186,0.010064221,0.0004916961449958555,0.0011247282846657731,0.0032930376,-0.001462304539448194,0.0032083498906739553,0.006778908,-0.0040500978757963295,0.002585688194287648,0.0093289381,-0.004811273481844879,0.0012876341138021899,0.0067193988,-0.004689571737341623,0.0006625120316715472,0.0063892365,-0.007274649874259326,0.0016237350366424576,0.0114752771,-0.008106088515878034,0.002238335758649133,0.0128943445,29.618195134039443,188.020800201116,26.3873108399874,153.157890550672,19.342932780394495,199.636937053659,23.652658614998945,132.676746435439,52.266588918938204,387.188912897463,49.93109689761156,336.728918374581,32.40094527436859,179.845145209572,34.32351098174424,283.359222061947
Subj_11_MMH_Bim_R_02kg_Trial_2_EMG_data.csv,0,1.0,0.989990234375,1.0,0,0,-0.0006263503611257209,0.0003339117386035699,0.0015821458,0.0023561638461695503,0.00026544620029889067,0.0035868646,0.004044594426724337,0.00021393287836364165,0.0054754261,0.0003206004044798154,0.00024658700539507034,0.002005005,-0.00706998857449827,0.0010708168408690853,0.0093143471,-0.004720223204106112,0.0006475944160347617,0.0062902453,-0.0022912574605651673,0.0003404539309082295,0.0032976151,-0.004489051216058824,0.0008351783078717448,0.0065763476,28.95922193953824,164.767655622315,28.967148585195137,155.666823797013,17.56059891142978,68.4353445745149,25.05987501476208,129.984913996458,44.203859737349234,349.644304490206,43.78820431934338,351.338444207623,30.16005257644291,117.296327368158,36.08340030970486,154.72979818213
Subj_11_MMH_Bim_R_02kg_Trial_3_EMG_data.csv,0,1.02001953125,1.019775390625,1.030029296875,0,0,-0.0012478477804205663,0.0011586165112349403,0.003786278,0.0017763146718521086,0.00037845798361045346,0.0028922083,0.0028903799973229345,0.0010965243916180238,0.004510975,-0.00046828816830849233,0.0016640325193340495,0.0038300515,-0.005463677688955517,0.0005451175446804229,0.0070155147,-0.0034676775418255343,0.0005606353427631313,0.0052062036,-0.0022267059750548817,0.002200935233871462,0.0067783357,-0.005280580869131139,0.002125568042755904,0.0098430635,23.04920004343612,191.157554658489,24.679599189040633,197.763218595614,16.639313709671637,83.5386189823755,22.259296116152584,107.183855045217,46.308735058701345,250.177307883369,45.85562312909824,248.897346416661,28.510097644179986,129.458387668893,34.75388278021633,130.11278491292
Subj_11_MMH_Bim_R_08kg_Trial_1_EMG_data.csv,0,1.02001953125,1.019775390625,1.030029296875,0,0,-0.0012957451194738014,0.001714717811607617,0.0059741023,0.0002853020604871795,0.0014655809505945627,0.0034915926,0.0002103874421649944,0.0034801399508415536,0.0075719836,-0.0006357173513377926,0.002087631258947298,0.0057309153,-0.006930024637978818,0.000771561836566618,0.0087249763,-0.0036745287955239686,0.0009580246240630741,0.0057171825,-0.003128887149788183,0.0020105556525038797,0.0080217365,-0.004206824182877369,0.0024399243557917823,0.0086202621,66.01064928531005,290.222522874077,58.44918016042387,241.010164359057,40.13701103434271,180.42743280178,53.80070184390255,224.971907271746,49.97223359498086,230.175050593593,51.868021860096114,227.640481371034,62.74834932931272,390.35510357247,81.4657785810243,308.368627304277
Subj_11_MMH_Bim_R_08kg_Trial_2_EMG_data.csv,0,1.030029296875,1.02978515625,1.0400390625,0,0,-0.0003314272775044884,0.0015318652315263076,0.0044689178,0.001598236143103531,0.001685829642122081,0.0053818705,0.0019528099668761224,0.0026199812397588004,0.0072695734,0.000828007484289647,0.0013823202003960834,0.0040165903,-0.004921535723004189,0.0010617029653183674,0.0069202427,-0.002388863479277079,0.0012734723281533694,0.0046048164,-0.0028587047544308794,0.0010268298672555644,0.00625906,-0.0048153693653093955,0.0015469508077062006,0.0082180025,51.02786260350719,221.096378475093,49.30714795107562,213.730075644993,37.67811858438473,136.495445077251,51.70936641657386,212.455645738571,45.349470289442706,262.639168790684,48.11919565560449,240.047599112457,61.45898624463048,265.495116667486,73.22527527736801,299.258911963617
Subj_11_MMH_Bim_R_08kg_Trial_3_EMG_data.csv,0,1.0,0.989990234375,1.0,0,0,-0.0011972809774026248,0.0008604427920112259,0.0027508736,2.43167041060367e-05,0.0009852747617719341,0.0027611733,0.0010050782693249343,0.0010894085309176202,0.0031997683,-0.0006302657955590551,0.0006216125382483124,0.002298546,-0.007013452922198426,0.001092453551650176,0.0087713245,-0.0038013659168398954,0.0007908242473110423,0.0051524164,-0.002378984106966929,0.0006488602088037033,0.0039865496,-0.004258192853138058,0.0011707126866307266,0.0063649178,45.60585858991668,347.309334693581,43.757001568962345,283.181142515074,39.16651734672615,180.12581818587,49.34846024834891,212.103240930868,53.03086266647944,274.985843205517,53.92401582042776,249.935500308997,60.3357116765787,221.542442449044,80.65490483048501,252.93734190125
Subj_11_MMH_Bim_R_12kg_Trial_1_EMG_data.csv,0,1.0,0.989990234375,1.0,0,0,-0.0021239779056280287,0.00292337444714366,0.0095455172,-0.0002267037798297315,0.0027434862514559163,0.0070936205,-0.0032370724821047807,0.003711595032933388,0.0117350584,-0.0026227509208880157,0.002200190708502859,0.0089698797,-0.00646878377783628,0.0021140605459621657,0.0103646284,-0.0053799736181060894,0.0014572064838782295,0.0084629059,-0.003959697072872298,0.002685380704806176,0.0128067974,-0.0005713617107387033,0.002749149908946605,0.0070449831,82.36136162131169,461.936674425253,72.24226114126172,397.285178414409,57.77969820264877,226.30398946593,76.88354304175054,450.692941266795,63.670017239556145,255.57004216179,69.28814281681265,283.384317072461,77.93375689605902,430.668580913,96.83557066158909,335.422592988331
Subj_11_MMH_Bim_R_12kg_Trial_2_EMG_data.csv,0,1.039794921875,1.02978515625,1.0400390625,0,0,3.611208157894743e-05,0.001002023936237416,0.0033253671,0.0025361115171775436,0.0008772522800653237,0.0054576877,0.0025135983562077193,0.0009926010063176303,0.0051424028,0.0011294592358175439,0.0004978425287079536,0.0029128075,-0.005255871448367719,0.000987828195449271,0.007193184,-0.0046391010750161405,0.0011719043853838736,0.0068924907,-0.0018207122992435084,0.0005920052534814554,0.0038972856,-0.0038931108438343865,0.0010586621045050857,0.0070412639,60.97827747049825,332.614074907041,51.46927405489022,226.777726467801,52.28560581554907,174.885020115665,73.67733928251326,291.1471832168,59.04541039002869,225.346968683284,63.6216599698001,239.106101265404,83.51675266850792,246.700729346588,100.99683399204365,447.844802659078
Subj_11_MMH_Bim_R_12kg_Trial_3_EMG_data.csv,0,1.0,1.0,1.010009765625,0,0,-0.0026364949688345773,0.0022168644466488124,0.0079276087,-0.0003716929021206467,0.0022310356469203577,0.0050007822,-0.0028294178615385574,0.00309798157051878,0.0078589441,-0.0019059758890099501,0.0020358955611686396,0.0061909677,-0.005744305419552239,0.000885127952044913,0.0081693651,-0.004625997248812189,0.0011880132625139714,0.0078060152,-0.004619472354869402,0.002903098971500769,0.0106833465,-0.004150472884314677,0.002693840466923163,0.0111957556,89.78735177204996,349.310241750934,72.45940047129206,282.329968721789,54.93843637823886,222.38107721831,75.85923347906127,378.615584905707,64.87555649525203,324.600657328808,71.05441175305904,346.965266629509,82.04509868241743,434.163438876598,113.72822691458668,403.752154779925
Subj_11_MMH_One_L_02kg_Trial_1_EMG_data.csv,0,1.02001953125,1.019775390625,1.030029296875,0,0,0.0012119456369165166,0.0003677922015558867,0.0030796053,0.0013003948184996997,0.00030916173731035986,0.0032398226,0.0034055179015519514,0.00040966963677918123,0.005567837,6.773932100660661e-05,0.0005388508476437082,0.0027482987,-0.007103953017903904,0.00030466160086551307,0.0091415411,-0.006413776064940541,0.0003082500380323823,0.0084892279,0.0011976479728612612,0.0006413658099115336,0.0036106112,0.01200492219413934,0.0003526895693656256,0.0142038353,77.95630159193634,418.472029255588,70.49692081988924,413.786071443446,68.41095225233646,280.324465623533,71.64129777286604,336.312258291283,96.95837725263468,635.43544268717,98.84439269253545,575.718442110033,270.96634968663744,891.486387661364,236.61514681684088,763.653633424634
Subj_11_MMH_One_L_02kg_Trial_2_EMG_data.csv,0,1.050048828125,1.0498046875,1.06005859375,0,0,0.0019908300268479317,0.0003993025887857961,0.0042085648,0.0022486545754878346,0.00035830547850662853,0.0046969415,0.004348269155541363,0.0003241899914527946,0.0069746021,0.00031427663497323604,0.0004636741487250085,0.003498459,-0.007318391141900243,0.0003081002007857324,0.0100101475,-0.005992696764909975,0.00039482549173032574,0.0073516848,-0.0011086053099817518,0.0007484005450214009,0.0038283349,0.012496276315581506,0.00030406961297028165,0.0151485447,65.67503637914805,323.216603886059,63.52334446223255,301.240536269633,68.01237516516365,276.302969302488,81.16472883184592,609.359383243962,113.53829357106625,1035.70762128831,95.32727916210942,525.746614058842,240.41723582702608,1050.7216798419,204.4356178981003,706.610252137639
Subj_11_MMH_One_L_02kg_Trial_3_EMG_data.csv,0,1.010009765625,1.0,1.010009765625,0,0,0.005240416853339275,0.0015436110160989905,0.0091787344,0.005982104480602496,0.0018765528693898887,0.0105640413,0.005824817037896614,0.0007272066427560809,0.0075519565,0.003016452541863339,0.001285681187825121,0.005338097,-0.005116355734225787,0.001499263131715924,0.0090239532,-0.003131802128747475,0.00119434836069854,0.0065772058,-0.0009543651070338681,0.0018318472042760982,0.0063832286,0.01336267190725609,0.0012309586242452181,0.015311623,68.55822625289424,514.446771676469,61.86493955308073,503.007569312108,72.30847312996524,268.071194143446,78.61710352001293,349.834155211765,115.6317136850834,524.697217201058,105.76046006893392,500.143114307664,197.53096810466425,999.8893054957,192.0013605283755,678.740355328552
Subj_11_MMH_One_L_04kg_Trial_1_EMG_data.csv,0,1.030029296875,1.019775390625,1.030029296875,0,0,0.003806716303236104,0.0007691465211332411,0.0060035707,0.004335837679677491,0.0007988950981610756,0.0074166302,0.004175880881756742,0.000708962402626629,0.0061220173,0.0024127401525052285,0.0009316780911711717,0.004676342,-0.0057593666014474415,0.0016103556257999053,0.0090820314,-0.004315628510860759,0.0014264823715396413,0.0074967388,0.0011831543556323609,0.0014668851918869753,0.0048219683,0.015401733145884423,0.0012916628752683442,0.018822385,69.02338056434455,289.292191381203,63.72085818982123,301.968690005649,139.488106724961,673.146214366985,150.64836884283892,731.238881644574,159.36675116229713,693.484039441086,148.4365347943133,571.826683181311,346.44791206588053,1436.97612250132,312.209550480402,1035.54849113482
Subj_11_MMH_One_L_04kg_Trial_2_EMG_data.csv,0,1.0,1.0,1.0,0,0,0.0009295330710392156,0.0004256143292403024,0.0059180264,0.0013091028631141868,0.0004225675525339384,0.0061820988,0.003138278242337947,0.000489201240093421,0.0078646662,0.0007064193160957324,0.00046612343219200016,0.0053904536,-0.008545897550670128,0.00036760580390557407,0.0104699135,-0.007734237667944636,0.00037099390537474183,0.0096991546,0.001164753180816609,0.0005606989778301726,0.0066269878,0.012345452051161478,0.00044710274528128927,0.0176911354,77.07186712281155,830.039867850835,75.40380195753913,915.866326334314,129.1268619473282,1115.49365295566,142.2891123305466,1119.93615785248,175.36406201875792,2682.9869914786,153.06136364342413,2126.46708134776,342.71217055383585,1711.97097704233,371.7609165098787,2011.86930231028
Subj_11_MMH_One_L_04kg_Trial_3_EMG_data.csv,0,1.0,0.989990234375,1.0,0,0,0.0029126405136698924,0.0010994371370849562,0.0053984644,0.002557015260227957,0.0011887967790508015,0.0052837376,0.004709436359998924,0.0011114847505561075,0.0077010156,0.0032565788533473116,0.0014129750285080006,0.0062250141,-0.008488969613115054,0.0021999698129088227,0.0128156664,-0.006248941433480645,0.0022415914775912676,0.0106143951,0.0015057478881010753,0.0011671091073877332,0.0038280489,0.016198134491290324,0.001414520190894652,0.0194835663,63.87386187785683,306.253201721151,59.8861463041214,280.163464383649,114.82814261974967,596.329321540485,132.36604166526277,912.678353145749,153.0700440934201,852.625510098957,142.51562051860049,772.15688882657,294.13082597486886,1243.29626843628,311.41657126250146,1125.08183367881
Subj_11_MMH_One_R_02kg_Trial_1_EMG_data.csv,0,1.0,0.989990234375,1.0,0,0,0.0016280545539545924,0.0003016889031753576,0.0088986401,0.000875928653137255,0.0002785193305992888,0.0081885345,0.004220020345384933,0.0004255568710840452,0.0115141869,0.0024226886911744064,0.0003337833039819447,0.0095060356,-0.008254296499842106,0.0005608011055858053,0.0134774214,-0.0028079261349597522,0.000904037021144928,0.0094007496,0.0038789904043292052,0.0005086342670030655,0.0109422691,0.005831120612809082,0.0013344395950472198,0.0123742111,51.12933475620557,364.521328646817,55.219054296997,416.30401591842,26.92255916718269,291.561935127886,28.935005823662205,334.391817657898,87.44193210048554,604.974408517264,74.66136831652102,810.905182353354,38.82455309961967,172.935034229484,41.59798062855802,212.837259196427
Subj_11_MMH_One_R_02kg_Trial_2_EMG_data.csv,0,1.0,0.989990234375,1.0,0,0,0.00102490581063711,0.00023351772867397265,0.0036941529,0.0013835869205714286,0.0004623554147505738,0.0042320252,0.0047610520535894905,0.00036999046577567687,0.0073751453,0.0025450579386502464,0.0002944091328707172,0.0051993374,-0.010138323824563766,0.0005350754843656078,0.0169667248,-0.0045613450773815,0.0006896645470658806,0.0071039204,0.004236404578874658,0.00028596873999961995,0.0070876125,0.005781880014453201,0.0002659648957011595,0.0088714603,44.45504471473739,261.630557127429,48.46305063933345,319.465883624252,17.30645930697677,112.767269176537,19.766311250349304,145.831999333338,47.22118309090982,566.012199136225,32.25385991954928,381.044572311859,36.84735465065675,168.637790320262,40.99313223025375,158.864183165868
Subj_11_MMH_One_R_02kg_Trial_3_EMG_data.csv,0,1.02001953125,1.009765625,1.02001953125,0,0,0.0005717224843209877,0.00038062424475077757,0.0035596848,0.00015126993513243545,0.0003590923498538224,0.0031213763,0.0037776385940684627,0.0004995974542999229,0.0065786364,0.0017591660015454545,0.00045403912903164317,0.0046754838,-0.009397696557914703,0.00048666864551378023,0.0157390609,-0.004368126874903479,0.0005297192055870326,0.0079047205,0.0034389707465858586,0.00041780990048911226,0.006619263,0.004982582521176206,0.000869447525969427,0.0082251551,55.14292205941272,261.312459198671,50.14397858219285,228.740506909597,19.923222942799402,106.839636073728,24.398094533095,134.299923240687,79.20746385787334,623.135773138901,55.01631915231334,323.696806896387,41.495016666636246,140.228456996351,49.66787406385136,145.251669890188
Subj_11_MMH_One_R_04kg_Trial_1_EMG_data.csv,0,1.0,1.0,1.010009765625,0,0,-1.3383665449999968e-05,0.0010020689102582046,0.0036254884,0.0010261478836428573,0.0007697446820835957,0.0042946818,0.004264695470117858,0.0009698000604503966,0.0075831418,0.0008725515141821429,0.0006782269992300946,0.0041716578,-0.009858245617610714,0.0008381559286939468,0.0146481516,-0.004983835137254762,0.00038724185117078384,0.008644009,0.0018056724924380952,0.0008065027427765881,0.0052485466,0.0026813362382440476,0.0012873556299774747,0.0071042064,60.72041643357917,441.339053833505,60.20643199597467,495.036599292529,41.33687842728728,337.250325853322,51.01439531633439,400.167274958141,66.7745924709192,668.174097114496,71.20521162424855,624.658248661208,51.12653474226284,216.435851961523,63.46437284413525,282.685552774078
Subj_11_MMH_One_R_04kg_Trial_2_EMG_data.csv,0,1.02001953125,1.010009765625,1.02001953125,0,0,0.000977744775429091,0.00030811355479114444,0.0048245434,0.0006788483667272727,0.000375699359344748,0.0048763277,0.004603603628987879,0.0004145424521979655,0.0090929037,0.000703907481089697,0.00037996032670752224,0.0051489831,-0.008998133530203636,0.00038939311979506333,0.0133632664,-0.005299025429574546,0.0006141031873708166,0.0073963166,0.0027087549701757577,0.0004819797517717359,0.0076589589,0.0035749135000375755,0.0009248072304996829,0.0092290882,46.5629559421251,250.39322160754,45.81466593595654,294.68153721161,37.397478191642755,192.133511446598,42.23171350403389,233.462993017715,58.53456530137048,372.938816628705,53.913901749051256,346.126328311301,44.23653528183911,155.946552728859,50.81228418892126,178.214397482568
Subj_11_MMH_One_R_04kg_Trial_3_EMG_data.csv,0,1.030029296875,1.02978515625,1.0400390625,0,0,0.0001458238334216028,0.00046616164162805124,0.0060919765,0.00017940773856794427,0.0003858770822316112,0.0058279037,0.004099417991728223,0.00046245635219825497,0.0102393152,0.0004231605373275261,0.00037524872061880075,0.0063211443,-0.009589904094519165,0.0005443434943341946,0.0145108225,-0.006194960546020906,0.0005329159514669201,0.0107528688,0.0018202943827363533,0.000528538748374899,0.0080855377,0.0016395074579965156,0.0009313845483603271,0.0082860952,47.26184894985247,311.959746300465,46.4540671591117,357.338161225243,39.303334736275815,225.657913762154,44.228717400700226,313.379326651205,73.69104323440138,536.124723414618,71.26644728414145,467.887240925686,51.64069637190239,195.506879518252,64.95441032829075,231.233875604743
Subj_11_MVC_Isokin_L_EMG_data.csv,0,0.989990234375,0.989990234375,1.0,0,0,0.006100534883698796,0.0029501492252033265,0.010468483,0.0055140323448795185,0.002251081524758531,0.0095232017,0.004823205848791164,0.006629119993415769,0.0152958874,0.005205191731341365,0.0057000210301696615,0.0137775429,-0.0035508014358112453,0.0022961445681863707,0.0071585658,-0.003346602246855422,0.002123578969162513,0.0068132402,0.005287255522253012,0.0039843440043465786,0.0132771498,0.009890144240811246,0.0020224341036632417,0.0156323444,,,,,,,,,,,,,,,,
Subj_11_MVC_Isokin_R_EMG_data.csv,0,0.989990234375,0.989990234375,1.0,0,0,0.0011251129595692307,0.00093773964440249,0.0033027651,0.0021487383624205127,0.0009999770496715043,0.0042580608,0.0018456020816205129,0.0013112710951955092,0.0045164111,0.0020938659646153844,0.0010408342640567377,0.0042832377,-0.006504258764379487,0.00039849567729887574,0.007586861,-0.005328502226287179,0.0005551448363123977,0.0063969614,-0.0013932351050871797,0.0009900985449347109,0.0040658,-0.0003907273365538461,0.0019948445813833477,0.0055008889,,,,,,,,,,,,,,,,
Subj_11_MVC_MMH_Bim_L_EMG_data.csv,0,0.989990234375,0.989990234375,1.0,0,0,0.006100534883698796,0.0029501492252033265,0.010468483,0.0055140323448795185,0.002251081524758531,0.0095232017,0.004823205848791164,0.006629119993415769,0.0152958874,0.005205191731341365,0.0057000210301696615,0.0137775429,-0.0035508014358112453,0.0022961445681863707,0.0071585658,-0.003346602246855422,0.002123578969162513,0.0068132402,0.005287255522253012,0.0039843440043465786,0.0132771498,0.009890144240811246,0.0020224341036632417,0.0156323444,,,,,,,,,,,,,,,,
Subj_11_MVC_MMH_Bim_R_EMG_data.csv,0,0.989990234375,0.989990234375,1.0,0,0,0.0011251129595692307,0.00093773964440249,0.0033027651,0.0021487383624205127,0.0009999770496715043,0.0042580608,0.0018456020816205129,0.0013112710951955092,0.0045164111,0.0020938659646153844,0.0010408342640567377,0.0042832377,-0.006504258764379487,0.00039849567729887574,0.007586861,-0.005328502226287179,0.0005551448363123977,0.0063969614,-0.0013932351050871797,0.0009900985449347109,0.0040658,-0.0003907273365538461,0.0019948445813833477,0.0055008889,,,,,,,,,,,,,,,,
Subj_11_MVC_MMH_One_L_EMG_data.csv,0,1.010009765625,1.0,1.010009765625,0,0,0.002195821384251208,0.0013865595043122691,0.0045696259,-0.001151279053227053,0.0017682609622391326,0.0060384753,-0.00041316896748792273,0.0013672606254655694,0.002539444,0.0012839803259033816,0.0007348842851662014,0.0033502581,-0.006697943642454106,0.003610111702723057,0.0124033932,-0.0067123735324347835,0.0029048988902727452,0.0116260536,-0.00016814376488888893,0.0017114832351057495,0.0037685395,0.02284720381377778,0.002425147964541619,0.0265411381,,,,,,,,,,,,,,,,
Subj_11_MVC_MMH_One_R_EMG_data.csv,0,1.010009765625,1.0,1.010009765625,0,0,-0.0034036752616161616,0.004590595583743804,0.0119765289,-0.0010204608928535356,0.0036329337067833767,0.0092056282,0.0003329661973737369,0.0049306913280220245,0.0095046051,0.0005199429430555554,0.0023919501406186967,0.0056559565,-0.005706201157949495,0.003188427320788287,0.0105749136,-0.0029596777638131316,0.0027619618427376976,0.0075931554,7.503427610101002e-05,0.0026052266781673604,0.0089421272,0.0019328101340656567,0.003873612508869314,0.0104290014,,,,,,,,,,,,,,,,
Subj_12_Isokin_L_02kg_40bpm_EMG_data.csv,0,1.9599609375,1.949951171875,1.960205078125,0,0,0.004798182351182504,0.0001652716109038487,0.0055060387,0.006532771550241328,0.00017100842697993006,0.0072132112,0.006323051629182504,0.0001954816941882289,0.0072137835,0.004463009869538462,0.00021339025341638652,0.0062979702,0.0007174790960663651,0.0001802241754564241,0.0018164635,0.0007191818489200604,0.0001747342393924501,0.0018218994,0.00017761771487179487,0.00026317075707234,0.0020645142,-0.0006225340653785822,0.00024124351851141575,0.0026813508,94.9958834893004,330.679464125623,90.32286315256913,340.245026495648,114.01715537345754,754.448609776889,124.35391508817074,1052.3769360859,97.47666102186412,357.359123324861,97.56989906402481,375.63209511817,45.45605423650569,158.445479863859,69.64892397038412,225.340096777342
Subj_12_Isokin_L_02kg_60bpm_EMG_data.csv,0,1.9501953125,1.949951171875,1.9599609375,0,0,0.005027921846571466,0.0001286599100707027,0.0055830004,0.00675387358148592,0.0001292602771622969,0.0072933198,0.006503646372691565,0.0001412010189699788,0.0072109224,0.004745244123916517,0.00015475768004663226,0.0055606845,0.0008055338703315358,0.00013228421552249266,0.0019729615,0.000781731343948472,0.0001275736524246512,0.0018917085,0.00018752860576526194,0.0001923857459668987,0.0017586709,-0.0005846952337660609,0.0002165738942866211,0.002961159,81.46628751606099,345.553588536339,76.01213468790412,298.803428231627,107.99927737489556,319.545340077377,111.66955192144486,457.601788630671,99.60086874341992,496.704426461605,103.11765854352593,488.381638567025,47.55704602938182,161.654685521849,77.75108713448051,277.669184504458
Subj_12_Isokin_L_02kg_St_EMG_data.csv,0,1.85009765625,1.849853515625,1.860107421875,0,0,0.004735489673023808,0.00013144708404769516,0.0054768566,0.00647037998979762,0.00013682266279494787,0.0071957591,0.006286523264809523,0.00018657488793862663,0.0070990566,0.004405749797065477,0.00018029848663957975,0.0054625515,0.0007173211174226191,0.00015622835526445225,0.0016204835,0.0007436834007857143,0.00014805154164487515,0.0016250612,0.00023269180866666666,0.0002095528598167161,0.0015192033,-0.0005217545759464285,0.00021408797184897037,0.0017609597,101.3831003096673,498.67756743833,98.94799119195726,489.171343321101,119.20314771436391,361.161277958982,139.65879834172424,409.612525700806,93.7053073925937,369.043124057268,95.18662530675589,336.806998021812,42.91050482390756,137.505855404365,67.55595737327495,182.313605746454
Subj_12_Isokin_L_04kg_40bpm_EMG_data.csv,0,1.900146484375,1.89990234375,1.91015625,0,0,0.00472838062678905,0.0002030267881163474,0.0056814197,0.0066843076364444445,0.00018104375044998824,0.0074503901,0.005977821749980677,0.0002055421635384477,0.0070687295,0.004370205531996779,0.00027763076149407804,0.0060822489,0.0005565776408309179,0.00017777610569243965,0.001829052,0.00043784594895008054,0.00016758186608767332,0.001560402,1.5258928180354267e-05,0.0003371215113754637,0.0022705079,-0.0006515038901288245,0.0003968541450906476,0.0036709786,168.16533867012052,683.557251752064,145.9565171019257,613.67072977523,258.29654990268796,868.322551966487,331.97112052624914,1155.23640281006,203.38451916570546,647.128754520631,202.12712632745456,621.295779947467,86.46456738737456,269.637211760733,149.49844977600006,448.846604990282
Subj_12_Isokin_L_04kg_60bpm_EMG_data.csv,0,1.929931640625,1.929931640625,1.940185546875,0,0,0.004846800541093221,0.00016729146206073946,0.0057692528,0.006812806473689265,0.00016469823300294004,0.0077164653,0.0062924685600451976,0.00020435488073858465,0.0074043279,0.0045432569807683605,0.0002640949372540388,0.0062650684,0.0009325339391581919,0.0001685827879742618,0.0021048547,0.0008114295075960453,0.00015964514545198144,0.0018834114,0.00044026129341242945,0.00030993384169700764,0.0026209832,-0.00016613326500564972,0.000338585078493093,0.0039799693,138.2212216809221,473.904308532715,124.8424546157983,428.105741439434,271.43142151438553,1031.94672237743,326.42524847184814,1303.40581722819,211.44047196414596,613.037360538253,214.49207601045816,656.161691381091,90.13876282057994,310.815026904235,143.50396678138833,550.150173158269
Subj_12_Isokin_L_04kg_80bpm_EMG_data.csv,0,1.91015625,1.909912109375,1.920166015625,0,0,0.004845125870010255,0.0001611404656669607,0.0056327824,0.006845591701347009,0.0001634899411714911,0.007731915,0.006458227993593161,0.00021030907095178025,0.0075033191,0.004801813453329915,0.0002988515911666276,0.0065214159,0.0010887870729880342,0.00021129335602326034,0.0026146891,0.0009261831787521368,0.0001907455384726114,0.0022396089,0.0005378444895452992,0.00037699786138418935,0.0029754641,-5.0542911870085474e-05,0.0003964085382381621,0.0046056751,148.8369653036201,607.146796903639,146.62181878746796,623.400480933818,274.4665987808927,977.512666317691,360.4223787368806,1411.2113465459,227.72035683358996,824.903471093651,229.1859519700892,797.983316608428,99.4996150351499,323.503522706707,156.8243207898093,554.300842572263
Subj_12_Isokin_L_04kg_St_EMG_data.csv,0,1.909912109375,1.909912109375,1.920166015625,0,0,0.005110514514640827,0.000271482111257065,0.0059472085,0.006936925235555556,0.0002439767777108909,0.0077207568,0.006029453144904392,0.00024762707327367385,0.0068472866,0.004579848592361757,0.00028071290275208664,0.0058427812,0.0006786131719534883,0.00021327110079675835,0.0020264627,0.0005665122711059431,0.00020822740834956595,0.0018307687,-5.940172899224805e-05,0.00028152852211784876,0.0023577691,-0.0006782398812144704,0.00031101229276190857,0.0036895752,145.18868791251828,603.924664905408,140.95186353385867,528.25824755533,188.6218442142291,611.652152265333,235.30050311693282,932.715647577685,170.61392691523926,643.078026940173,168.0774788636164,632.324343212225,86.71727960439023,253.258530682466,145.51406520132943,514.884375744396
Subj_12_Isokin_R_02kg_40bpm_EMG_data.csv,0,1.89990234375,1.889892578125,1.900146484375,0,0,0.005845628873055555,0.00021308533973111925,0.0063008312,0.0033996048723947373,0.00020919940254314823,0.0038829804,0.004134395876459064,0.000208011410255475,0.0047744755,-0.0003997579284415205,0.00020952044395915526,0.0013841629,0.004849235462643274,0.00021295299518605472,0.0054591182,0.002641896832081871,0.00022061401491449035,0.0031969072,-0.006201044661625731,0.0003130506926094601,0.0078180321,-0.004113484756821637,0.0002783118417955901,0.0058977129,118.30055386856274,450.792740557191,122.77201346879217,501.218252834085,98.46461842206057,378.514628606916,97.72556713039737,409.154414547265,120.62411201615164,544.226231835596,120.21559770608339,537.179403533796,114.92097293780064,418.451073845684,115.76951680496113,414.569929412635
Subj_12_Isokin_R_02kg_60bpm_EMG_data.csv,0,1.860107421875,1.85986328125,1.8701171875,0,0,0.00580990391912248,0.0001581740434895704,0.0062381746,0.0034070834494666666,0.0001233378520815067,0.0038884163,0.004192433561885272,0.00013795582034133448,0.0050757411,-0.00027684847103565894,0.00013015214797313344,0.0010808945,0.0047261291856899226,0.00013668239409976305,0.0056273462,0.0027229928838976743,0.00014257567439976713,0.0035187723,-0.006298272194244961,0.00022918458673942767,0.0095621115,-0.004184317766362792,0.00024096017390174047,0.0080517773,63.95905568199002,373.949696734206,64.64589050785618,382.052036522575,126.60562611856848,524.2742613224,84.86244284334249,354.34034952441,174.59119769285135,791.376252241234,144.40924341020218,551.363402868408,147.24293241636116,486.796957194596,162.38739918919057,552.706871663228
Subj_12_Isokin_R_02kg_80bpm_EMG_data.csv,0,1.89013671875,1.889892578125,1.89990234375,0,0,0.005731626011832495,0.00020922170233236452,0.006194687,0.003431805547909548,0.00017857773801595208,0.0040978435,0.004334807926311557,0.00019477893026334693,0.0057924273,-0.00012862048801005028,0.00019327367817277213,0.0014522553,0.004716342025058627,0.00017296300453060098,0.0056831362,0.002808177236157454,0.0001706303141213756,0.0037230493,-0.006114917114978224,0.0002521495328749146,0.0094788559,-0.004097338041869346,0.00028101563675275276,0.0077207568,67.1490177887307,252.640079406034,73.34477721326314,247.021069252993,233.4962771078668,864.638458009139,146.5193913817724,619.106658607295,156.611850395997,597.482479866449,161.1126123971456,605.910094831115,167.7466865351475,473.085222310517,175.3190819033867,560.771352725485
Subj_12_Isokin_R_02kg_St_EMG_data.csv,0,1.829833984375,1.81982421875,1.830078125,0,0,0.005771398963339623,0.00032620032391516017,0.0062707905,0.0031387674578113207,0.00028439150361720116,0.003562832,0.004005880913943396,0.0002739887729508429,0.0045410157,-0.0005603474913647799,0.0003294421187995296,0.0014659882,0.004789706091408805,0.0002909897059138815,0.0054562571,0.0026273234376540883,0.0003142759963231534,0.0032681467,-0.006198251945786164,0.000293514501961783,0.0076752664,-0.004168469334188679,0.0002788146567975499,0.0054651261,49.46403408063014,222.122590924554,52.63108497636647,235.461201847954,73.44854616898624,240.398800352103,64.77247453510701,208.161605238217,102.1068381766715,338.377366548738,102.36609590528029,346.642946631485,90.8119213600376,322.219773569131,89.6354489685979,305.779566679717
Subj_12_Isokin_R_04kg_40bpm_EMG_data.csv,0,1.8798828125,1.869873046875,1.880126953125,0,0,0.005611815119276178,0.00018913297260470308,0.0061394693,0.002911545191150833,0.0002035557280199434,0.003389454,0.004341651378765309,0.00021771513903552815,0.0055872919,-0.0001489812650005517,0.00023021839200071652,0.0017638208,0.0045295308728015,0.00018344875019976907,0.0053870203,0.002488280409720843,0.00019734859972466256,0.0032930376,-0.006126977812606201,0.0003440628473865928,0.0089733126,-0.004130568141443231,0.00033193386680622827,0.0068438533,86.79136295818903,381.518762101298,84.3056807601327,417.596013623399,181.8584491070955,477.806886495782,150.60231348363226,678.404720422189,191.5802147975925,624.700072017809,192.166158550347,605.668640891675,186.975620008181,497.34906504539,198.77112894124076,537.136605321697
Subj_12_Isokin_R_04kg_60bpm_EMG_data.csv,0,1.860107421875,1.85986328125,1.8701171875,0,0,0.005633263537123994,0.00011639005391742086,0.0060215951,0.002786069229594203,0.00010670943092373586,0.0032123567,0.004461923045758454,0.00020702840329913738,0.0061623575,-0.0002116504698035427,0.00015332992025909956,0.0021655085,0.004604892998045089,0.00013476754227866104,0.0056316378,0.0024810054090692434,0.00015114331539090668,0.0034821511,-0.006106072779587762,0.0004266056149623513,0.0090811737,-0.004118154344763285,0.0004499549932433611,0.0071379663,86.29756671567797,345.074842224066,79.45895298619122,300.80459396182,254.9415323323471,918.582575949692,167.52266609773568,998.088323297159,197.41988907666453,666.211539881656,201.05738241215104,676.61235572102,202.68993991127218,682.426221317643,219.63138819018852,782.061399566077
Subj_12_Isokin_R_04kg_80bpm_EMG_data.csv,0,1.869873046875,1.85986328125,1.8701171875,0,0,0.005764145466075397,0.00010829876950017129,0.0061334614,0.003165698646931269,0.00011190711174230921,0.0035319331,0.004917533655670063,0.00018911508844298794,0.0061729434,0.00036832874846371924,0.00015325498582164602,0.0013641358,0.00495291931223661,0.00014102466678360723,0.0059592249,0.002809910371527086,0.00014443503064304962,0.0038397789,-0.004790194873488622,0.0004110756094581875,0.0083195688,-0.0033310057224580493,0.00044638156081913346,0.0074172025,98.84279756989575,332.459904364475,85.09946483319916,334.084057991478,237.93873981106418,720.676640182054,176.2777252078681,840.573535012891,244.60810447733527,735.547883844499,248.0123432631345,736.053442966096,253.60585634159426,705.588891950909,259.3096133964881,783.709967903509
Subj_12_Isokin_R_04kg_St_EMG_data.csv,0,1.860107421875,1.85986328125,1.8701171875,0,0,0.00559389868231405,0.00021425233351097752,0.0061675073,0.0030737943568099175,0.00021059677509468975,0.0036881447,0.004451735929250689,0.00020934460646145916,0.0057063103,-0.00024589363054545457,0.000301240957149889,0.0014225007,0.004534819643818182,0.0001848995207368453,0.0054905894,0.0025309369529311295,0.00021304079357163306,0.003439808,-0.00601628100753719,0.0003128901782013042,0.0078260424,-0.004225379275030304,0.000287236448086269,0.00628109,81.84791692432064,327.249406336232,79.68903100574423,275.921439941154,191.46428096787915,497.331008999595,146.29112878255356,430.182935732293,170.5766345142036,511.231441115226,176.5246716360142,505.349876207405,169.51917815824552,498.178061823621,172.63357981849677,465.165776044119
Subj_12_MMH_Bim_L_02kg_Trial_1_EMG_data.csv,0,2.02001953125,2.019775390625,2.030029296875,0,0,0.006196657271408855,0.00020668302709572772,0.006526852,0.006927596060442199,0.00018163992224888106,0.0072535519,0.007387404596223915,0.0001734035624788793,0.0076958658,0.007028737266263663,0.00012191954999043789,0.0075124744,0.00445987480847687,0.0001498904674474027,0.00491066,0.0041996721954317105,0.00017319888171557057,0.0045882226,0.004959710665788893,0.00018544826895811276,0.0054674149,0.004951430978927901,0.00021341660156414422,0.0055850032,66.19632319402179,270.774348227713,53.93595755946749,260.754058088584,26.825339238250756,103.681414489856,43.82623006202635,171.415056166187,40.83681744430311,326.494441611618,36.88133065682192,191.675015338541,29.141430398508295,142.300700098153,33.20486329544374,122.104727770265
Subj_12_MMH_Bim_L_02kg_Trial_2_EMG_data.csv,0,1.840087890625,1.829833984375,1.840087890625,0,0,0.00558542365382924,0.00012950154661459386,0.0063755037,0.006433724030872514,0.00012110113902484657,0.0071685794,0.0067866989854994154,0.0001014048519405226,0.0071894648,0.0064016073571578945,0.00011185158492526298,0.0069142343,0.0041380753430643276,0.00010152751665213577,0.0046382905,0.0037258927312701757,0.00012929820487309274,0.0042334558,0.004302325639281871,0.00015477678774981432,0.0051072123,0.004273334254287719,0.00018041437239322698,0.0051421169,91.84181673001301,548.744372127553,74.16267075183731,485.126855596536,38.73372408199759,153.225533715612,70.93209027213872,316.869418710296,66.37798306007595,348.508337852148,66.59403923308493,351.697233478728,60.24917478706679,198.726758449937,71.99371574545815,276.619942793877
Subj_12_MMH_Bim_L_02kg_Trial_3_EMG_data.csv,0,1.919921875,1.909912109375,1.920166015625,0,0,0.0056573530497561605,9.915578320665109e-05,0.0060997014,0.006561706242915693,9.139665742619506e-05,0.0069854739,0.006889366956155642,9.016065042042512e-05,0.0072272304,0.006423320307618677,9.64941986422247e-05,0.0069625857,0.00415703905445655,0.00010521299126047651,0.004633713,0.0037698869238988334,9.5864384962511e-05,0.004197407,0.004237984168274967,0.0001743595036807288,0.0055475235,0.004235897083097276,0.000178615203449892,0.005685139,69.57346156573092,313.258111643213,63.63586336323736,269.751948833997,37.551489917952054,155.149547072573,62.92757342114095,299.153518329988,66.84653664898214,334.528124316016,63.81746570754896,336.660272944611,60.06405290528316,449.081631545382,73.99211861312709,422.411963890424
Subj_12_MMH_Bim_L_08kg_Trial_1_EMG_data.csv,0,1.93017578125,1.929931640625,1.940185546875,0,0,0.005310068275536969,0.0001385828532959725,0.0059761051,0.006280323399008484,0.00012195083522681192,0.0068850522,0.006653133310945455,0.0001245042096468193,0.0073373797,0.006264776508050909,0.00015671220225818157,0.0075319293,0.003929040360601212,0.00011326594975551784,0.0046480182,0.003397993603561212,0.00011812635686329395,0.0040529254,0.00401224000816,0.0002208313726001524,0.0055234912,0.0038355809318036363,0.00024768055276617426,0.0058765416,110.70769051298318,370.966415089749,112.62856797673199,402.363699592932,97.02673066371115,389.158690163867,207.60035876023653,733.298376963863,105.72239397252338,491.139633247583,97.08291095651929,482.560293976403,108.58944005115524,422.065845617131,121.2589531393484,573.725713511717
Subj_12_MMH_Bim_L_08kg_Trial_2_EMG_data.csv,0,1.919921875,1.919921875,1.93017578125,0,0,0.005296131904405472,0.00014970039391956174,0.0060736658,0.006248798250808457,0.00014404473292660953,0.0071608545,0.006597792406425372,0.0001363644456483072,0.0072192196,0.006235043234810945,0.00016272931526216196,0.0069906237,0.003686941857231344,0.00017295795387149118,0.0042938236,0.0032706106801592043,0.00017968601525864006,0.0037742616,0.0037508541981592035,0.000232013133075773,0.00489893,0.0035971363901268656,0.0002832957763245799,0.0052250866,118.14471107144064,735.305775137486,127.39628686052053,718.75655191332,83.34431309977772,288.839242430404,174.1420233443642,798.680132981909,101.7084938597977,401.256670827939,92.12761270510218,353.706878763714,100.16724595581515,344.724772955687,108.41993710817822,373.975542307103
Subj_12_MMH_Bim_L_08kg_Trial_3_EMG_data.csv,0,1.929931640625,1.929931640625,1.940185546875,0,0,0.005346309352705084,0.00012067238319678206,0.0060490612,0.006332131319622599,0.0001109207923109288,0.006837273,0.006756089060777401,0.00010740800756402455,0.0072117806,0.0063559647971909595,0.00012359685901447916,0.0072049145,0.003628118630940113,0.00011331595925815389,0.0043719294,0.0031689165771367233,0.00011718274607870727,0.0039539337,0.0036926395256203387,0.0001692499980986564,0.0048133852,0.003483733392978531,0.00019560822448298147,0.0046814922,124.31463386005859,441.242499995759,137.29192507341435,503.810847178116,74.08821096890597,216.659383120689,168.55529574751506,560.816763244119,94.25033810449207,401.494335549378,85.73763657086245,357.855249590749,87.93275501920253,386.727416455011,92.71113326103197,340.005598729965
Subj_12_MMH_Bim_L_12kg_Trial_1_EMG_data.csv,0,1.89990234375,1.889892578125,1.900146484375,0,0,0.005283868122704898,0.00013490618449968906,0.0060708048,0.006369573859787336,0.00012427926612533285,0.007172585,0.006840525157605737,0.0001299361639001852,0.007598591,0.00652170098382079,0.00019020891317524926,0.0077899937,0.003637510108580645,0.0001424620370483565,0.0044809342,0.0031971318952234164,0.00013687445359846252,0.0039642337,0.003734974249949821,0.00024781757851162077,0.0052614212,0.003485117061639188,0.0002905729338051085,0.0054782871,133.80445574228625,597.748039136476,144.3377028330881,622.336388310229,113.53617045901458,444.360452828352,254.07438927406292,996.739711009394,145.61538673698044,565.338214989523,132.37823917933542,490.216116155273,130.89474779747377,478.150375933433,155.41166249384682,709.195448178065
Subj_12_MMH_Bim_L_12kg_Trial_2_EMG_data.csv,0,1.919921875,1.909912109375,1.920166015625,0,0,0.005487319009328783,0.00015355587098744858,0.0062009813,0.006577898239467576,0.00014080717487508504,0.0072435383,0.00707369569315586,0.00013798589727366875,0.0077762608,0.006734642640311718,0.00018576344150371773,0.0078323372,0.0036915284052992043,0.00013774340392425018,0.00465889,0.003248425554744027,0.00014297298603733566,0.0041095736,0.0037108662116382253,0.00024154203135224185,0.0051172259,0.003537003553412969,0.0002984131067786445,0.0055257799,126.5374281892279,523.852244773353,143.19254258672032,494.615592645905,86.03145690026963,325.287662308538,188.9128170855376,747.946501028135,142.07274743540776,597.842447283111,129.08532683274322,544.031274375258,122.6324355120863,507.828001018288,142.39582131006438,536.914101292421
Subj_12_MMH_Bim_L_12kg_Trial_3_EMG_data.csv,0,1.820068359375,1.809814453125,1.820068359375,0,0,0.005638210567326577,0.0002110797981525894,0.0062172893,0.006858662742504505,0.000168400101249065,0.0074109081,0.007360871241412161,0.0001959218049302604,0.008137322,0.0070528942264527035,0.00021838527233270858,0.0081378939,0.0038516802361328833,0.00020787222463179052,0.0048703197,0.0033158895756216214,0.00018276441849646594,0.0042952541,0.0037749838638603604,0.00029233684352816423,0.0054871561,0.0036409917621126123,0.0003258740605390069,0.0057538035,126.34831949493795,465.240303382049,130.23826165750316,470.274921463694,123.90149800234775,470.873423945763,268.7368352280734,1121.19356844553,145.70020653311366,507.197392916786,132.97658431509166,452.259650964185,137.90385927287846,544.546965126378,153.67075365191502,553.226764484484
Subj_12_MMH_Bim_R_02kg_Trial_1_EMG_data.csv,0,1.83984375,1.829833984375,1.840087890625,0,0,0.005173940084716807,0.0002470221580465746,0.0058436394,0.00309124751614299,0.00024560283449596916,0.0038595202,0.00355238247363974,0.00019979913515667582,0.0042079929,0.00047138952918848655,0.0003852649311674525,0.0013080598,0.00415925180516806,0.00023049144328040144,0.0047547342,0.003750632404482823,0.00026286360259176697,0.0043478967,-0.0033499940561225626,0.0002715137807072426,0.005103779,-0.0017471473923175488,0.00028724678518182744,0.0038206102,182.32490959245183,1029.03185958008,187.84071316027712,1050.92878890492,82.06539047350634,397.617667977043,100.03607873224655,407.082482530063,112.82163981462855,882.432195892552,103.49239233730076,857.12912764985,66.16274424137175,293.838263990202,68.1880297801832,277.491092272314
Subj_12_MMH_Bim_R_02kg_Trial_2_EMG_data.csv,0,1.83984375,1.829833984375,1.840087890625,0,0,0.005041958977216783,0.0002375723425347498,0.0057406425,0.002935707335055944,0.00024967899614199683,0.0038014413,0.0033886027029230766,0.00021459728823152363,0.004071522,0.00015038463589044288,0.0002726280860465657,0.0186258331,0.004084741327407925,0.0002320055772396345,0.0047724727,0.003485491566361306,0.0002550591744393308,0.0041939737,-0.003553319397834499,0.00023752429326408668,0.0053755762,-0.0019353238628601398,0.00025521331277250344,0.0039599421,119.15005375955862,585.012288554716,119.81917005699025,623.698127753864,75.15000841757849,298.213018391628,81.45007012114013,6725.40088061327,94.02494491130483,447.931613155135,89.10211088839084,439.619043901777,72.12438455609771,285.489208871725,75.76530214640435,365.460284367345
Subj_12_MMH_Bim_R_02kg_Trial_3_EMG_data.csv,0,1.860107421875,1.85986328125,1.8701171875,0,0,0.004992598008790404,0.0002799923380998312,0.005645657,0.002734163030224747,0.0003188085290092166,0.0034898759,0.003266570742497475,0.0002506437460323018,0.0041862489,8.323406811616162e-05,0.0003273363315312058,0.0010110856,0.004017893121320707,0.0002967821773369077,0.004609108,0.00332739721679798,0.00030396652224328277,0.0038938525,-0.0036451983541186867,0.0002960678260075796,0.0054988861,-0.0021534582598863638,0.00033540614444902556,0.0037765505,94.72155499678911,542.529869285377,108.12923778299199,580.473830795524,82.06092810685436,334.924026184709,87.13180964652632,355.771517019743,79.86258037958225,377.045090179125,77.9181031055397,358.404217281242,73.9603495208685,319.991976380088,72.20764851291545,255.923802180754
Subj_12_MMH_Bim_R_08kg_Trial_1_EMG_data.csv,0,1.840087890625,1.829833984375,1.840087890625,0,0,0.004863458628052045,0.00030675074996756657,0.0057040215,0.00222778444642627,0.0003160987415471805,0.0032137872,0.003098242803992565,0.00031015192548687035,0.0042549134,-0.00018719776021065674,0.000376439449067923,0.0016033173,0.003996802445214374,0.00031175307663206545,0.004751015,0.0030411188727930607,0.00032903326569996925,0.0036629678,-0.003761823825444857,0.00032558723153438147,0.0068040849,-0.0023579788264163565,0.00035959553352524817,0.0048863413,133.16282671223166,552.405104713634,136.17763706636006,545.881447636295,170.09818816889552,626.66027429708,121.82622930831124,459.589864887118,131.8665576533166,554.275558741031,129.6213636993273,587.529862459143,129.25392974664416,540.956434271532,120.82712913582246,378.838333725564
Subj_12_MMH_Bim_R_08kg_Trial_2_EMG_data.csv,0,1.889892578125,1.8798828125,1.89013671875,0,0,0.004966280970623738,0.00027321165679054,0.0059597972,0.0022302862968232324,0.0002827344944867884,0.0031794549,0.00327681326105303,0.00029854830766836473,0.0052485466,-2.85322716414141e-06,0.000360824235959053,0.0014431,0.004103039169055555,0.00027316911195992356,0.0050434116,0.0030259870765631317,0.00028979440628674373,0.0039270404,-0.0035989795286489896,0.0002750964088468684,0.00628109,-0.002423938048770202,0.0003051216130545342,0.004751015,157.1076911298352,599.155022146814,153.78196354951197,599.96391651638,221.36453218038247,1015.08211574236,154.20219319497687,752.290622212648,132.10830404774785,651.467370141663,130.94011280270803,672.169860977802,111.67752575063604,531.002191987224,109.40265025990811,535.913378742848
Subj_12_MMH_Bim_R_08kg_Trial_3_EMG_data.csv,0,1.919921875,1.909912109375,1.920166015625,0,0,0.005163530692276995,0.00028284199285370754,0.0058862688,0.0024254569403779343,0.0003026585370631377,0.003400326,0.0035402376412323943,0.00028676808187083386,0.0052288058,0.0002630140388826291,0.0003458794434182657,0.0012436868,0.0042426926645915495,0.00029923272742590074,0.0050960542,0.0030578294777793428,0.0003070595024055586,0.0038174631,-0.003472414646483568,0.0002979712362461814,0.0053681377,-0.0022401217130985913,0.0003373968145743611,0.004664612,126.23775413546282,522.332763077906,135.4474935037852,503.286635331507,125.73682585646003,428.771213213632,119.76992603820433,441.850648875172,111.09709467882288,448.504084432568,107.03613378472384,422.729141080487,94.42244492175242,324.727008120714,113.54152609924343,454.40467219543
Subj_12_MMH_Bim_R_12kg_Trial_1_EMG_data.csv,0,1.8701171875,1.869873046875,1.880126953125,0,0,0.005289934141867141,0.00029199195434830797,0.0064613344,0.002426737272206406,0.00031427697718847174,0.0037353516,0.003656576530771056,0.0003514583285491715,0.0053040506,0.0003472914308635824,0.00039291945337224007,0.0014465332,0.004378230422232504,0.00028667086489341084,0.0054473877,0.0031263420306358244,0.0002903684562215844,0.0040494921,-0.003393853031088968,0.00036812560304143457,0.0054897312,-0.002396687420118624,0.0004096606158542482,0.0050594332,170.00681962654454,672.273029149368,183.66647404804553,660.615765207906,201.61543771691706,825.954890899564,159.97908061100767,654.865050168873,160.11954969361778,596.823743296783,156.0693330403645,568.495667336568,124.15946509437667,445.390231573972,134.25301318873733,436.235080651123
Subj_12_MMH_Bim_R_12kg_Trial_2_EMG_data.csv,0,1.830078125,1.81982421875,1.830078125,0,0,0.00550078042680215,0.00029341999096133594,0.006289673,0.0026043544622623657,0.0003230848256556466,0.0035141946,0.0037962062791161294,0.0003349400511297383,0.005568123,0.0005051982780752689,0.0004297192590557465,0.0019234658,0.0045105297802666665,0.000296625010312208,0.0053918841,0.003154073097552688,0.00030669648813726874,0.004152203,-0.0033461841079139784,0.00041278006376253314,0.0061889649,-0.0027397395505849463,0.0004553800665736565,0.0056845667,138.70709745403826,740.225643867216,168.15183934272537,816.358094278134,196.7799841331579,810.043162043674,138.21077556903782,529.095866092465,147.8371169326666,516.345774188372,142.8927297175407,497.233080304084,132.64529932968208,495.70275304512,144.65663990944708,607.717341261722
Subj_12_MMH_Bim_R_12kg_Trial_3_EMG_data.csv,0,1.929931640625,1.919921875,1.93017578125,0,0,0.005751162908456265,0.0003219596914319809,0.0065783504,0.0028619171414255317,0.00031750463202262166,0.0037281991,0.0040256031156335696,0.0003691429037295556,0.0055031776,0.0007411600421985816,0.00043247173924285565,0.0015303612,0.004766332435052009,0.0003241609366643683,0.005601597,0.003237049569004728,0.0003281518143256114,0.0040480616,-0.00386702286543026,0.00048264194574969125,0.0064547542,-0.003368666473777778,0.000440004061419831,0.0061025624,144.52325601739682,635.570315519267,160.63812322254725,685.170675836874,170.72713326742698,563.090477072289,142.91609743288907,614.395428950723,150.08747678546135,643.664828042085,147.70182251852836,596.938193972169,123.90586885384502,417.462882790336,132.77760455816878,420.03873224196
Subj_12_MMH_One_L_02kg_Trial_1_EMG_data.csv,0,1.72998046875,1.72998046875,1.740234375,0,0,0.005351279011913131,0.00014804247998231662,0.0059572221,0.006867269067270707,0.00013235904359983926,0.0073107723,0.006906161096541414,0.00011944309226281893,0.0073622707,0.00669481736489495,0.00012427441807990515,0.0072684293,0.0027955675910565658,0.00010669743166188923,0.0033900263,0.002510599258963636,0.00010626358786772546,0.0030710222,0.0027580243360848483,0.00016405154044910625,0.0039264681,0.002447786984361616,0.00017932735241365844,0.0039484981,134.11813548880693,658.441517638743,133.06987950524675,596.384879862181,148.60970838614554,624.270035135655,129.83242296497144,529.046568145233,87.91577514724516,400.837464624674,90.17355865885264,392.483537839557,38.94990765794821,157.37458609333,66.61705350969828,295.314157720734
Subj_12_MMH_One_L_02kg_Trial_2_EMG_data.csv,0,1.760009765625,1.75,1.760009765625,0,0,0.005447589927264453,0.0001448075305138629,0.006057072,0.006904414185709718,0.00012205960363992016,0.0074037556,0.00692173788705289,0.00012616835818411194,0.0075233462,0.0065724149723271836,0.0001354467579099353,0.0073179249,0.0027347568222656827,0.00010860185491548451,0.003294182,0.0024580488650504306,0.00010825212011007052,0.0029891969,0.0024569648871020913,0.00018519146362108537,0.0037018778,0.002228400843488315,0.00021259703081404624,0.0035745623,115.55234973190426,462.004312621963,121.76799893070952,496.493216296394,131.16639431873554,548.456863788615,129.76479567076512,667.596812024016,82.96227104428588,341.695950073995,84.11793588427787,388.893304477266,43.86865811745,165.953809521891,66.6647955420252,260.540842286001
Subj_12_MMH_One_L_02kg_Trial_3_EMG_data.csv,0,1.75,1.739990234375,1.75,0,0,0.005302691651583047,0.00016924384604956224,0.006077385,0.006838717933340206,0.0001324082102411416,0.0074160579,0.00683322479479496,0.00014563420909839673,0.0073963166,0.006462682118861398,0.00014978885285047143,0.0070939069,0.002685246117910653,0.00013742630922166234,0.0033339502,0.0023563523898808706,0.00013849862961076714,0.0030220987,0.0022323283347262315,0.00018684566467385102,0.003599453,0.0019172932144444444,0.00020731577559689684,0.0035545351,104.2097867195858,496.836579913285,95.64229102613979,474.411024820128,86.34339538264359,355.536215406886,82.39540774103118,254.7610542596,68.57583405851182,306.305885073084,65.27687182958178,249.176679809438,30.644565390032398,150.974025252429,49.183448363863356,348.917915347006
Subj_12_MMH_One_L_04kg_Trial_1_EMG_data.csv,0,1.72998046875,1.719970703125,1.730224609375,0,0,0.004726365269449275,0.0001878138016677619,0.0062210085,0.0065028990027157195,0.00015918204854965652,0.0076034549,0.0063799211229877365,0.00019251677305522975,0.0071688653,0.005972699511052398,0.00020881069193018088,0.0072844508,0.002298664438486065,0.00015944009283949678,0.003092766,0.002067139297348941,0.00015812652754827484,0.0027271272,0.0017516976747892975,0.00025367099213784015,0.0032850266,0.001502218430523969,0.00028665667037210775,0.0034792901,240.02909744644518,1318.88442767101,231.69995153316103,1256.36137899386,243.67677358814592,882.838740589594,250.39711829069677,971.665903757791,161.48018661945076,730.091507445646,155.8417856863204,688.345057175897,66.64096311439484,258.474075830364,108.08389649718916,465.276971073573
Subj_12_MMH_One_L_04kg_Trial_2_EMG_data.csv,0,1.75,1.75,1.760009765625,0,0,0.00482024317659829,0.00017073875180440823,0.0058568004,0.006592190284869354,0.0001757548612208113,0.0071820263,0.006470437877367522,0.00021288388931239255,0.0071365358,0.006032368753272283,0.00021712784597211502,0.0070195203,0.0023012921746349206,0.00014225559654581731,0.0030550004,0.002104242577667888,0.00013611184246844704,0.0027617456,0.0016584746443321122,0.00023940687026116582,0.0031050683,0.001396856709863248,0.0002681519432048142,0.0033047677,184.3107070789748,932.679102131246,177.37453185548085,823.124799100729,244.9377926459395,805.726341656121,232.9361316129978,1039.11769575324,135.64630580421627,496.479768247465,132.85101664482795,448.798624678141,61.25496076284183,194.71311143983,94.00249308796243,356.952928362567
Subj_12_MMH_One_L_04kg_Trial_3_EMG_data.csv,0,1.719970703125,1.710205078125,1.719970703125,0,0,0.004884110592443679,0.00019431491036982457,0.005783272,0.006495558327834482,0.00016532465739065375,0.0072584157,0.006449225026308045,0.00020256989905595907,0.0072878841,0.005936170921039081,0.00021254117999533072,0.0073525431,0.0021982329762873566,0.0001578628347276131,0.0029834749,0.0020612383044390807,0.0001554185115567953,0.0027634623,0.0015153380597655176,0.00024283785558867484,0.002847004,0.0012054329439471264,0.00027392345954545906,0.0029811861,189.85220357187626,958.52532645125,177.9485842042146,851.001630702505,203.05568322724002,876.589888811851,205.51098017852155,1049.8528388413,138.3622353312053,550.81237981693,136.6628120620857,542.649425944077,63.39760993813785,199.780737514683,96.3062859641019,351.924273120666
Subj_12_MMH_One_R_02kg_Trial_1_EMG_data.csv,0,1.7099609375,1.699951171875,1.710205078125,0,0,0.006066777873585234,0.00032644577906189076,0.0070830346,0.0032146087823170465,0.000322438361725941,0.0043358803,0.004361285789094463,0.000266253740960374,0.0054422379,0.0010875990099413681,0.000334803413561296,0.0018499375,0.005022415805159609,0.0002544181304278319,0.0059022908,0.003127593667917481,0.0002498576809329532,0.0040163044,-0.0035991868362519005,0.00044132372353249935,0.0058825496,-0.0032614117965667757,0.00039195842181623486,0.005137539,155.11975845124604,801.789754517145,168.1075145628887,1020.84396950121,109.88727418890133,602.152815511248,115.27091546913888,539.549734852727,114.37276351109018,487.21755250463,112.34050298166179,490.453076162326,107.51290630877273,462.811061446837,110.31546719845983,417.297643558904
Subj_12_MMH_One_R_02kg_Trial_2_EMG_data.csv,0,1.710205078125,1.7099609375,1.72021484375,0,0,0.00601104221083715,0.00029549275367018145,0.0070092203,0.0032397879885190843,0.0002867547427470845,0.0042477609,0.004361129954147583,0.0002550826877871232,0.005389309,0.0008894212794605599,0.0003463544283337159,0.0016845703,0.004973581237284988,0.0002551771516176135,0.0057486538,0.0030387152760788802,0.00026725599042660227,0.0037968636,-0.003910335509402035,0.0003105852025619174,0.0057277679,-0.003404426682900763,0.0002966262966674832,0.0049964907,165.2567815922423,676.579891672283,155.32476019185822,609.367699865397,138.26784044310284,573.790409554187,136.2501365775194,629.806970246932,116.94988927497431,549.795823343712,116.73572570001544,514.845232425646,89.22257745455059,376.111201842899,90.61637290299723,309.446855710748
Subj_12_MMH_One_R_02kg_Trial_3_EMG_data.csv,0,1.75,1.75,1.760009765625,0,0,0.0057637306678618855,0.000280796127882864,0.0069245342,0.0030534925544701192,0.0002922378523379382,0.0043951035,0.0040992520462417,0.0002477553267770813,0.0054748538,-9.819768544488717e-06,0.000470247021185595,0.0186927803,0.004863405402812749,0.00023951567383303618,0.0059506418,0.002849691477240372,0.0002520474558935181,0.003937054,-0.004623457938318724,0.0003762590343827686,0.0067960741,-0.0039228585749482075,0.00033101422642422813,0.0056639672,177.26673951433116,867.953080619403,162.0380238738409,805.821657055556,119.13408102841764,495.822656736763,178.09650040516092,6674.41018507934,141.9369143294118,597.016743886419,140.39108915787276,584.303529801243,99.95902876932105,379.085347076992,94.09621496422021,298.082948188675
Subj_12_MMH_One_R_04kg_Trial_1_EMG_data.csv,0,1.869873046875,1.85986328125,1.8701171875,0,0,0.005728030164491484,0.00030768019314634187,0.006647015,0.0030227660695498785,0.0002708391340058023,0.0039605144,0.0037181030163309,0.00026621111970220434,0.0050611496,-0.0009445929634136253,0.0002746042676673686,0.0022662163,0.004832469152953772,0.0002547565896202583,0.0056436541,0.0025197786898272507,0.0002397089051951103,0.003252411,-0.00602001134822871,0.00034101957965662567,0.008482933,-0.004054489358036496,0.00033007537843217165,0.006412697,135.54227885600807,648.985778447591,149.20156226319114,705.91323484394,174.60171840689344,830.958630270526,147.35171577453045,798.922056913504,148.32611461021372,590.023920938851,147.27451296784074,583.791698902758,137.91435599382677,471.394151696264,138.98491598427304,415.072496847289
Subj_12_MMH_One_R_04kg_Trial_2_EMG_data.csv,0,1.919921875,1.919921875,1.93017578125,0,0,0.005855634883030533,0.00026359234609378947,0.0065966607,0.0032554284006055985,0.00024965826510161664,0.004105282,0.0038492128690356233,0.00023732848564904968,0.0052259448,-0.0008276272609999999,0.00023916842330023443,0.0022461892,0.00494058334159542,0.0002599842198811135,0.0056799892,0.0026285379897048344,0.0002519171934521915,0.0034420968,-0.006006547860987278,0.0003557752167863943,0.0087587358,-0.004016574314964376,0.00035203068538406507,0.0067972187,129.90769648307517,482.759181840829,131.34597250046508,511.847680774471,173.55131357363675,735.17586048871,139.11677979091417,485.727125654809,126.35413551448333,465.475843767602,121.80270898779884,412.923260405631,139.41265536348752,538.585239423597,131.86406905525456,453.200930133222
Subj_12_MMH_One_R_04kg_Trial_3_EMG_data.csv,0,1.93994140625,1.93994140625,1.9501953125,0,0,0.006024010250717948,0.00020839797599571066,0.0067603113,0.003390792665225885,0.0002019700878037983,0.0042068483,0.003981214872087912,0.00019100369805595917,0.004885769,-0.0006464391916630037,0.00018361081220872523,0.0016997338,0.005119583462910867,0.00019855903271925876,0.0060421946,0.0027744606627985347,0.00020308703691678567,0.0036360743,-0.0058423222712234435,0.00030728405119940903,0.0092874533,-0.003908133247230769,0.0002901515593626188,0.0074317935,93.2341642929524,620.370588923821,89.64584592408059,638.734005073656,130.32480419476303,510.960444505634,126.95579434609057,523.702279250429,131.15121919031083,524.243972427824,127.26667848425774,516.546412829254,130.47411885874556,518.487775661023,131.36982680628168,509.369651899248
Subj_12_MVC_All_L_EMG_data.csv,0,1.919921875,1.919921875,1.93017578125,0,0,0.004947992891604395,0.0002200211767205295,0.0055884365,0.006785364534736263,0.00020383786029554526,0.0074246409,0.006221093579794871,0.00022729204014354567,0.007027531,0.00460829760118315,0.0002706487634889239,0.0059492113,0.0006857409388205129,0.00021657212065567826,0.0022564889,0.0004801515738131868,0.00019929299916983224,0.0018834114,-0.00010660239002930404,0.00040871128543583016,0.0168531425,-0.0006790662682783883,0.0004236318156219302,0.004695511,,,,,,,,,,,,,,,,
Subj_12_MVC_All_R_EMG_data.csv,0,1.929931640625,1.929931640625,1.940185546875,0,0,0.006279266518007619,0.00014844482268429966,0.0070850374,0.003401634622262857,0.00017471357959806042,0.0041725161,0.005233928432384761,0.00020659413862250857,0.0062813764,0.00020085252817904763,0.0002469252378125689,0.0186893474,0.0050409617317066675,0.00015460094412625918,0.0061151506,0.002514323475104762,0.00014948073412302356,0.0035202028,-0.004994772786819047,0.0003211297671686479,0.0074337963,-0.00258523081584,0.0003353620040749521,0.0055106166,,,,,,,,,,,,,,,,
Subj_13_Isokin_L_02kg_40bpm_EMG_data.csv,0,1.33984375,1.329833984375,1.340087890625,0,0,-0.0020233033306378896,0.0004654110971414245,0.0042534829,-0.002188953549336531,0.00042072316356412206,0.0040792469,-0.003131689943067946,0.0005716646691496632,0.0044497494,-0.003805532892097522,0.00047351449376460296,0.0050494196,-0.002792665700876099,0.0006325193565187256,0.0050050737,-0.0030477362290871305,0.0006214146909235703,0.0049349787,-0.003580958187039169,0.0017449218869393323,0.0065711979,-0.001263568941392486,0.00046292208223949126,0.0028238297,65.25320983118009,347.753574650195,61.38039250144307,404.45144592064,53.872543232275234,278.44184586926,46.539734354542205,193.311001445224,136.06064345680332,603.686654350581,130.49823681597215,450.131340057664,190.56850697658885,1316.68574168659,142.23754829491162,501.739193205467
Subj_13_Isokin_L_02kg_60bpm_EMG_data.csv,0,1.429931640625,1.419921875,1.43017578125,0,0,-0.0015627796247492626,0.0004692166800513951,0.0038051608,-0.001760756731394297,0.0004607063370344138,0.0038792612,-0.0026237709133726645,0.0004559270851602853,0.004001427,-0.00333530509193707,0.00025524929076992803,0.0043604854,-0.0033371710394906585,0.0005964630077507683,0.0055944445,-0.003446274930973451,0.0006390154561860592,0.0055046082,-0.0022960356079488693,0.0021599738923774423,0.0172448158,-0.0007594214911740414,0.0003079458460200227,0.0025251389,75.1062501228632,403.921618277326,59.50577884693939,328.672225115665,89.31311904606977,529.466725615678,70.99605638634877,286.515020927741,142.383025481539,520.03387808889,138.3870736298194,446.362671004834,216.77475069399577,4748.13299029889,156.77941823588975,531.291965289248
Subj_13_Isokin_L_02kg_80bpm_EMG_data.csv,0,1.35009765625,1.349853515625,1.360107421875,0,0,0.00038084751712605044,0.0009152157046206658,0.0021337511,-0.00015975888903828195,0.0008373112093543756,0.0022327425,0.000787248839697479,0.0011395654026062645,0.0029974938,-0.0013721130473127916,0.0008958744339025572,0.0028936388,-0.002442633944900093,0.000356747511656585,0.0041235927,-0.0022187342623548084,0.0003800644167291346,0.0038941384,0.0016625793660746963,0.0021487020852342096,0.0140072824,0.0010366464813426704,0.0007672538108999947,0.002480221,76.80405913619516,640.210822135101,61.60862135094255,612.31060766095,102.25352711481709,850.012979769635,71.93076930959715,406.773212850156,133.0339799976091,1174.87191345988,130.1187611624542,1023.41708182263,236.29518222463466,2164.08657725564,159.87249935538387,464.047101365604
Subj_13_Isokin_L_02kg_St_EMG_data.csv,0,1.130126953125,1.1298828125,1.14013671875,0,0,-0.000909238316511379,0.0008402391744042636,0.0033259394,-0.0009241042534698794,0.0008306110848316209,0.0032392503,-0.001666040764436412,0.000691333782493089,0.0034555437,-0.0029725551448166,0.0004891840875910365,0.0045850757,-0.002943329139025435,0.0006265443132706361,0.0049758912,-0.0023500473927871484,0.0004926360155377282,0.0041819573,-0.0015519839205167334,0.0010820573836864743,0.0027234079,0.0002722970618018742,0.0006055346715420664,0.0017386437,54.674116799301636,194.391629857647,51.286004368267086,184.17238226123,43.89890303659071,170.112007444326,40.13203556304843,155.228556786056,66.4925039258437,252.660212088684,64.54570650238514,236.280006851114,88.18935724196366,409.534787839066,79.52937917733793,344.134326272581
Subj_13_Isokin_L_04kg_40bpm_EMG_data.csv,0,1.369873046875,1.35986328125,1.3701171875,0,0,0.0005418983013973334,0.0005297048193979714,0.001582718,0.0004982002359644443,0.00048185241500418977,0.001501751,-2.166701335644444e-05,0.0004447568837153853,0.0023669244,3.2260173740444455e-05,0.0004228160251120417,0.0016490937,-0.0045440613648622214,0.0007023684592348259,0.0062018395,-0.0042420260398257775,0.000830812706169215,0.0060859681,0.0011041845404213331,0.0016310669056170722,0.0109411245,0.0011446074477315556,0.0004801585247276609,0.0027119638,69.61136271230413,351.837462448266,59.66629350658229,395.712515550842,104.3980709482081,561.11564532713,71.62251626275076,242.198757335149,134.79593757862182,852.089928104033,129.96480581968677,622.084979027453,222.8537185998933,1747.1166555413,185.5630021457866,614.234166939514
Subj_13_Isokin_L_04kg_60bpm_EMG_data.csv,0,1.39990234375,1.389892578125,1.400146484375,0,0,0.001831768096798799,0.001715454071082377,0.0042351726,0.0016551015191131127,0.0017159194579204758,0.0041115764,0.0021618690289089085,0.0023251419019296496,0.0054462436,0.001539251257211211,0.001686652655554222,0.0036981583,-0.0040120450080940945,0.0011046392695044094,0.0071245194,-0.0032848476044924925,0.0014528294637792872,0.0065935138,0.0035048615474554553,0.0024640994461206994,0.0134922983,0.00257783400423023,0.0015862458949011998,0.0050102235,84.35547814670292,557.08762694132,74.28492827985241,525.129068077273,115.51270427418011,532.661945600781,82.10801051515286,337.88614644469,175.89217687971265,1123.01580221804,154.80386940087394,872.413103290668,285.77752993788255,2317.66861331302,184.52323712304172,500.0835595359
Subj_13_Isokin_L_04kg_80bpm_EMG_data.csv,0,1.3798828125,1.369873046875,1.380126953125,0,0,-3.422176723643411e-05,0.0004617237550496619,0.002304554,-0.0002113011359166667,0.00046095254118364124,0.0187253952,-0.0007645308193720929,0.0003375847838378047,0.002645588,-0.0009696384738197674,0.0002706423190341994,0.0026081086,-0.002808840708453488,0.0004955094533209162,0.0049052238,-0.0024026713706899227,0.0005317368541394919,0.0044906619,0.0015613403744321704,0.0019130385071878808,0.0129120834,0.0012700757413197674,0.0003373974263144781,0.0027285577,83.93663867197752,611.696170778942,94.31690600122086,6742.07149428439,138.7393484425413,832.95418132454,105.93748797164666,463.036321927122,166.0814759791993,1226.96458163004,158.40046104487305,862.001719009517,236.55612466034242,2584.85912393644,205.64571901574288,642.348517243421
Subj_13_Isokin_L_04kg_St_EMG_data.csv,0,1.300048828125,1.2998046875,1.31005859375,0,0,0.002681508013555556,0.0006192329959088995,0.0035611154,0.002780749064252664,0.0005653837580939413,0.003666115,0.0030921017393820394,0.00036107528448270674,0.0041630748,0.00230206366008828,0.0003934831647030757,0.0029514313,-0.0028376971876894978,0.00037452311510500233,0.0037716867,-0.002336240637455099,0.00026982907365676436,0.0028982162,0.005257216169470319,0.001903380857771687,0.0105903633,0.004350842344024353,0.000540671780187388,0.0071145059,54.06787324795088,178.656846387824,46.39711963384713,168.407224324126,126.32124393585573,621.912902430854,89.62674860442417,336.669655556359,120.21943234381786,442.537369084828,114.72076680332535,431.136717777591,182.35550647481386,589.93996166115,163.26279889297982,508.515078547437
Subj_13_Isokin_R_02kg_40bpm_EMG_data.csv,0,1.409912109375,1.409912109375,1.420166015625,0,0,-0.010580783339777779,0.0012707845583277263,0.0151731493,-0.009033341395306994,0.001551045825410504,0.0139463432,-0.014688441927302058,0.001299111151117933,0.0177074447,-0.013700153897990123,0.001270821012911229,0.0172222145,-0.00821759055803786,0.001056527989053418,0.0120666511,-0.006674090927173663,0.001230673792494336,0.0107688904,-0.004077239241786009,0.0013502210438225085,0.0065340046,-0.006625011478281481,0.000978409079505674,0.0093535427,104.17936873467568,950.744241188757,97.2373259611713,855.150583323207,44.97976006974869,324.328147767672,67.41424043572368,625.767294894981,142.7645790641207,1174.93158024818,142.65215564845917,1250.32179574573,98.61632073057014,329.779153479962,84.32885821410683,279.357922324002
Subj_13_Isokin_R_02kg_60bpm_EMG_data.csv,0,1.360107421875,1.349853515625,1.360107421875,0,0,-0.013134991552643617,0.000817252097488931,0.0177855492,-0.011971146500985817,0.0008608840727371613,0.0166811943,-0.018220222750260636,0.0004927477556785216,0.0197759643,-0.017677964846578013,0.0007134959606956542,0.0211621299,-0.00826283248820922,0.0006879770293135778,0.012848855,-0.006545916975030142,0.0006939455096709671,0.0112458235,-0.006368873458847518,0.0004976348350691421,0.0076437951,-0.008622408343035461,0.0004499901752402712,0.0103889471,90.98578315728575,994.037414369892,88.81087004395691,905.670592350799,59.09655604654174,4261.7777346608,68.32689800333186,676.374889312252,135.57295607755947,1333.34481572607,132.70289048344273,1356.07009596409,89.71309837847848,377.051644346695,76.99617256711716,292.642636777551
Subj_13_Isokin_R_02kg_80bpm_EMG_data.csv,0,1.33984375,1.329833984375,1.340087890625,0,0,-0.012305716502621685,0.0009143895469023655,0.0182782188,-0.011378288875228916,0.0009136678758959226,0.0175950062,-0.01705154061469719,0.000545030097486772,0.0190575607,-0.017308337941518075,0.0007373254792773456,0.0219002739,-0.007575704637717269,0.001067257676714545,0.0129941944,-0.005498514287707631,0.0010672864688205104,0.0109823234,-0.005179513417653012,0.0006913282803132639,0.0065288548,-0.007570329279760642,0.0004894338042024107,0.0093973167,57.12721912319242,302.583194615819,75.03462752197164,385.522683819834,39.20562894357893,536.601108506299,41.949427275948146,178.152027985862,124.78515992523651,610.754581878114,118.43441100898134,587.654495483113,97.87447862145338,467.329228187276,90.28778217404943,391.748238018952
Subj_13_Isokin_R_02kg_St_EMG_data.csv,0,1.300048828125,1.289794921875,1.300048828125,0,0,-0.016329829036243054,0.0028841657904736116,0.0228529945,-0.01424232230714236,0.0029673718108911788,0.021103479,-0.02049103264344792,0.002144106048712214,0.0258610733,-0.019925768639850693,0.0024239922519068064,0.0253134742,-0.009943994076159722,0.0026369922639981284,0.0157081615,-0.007820542098086806,0.002664106137477938,0.013683415,-0.007219187679027777,0.001765671250549628,0.0126271257,-0.009728426978482639,0.0019252973442100791,0.0153041845,92.78370882903883,666.803955541715,83.88376535495773,622.566497999571,68.13003004325464,446.507069962055,79.76159188009788,548.540287304706,124.11922846420613,892.854037443465,121.68216973473896,898.905296242748,55.535978870016535,292.172030753866,47.51732782403725,231.525045848508
Subj_13_Isokin_R_04kg_40bpm_EMG_data.csv,0,1.35986328125,1.349853515625,1.360107421875,0,0,0.0010975357197297736,0.002116661840812351,0.0044597629,0.003546597221278317,0.002177584281465588,0.0070229531,0.0004958447742815533,0.002142245568493926,0.0040165903,0.0018425953093333333,0.00200679747912249,0.005131817,-0.0041892595828478965,0.002492545841539711,0.0092568398,-0.0027585849607475728,0.0024135492503334598,0.007500458,0.007113115778192556,0.001897598522800613,0.0101697929,0.004982887765380259,0.001763391023617193,0.0078652389,64.6479882454732,776.715370367621,81.68293867206418,724.982906145672,46.71384079073408,390.340815624064,48.726412002977604,476.870041103562,131.49625244102882,1052.66260807463,126.3638336694812,1097.07678379075,107.01631118303735,352.085011004231,91.98697836104212,312.214123181261
Subj_13_Isokin_R_04kg_60bpm_EMG_data.csv,0,1.389892578125,1.3798828125,1.39013671875,0,0,-0.004839743595998022,0.004243218618760252,0.0129521377,-0.0036654542648288826,0.004291257568549881,0.0118263252,-0.00949507896868447,0.003946603540025525,0.0165513046,-0.008373300672130563,0.0045187393663663296,0.0167143829,-0.006876464662320474,0.003479003591708863,0.013744927,-0.00450947140875371,0.0035711164075756347,0.0117642405,-0.003415598809256182,0.003249251775879742,0.0103214271,-0.004916567595226508,0.0035584809155698545,0.0119627956,162.0591525336935,1775.75085715449,149.2586057006901,1614.63890281338,131.7594986459431,1221.98380943406,150.2746558104089,1505.52730943353,235.0536411375728,2621.12402419899,236.67795991775222,2583.39713591521,104.48217322238493,850.849340468477,87.41665628312283,692.95825896113
Subj_13_Isokin_R_04kg_80bpm_EMG_data.csv,0,1.419921875,1.419921875,1.43017578125,0,0,-0.008709921963903923,0.0023958700320998423,0.013619042,-0.007186757258019608,0.002292180942949528,0.0121258739,-0.012258851286303921,0.002439885660254453,0.0176991466,-0.01241356664839804,0.0022964959147704954,0.01762476,-0.008077227353827451,0.0025302944238871547,0.0132800108,-0.006100987414688236,0.0023849858055930194,0.0112615591,-0.004097232110207843,0.0028433222966446512,0.0097615244,-0.006236200561321568,0.0028978046830458993,0.0120411878,86.51656320273204,1099.95205963285,81.79166460698019,976.449991738165,75.87161827590775,860.940015220265,82.21572543204051,1004.5312472984,149.9575797267244,1740.59584931957,145.52238932686984,1713.97955092142,109.19623243519354,583.359733045852,101.93522111926193,506.237086093597
Subj_13_Isokin_R_04kg_St_EMG_data.csv,0,1.25,1.25,1.260009765625,0,0,-0.0025300543366858054,0.001192928669628954,0.0050817491,0.0003360243549984051,0.0012310502803853133,0.0023766519,-0.0033726163578755982,0.0007242750963135985,0.0052963258,-0.00232087499569059,0.0009317742557723248,0.0037576677,-0.005472456124950558,0.0008507569393632971,0.0076349261,-0.004097401893438596,0.0009017101520702376,0.0062659266,0.004405739020118022,0.0005069895635263442,0.0059726718,0.001341249984724083,0.0005993097157291577,0.0029874803,43.86512385755003,278.765599664124,43.95018789336521,256.100717371297,55.337343411863735,236.321262782525,46.3433080499206,284.566535396203,96.99219869515733,399.899591921563,93.56823568095533,402.288083007387,90.62395285229533,386.878861536646,76.61710596624286,350.27511389659
Subj_13_MMH_Bim_L_02kg_Trial_1_EMG_data.csv,0,1.5400390625,1.52978515625,1.5400390625,0,0,-0.009564025715294728,0.0007803512484615497,0.0111943251,-0.011235757514133629,0.0006967871950804365,0.0127069475,-0.010672242294659242,0.0008854584376963775,0.0121152885,-0.011460405872345954,0.0007064470915196223,0.0127487192,-0.0017136849402776542,0.0006915385397725225,0.0028627396,-0.0017691282910645883,0.0008265140623349337,0.0029173852,-0.008247521502124721,0.0017914874821721245,0.0105683329,-0.007157768372302895,0.0008742209196759426,0.0091063501,59.66632897759264,496.240535012209,50.64252611585203,308.395430149651,32.017619723407634,217.093390334325,31.608708983351182,191.593929233201,54.22816689661183,359.397575024139,69.28662158590025,385.474216553025,42.33851670243535,463.061365525332,30.41613342508104,208.298973523262
Subj_13_MMH_Bim_L_02kg_Trial_2_EMG_data.csv,0,1.419921875,1.41015625,1.420166015625,0,0,-0.009106146339604021,0.00028184909157787607,0.0098147392,-0.010814116943356536,0.0003122883765935123,0.0115556717,-0.011564051329302398,0.0005374340502027863,0.012509251,-0.011961110938790409,0.0003920821601623422,0.0126211168,-0.0021213297852761023,0.0003910828333468563,0.0030080797,-0.0022501596741407582,0.0003667431333885181,0.0031250955,-0.010160719715263729,0.0011350716766070658,0.0116703995,-0.00787552887303635,0.0004643844126430857,0.0087830545,57.4427081883203,251.297545264207,49.38872560964372,284.888488328853,27.750224579078342,165.39896068933,28.412879738863,163.178706246993,41.84370600210595,288.328117367686,51.19247708752091,328.078497936051,31.30908011597783,138.907062145029,26.578379343902377,175.147532284712
Subj_13_MMH_Bim_L_02kg_Trial_3_EMG_data.csv,0,1.409912109375,1.39990234375,1.41015625,0,0,-0.010526331487083124,0.0006754790200527343,0.0116855623,-0.01266359707033921,0.0007558093841212964,0.0139257433,-0.013615195943418975,0.000752458518377017,0.0151084904,-0.013781221271425692,0.0006067622139611016,0.0149119385,-0.002522555775754828,0.0003798786342610788,0.0032160759,-0.003316603650199832,0.00048374570264180926,0.0041602137,-0.012608270182693533,0.0013221871654018637,0.0143563272,-0.009252466693884132,0.0006752173948085235,0.0105946548,64.93800819618811,294.271697783692,73.58211328253677,638.645195533749,34.10385749575846,279.51511408301,37.29763138230336,166.23088129164,43.86185002987265,229.039910356865,48.7315695266715,282.598504313483,45.12032365028986,347.198257814379,31.26444744826939,182.86609285287
Subj_13_MMH_Bim_L_08kg_Trial_1_EMG_data.csv,0,1.47998046875,1.469970703125,1.480224609375,0,0,-0.009482354005379808,0.0004869112761903596,0.0104633337,-0.011167838832067309,0.000536997070281453,0.0123341568,-0.011965236571520833,0.0007226355287730801,0.0134837152,-0.012002062407131411,0.0006171221499963624,0.0131595619,-0.0017306709597612179,0.00035535230073784226,0.0023036958,-0.0027489393324855774,0.0005464584105764012,0.0035691264,-0.010116051949583333,0.002445505269982315,0.0129295355,-0.007484440448105769,0.001126957879464308,0.0094153406,107.98147797759331,644.529359612788,69.06642182201907,303.040199684435,66.80120248673505,634.40348499164,54.61455408801153,278.35056978048,66.96552679686314,335.712742500252,80.18548506633613,351.846561718973,85.84735027619004,739.389501548666,57.173126569419104,265.661358462094
Subj_13_MMH_Bim_L_08kg_Trial_2_EMG_data.csv,0,1.489990234375,1.47998046875,1.490234375,0,0,-0.009579552040003575,0.00042542214436293844,0.0108392723,-0.011132413466117963,0.000525876786070958,0.0123902326,-0.012690297909424485,0.0006720456475656863,0.0145042427,-0.012406075513358355,0.000583310310637504,0.013554669,-0.0020973018919124217,0.000272481430937522,0.0029565813,-0.003109922587126005,0.0004002543960563361,0.0041201594,-0.011146108220448614,0.0019182965560550355,0.0132682808,-0.00799475750001251,0.0008272020949223244,0.0094865803,116.87160128226257,422.101402098476,88.24019612914263,619.490090690319,88.73069895504656,533.606565259611,78.6173257837741,366.937669401435,77.61444073442611,353.556740178344,82.92386799675155,441.259244097862,63.01114943736332,620.121470932296,47.666042109062104,232.375030199204
Subj_13_MMH_Bim_L_08kg_Trial_3_EMG_data.csv,0,1.469970703125,1.469970703125,1.480224609375,0,0,-0.010640632845987038,0.0002349194524007018,0.0115774162,-0.012318287814666666,0.0003038599303543335,0.0133083351,-0.013411921640548148,0.0005677348999310707,0.0146962171,-0.013185765483175925,0.00041734620256780864,0.0140284542,-0.0024545299927277776,0.0002934239674584616,0.003226948,-0.003943656855331481,0.0003915331838550672,0.0047707558,-0.011271514771451852,0.00307000690557363,0.0139563568,-0.008744210790937037,0.0009792321403123453,0.0103603369,87.40594033304086,472.920347041795,77.73571726892597,520.776835766678,69.14610589854057,344.965635680288,57.13707697573455,179.086917094328,59.56910095781584,313.279116042646,65.84472770464161,240.972268509951,76.65607331544149,538.69017419278,47.564518305554515,205.70721233018
Subj_13_MMH_Bim_L_12kg_Trial_1_EMG_data.csv,0,1.489990234375,1.489990234375,1.5,0,0,-0.011024238183942471,0.0006067087258472363,0.0128668789,-0.012687718723849406,0.000704970454243141,0.0145317083,-0.014090130799991541,0.0009184381850781499,0.0165636074,-0.013548889282150593,0.0008600201875509497,0.0155685432,-0.003044729325401015,0.0003465406745414642,0.0038801194,-0.0051537640210219966,0.000483686944533292,0.0061786654,-0.012604859140873096,0.003212804105890344,0.0153860096,-0.009427817713304568,0.0011204842862642564,0.0109783178,108.46427616856286,626.51503460648,64.44750473010909,409.046866324443,110.78638622721247,513.155581655382,82.12789594518955,306.660089407544,79.69240585842994,363.013475331047,88.21699127115198,412.87918893128,126.67993350732787,1016.01759997684,60.63232062139243,199.850010629359
Subj_13_MMH_Bim_L_12kg_Trial_2_EMG_data.csv,0,1.510009765625,1.5,1.510009765625,0,0,-0.01286480404631383,0.00031843739293110153,0.0141045572,-0.014085446163677308,0.0004263464231728122,0.0153164873,-0.01523490954799468,0.0006646104523198678,0.0170399677,-0.015077426349317375,0.0005048177105830854,0.0164460186,-0.00463565235266844,0.0003658832082121203,0.0054576877,-0.007389891004939716,0.0005629276149430332,0.0083370209,-0.012810420797978722,0.0038275247546843616,0.0154040344,-0.010382098997351066,0.0013192099337333027,0.0120059969,114.95354372563817,667.554844441236,92.21583329617238,392.795457261089,103.67080984584977,511.999322711046,75.98930529388906,310.629973749785,73.98288601743384,285.455145822295,85.64637661293473,293.462874200415,87.06483859054858,1065.69116320998,58.58509630497386,217.770623724404
Subj_13_MMH_Bim_L_12kg_Trial_3_EMG_data.csv,0,1.150146484375,1.14990234375,1.16015625,0,0,-0.015410238750042283,0.000645189302696537,0.0169936195,-0.01668322049579281,0.0006877504669104725,0.0180596355,-0.017118901615656094,0.0007327148759979252,0.0200963989,-0.017092633812721636,0.0007530498287213331,0.0191199314,-0.006843311807967583,0.0008035347486131508,0.0081539154,-0.009819037693794221,0.0010519888754814718,0.0115748411,-0.013152303546887949,0.005366293923823288,0.016787339,-0.012144565956541228,0.0016103756029324041,0.0142739303,118.77056218820726,579.076390486469,82.19549713349726,422.276465343677,117.4653584210906,708.938141355414,86.5548360863658,400.841167211692,97.10074402231163,439.006317422842,115.20543847488038,456.773407292599,90.03362167747102,309.519721341688,73.21712352518432,232.335779984533
Subj_13_MMH_Bim_R_02kg_Trial_1_EMG_data.csv,0,1.429931640625,1.429931640625,1.440185546875,0,0,-0.036868945830797896,0.00045447461262971894,0.0382224098,-0.0357240449671086,0.00046264096213015186,0.0372153297,-0.037197371217698345,0.0005959848448222799,0.0560245551,-0.038521540061333334,0.0006424337905772376,0.0401241332,-0.02164971618290196,0.00035649412421790403,0.022620393,-0.019855032896995476,0.0006558103384050026,0.0209166538,-0.028422597079752643,0.0009767262863213614,0.0300724991,-0.028563254861378583,0.0007733226437518018,0.029853059,76.17709320659284,368.526757284281,76.63843228292933,393.787372891509,36.15814688791948,4312.17312444561,35.40110596407149,240.192458334949,70.70023488932421,389.339556404769,59.450131534967205,287.068654056081,33.984534665757316,183.332655587553,32.55826381470107,189.597314722344
Subj_13_MMH_Bim_R_02kg_Trial_2_EMG_data.csv,0,1.409912109375,1.39990234375,1.41015625,0,0,-0.036449136743802533,0.00029497700221609247,0.0378273018,-0.035213102977885234,0.0002865687958937078,0.0379074104,-0.03735669089420253,0.0003659690971928157,0.0382988006,-0.03881744635602026,0.00033192868560257704,0.0396097191,-0.020857475431549366,0.0001520255239819651,0.0214585308,-0.019513313239824474,0.00018628376387224178,0.0201436058,-0.029255964607152747,0.00047008479623470773,0.0309416782,-0.02916063635449789,0.0005525144424153334,0.0305165295,98.15813489645724,795.414686728837,143.05018836968043,1266.33004616212,35.331198865034494,171.478782564385,38.49853951579181,260.561875325153,67.06193699289905,314.460393673188,52.71444844454415,231.698615038715,36.926939090531675,117.599768493387,31.381672828726995,156.365615068228
Subj_13_MMH_Bim_R_02kg_Trial_3_EMG_data.csv,0,1.449951171875,1.43994140625,1.4501953125,0,0,-0.0386923224459045,0.0007448507004106079,0.0402299911,-0.037177488665190994,0.0006679165017323768,0.0389119163,-0.03898949848739279,0.0006128356102405757,0.0401902199,-0.04138792788643784,0.0006941511107209995,0.0428063422,-0.02028062916145946,0.00015690190453092472,0.0208374038,-0.01917598167018018,0.00028332906204542004,0.0200431831,-0.030401918858978378,0.0007170984798031615,0.0318137184,-0.03071992179274955,0.0006944956248673994,0.0323298462,110.89844611909936,642.061533678244,106.67530295314349,560.448641826641,33.372824343246045,130.900699235091,39.166256249571596,152.473099789772,45.63071299102697,193.230737959543,37.48439607638664,205.14386308935,34.96421231636206,140.419614977028,31.679046841830438,142.935180424813
Subj_13_MMH_Bim_R_08kg_Trial_1_EMG_data.csv,0,1.56005859375,1.5498046875,1.56005859375,0,0,-0.03492591675280217,0.0005642587824576531,0.0362697616,-0.033594125945064134,0.000495227276726838,0.0350544006,-0.035360451006850944,0.0006189443135810777,0.0365558639,-0.03803290725574706,0.0006337663154045671,0.0394517928,-0.017419862336177053,0.00030896196486197597,0.018611528,-0.01634151906857633,0.00026249703986938936,0.0172073375,-0.02629653276136947,0.0008684589892424437,0.0278079994,-0.026304186384995487,0.0010614476563329204,0.0283081066,134.69090711297983,524.837987184059,148.24459552521066,712.073130711367,58.37392017566605,264.680790802461,61.74772552303074,284.930009452189,82.4338615665238,478.351084595197,68.58512110492406,391.454002772175,56.676482387445866,410.146221989291,48.40283308751632,213.343776969568
Subj_13_MMH_Bim_R_08kg_Trial_2_EMG_data.csv,0,1.489990234375,1.47998046875,1.490234375,0,0,-0.03460236869482431,0.0007541455876348714,0.036757566,-0.033406699556353274,0.000630086019546138,0.0357241631,-0.03547885726422032,0.0007313279900674446,0.0375257507,-0.03812945236588984,0.0006905221513098108,0.039952185,-0.016955488869487178,0.0003006572639637177,0.0183703434,-0.016178224970989554,0.0003936352977997208,0.01763363,-0.02639781448109022,0.0009705839655448411,0.0286211018,-0.026463895998377965,0.000916751686539442,0.0284354221,117.55680298185807,497.064438790802,155.2010783443462,653.87046467006,53.880462470838246,234.229486379683,51.8372762862463,237.022673009521,72.30033756942841,539.881827772954,67.13445076863226,464.965679150833,55.434392857199654,284.244263883535,46.31092170016207,250.876075473965
Subj_13_MMH_Bim_R_08kg_Trial_3_EMG_data.csv,0,1.469970703125,1.4599609375,1.47021484375,0,0,-0.03588167547779962,0.0005710574497652234,0.0377643593,-0.034104888383631085,0.0005663589246037887,0.0362368599,-0.03578091112777528,0.0005919025106486738,0.0376061462,-0.03899961687772847,0.0005227070376393335,0.0403801948,-0.016457776055239702,0.0004345306792230059,0.0177317634,-0.015943120492518725,0.0005365195481738971,0.0173898712,-0.02690988071249251,0.0006911582587216097,0.0289089214,-0.02708029961875655,0.0007336519687552873,0.0288863201,111.52215593424351,511.735836790891,108.02335393324137,525.586202797335,65.50700782086632,302.177838992119,53.554874120204516,212.244119761406,72.81532000375628,319.101923590465,67.6202694140747,307.026261179496,59.60565399070107,280.212561453395,50.416401121312056,238.412154793624
Subj_13_MMH_Bim_R_12kg_Trial_1_EMG_data.csv,0,1.5,1.489990234375,1.5,0,0,-0.03498819332376684,0.0012628441962856192,0.0378178619,-0.03337304439509153,0.001200229725257443,0.0366102234,-0.03508978654214853,0.0011102087432213585,0.0375443473,-0.03834792770253368,0.001299641734825591,0.0410491005,-0.015182331787219344,0.0005321454691419239,0.0169967655,-0.014874855062436961,0.0006834982486090162,0.0167738926,-0.025943336814392058,0.0010378782150696404,0.028353883,-0.0262992538288791,0.0008292824686414505,0.0281759277,125.4251201308893,687.41764554933,180.81209256440474,782.486447450668,92.07519333498881,373.393772675799,77.36168678843637,387.39185584735,95.05798237544352,560.400494541361,84.56295721404334,514.01477500829,66.58064233787883,238.422403894484,66.54613702680793,247.511918537404
Subj_13_MMH_Bim_R_12kg_Trial_2_EMG_data.csv,0,1.610107421875,1.60986328125,1.6201171875,0,0,-0.03580855845435301,0.0005253222064446905,0.037583258,-0.03377165594132257,0.0005365828059731283,0.0356646553,-0.036268903644378465,0.0005323576243769984,0.0381588936,-0.039621879854132055,0.0005628971301806921,0.0410491005,-0.016023160199573873,0.00025791533837022306,0.0172101986,-0.016025020874840694,0.0003301707188242621,0.0173186306,-0.0258483188433526,0.0011307721378507407,0.0275671016,-0.02666951146523704,0.0012117277627224762,0.0284042377,125.53615139433573,433.565805555431,139.84142333523548,574.312694769486,103.60494733555053,673.7941352585,90.27433000040598,459.868001971776,83.51785101472096,387.503781108941,76.77173413330998,326.780302914729,68.49020133960347,608.846134947414,60.815306780154856,290.627067972998
Subj_13_MMH_Bim_R_12kg_Trial_3_EMG_data.csv,0,1.1201171875,1.119873046875,1.130126953125,0,0,-0.03624120513509695,0.0009127467472869194,0.0389679931,-0.03386921694286058,0.0010067143495402276,0.0371483825,-0.03654050885119745,0.0008502906137037451,0.039345935,-0.039400693513576786,0.0007145467391439726,0.042089656,-0.01593637132619533,0.0005811026724030674,0.0179400444,-0.01629157239138146,0.0008679572438446036,0.0184604656,-0.02516597885047417,0.0008980907526130351,0.0273339283,-0.026176894675096957,0.0012746117215362179,0.0281870849,117.2140009339929,470.405372770582,151.37605412615602,702.343652882894,99.31610128783672,432.624831278643,83.54850426361263,383.399930354424,102.39729618641107,442.538815305454,92.19471005083726,414.470900826919,86.24191080726568,323.689183133643,79.27709044867366,319.851054718612
Subj_13_MMH_One_L_02kg_Trial_1_EMG_data.csv,0,1.409912109375,1.400146484375,1.41015625,0,0,-0.005730605847657477,0.0010219493217524594,0.0074412348,-0.00575822499221888,0.0009597733614984013,0.0071096425,-0.005424960647724311,0.0010625811153430129,0.0072675706,-0.006695194750482873,0.0008516485973163742,0.0080340393,-0.0036482995404327483,0.0005866259878772209,0.0044108392,-0.00463537857522807,0.0008719802391869379,0.0062676431,-0.006438705085231411,0.001411082800951233,0.008650017,-0.0027734173802957396,0.0016491603493146972,0.0051853182,91.24546956695818,396.931209135539,104.82451313236815,691.021184619246,52.40815967483244,384.013867954831,52.00744890391309,231.857624348146,72.99720334238789,389.480455996396,82.73512166145535,494.697702215949,102.27771534032621,679.030964074984,113.97755152520828,1015.23283187382
Subj_13_MMH_One_L_02kg_Trial_2_EMG_data.csv,0,1.400146484375,1.39990234375,1.41015625,0,0,-0.008532187608082883,0.0006498457469859954,0.009654236,-0.009512788406414414,0.0007389423406539957,0.0106478697,-0.009329914720890089,0.0007954444560723203,0.0104687698,-0.010231308825517116,0.0006732199843490724,0.0113591198,-0.004848458284843243,0.0002569416684901135,0.0053297998,-0.006490659945295496,0.0006692388417170866,0.0073923115,-0.011196001705715315,0.0016295033536065445,0.0135755548,-0.005950573624980181,0.0015133660652922828,0.0077822688,124.80122097651446,683.671157190633,100.52720513701352,571.581995582645,48.960792390498696,409.580275796845,43.664132871759755,244.445008254451,73.12220298298269,386.640357798399,91.72459957430546,939.678557901969,80.48667244842832,497.954330817228,89.9270535773601,897.087939800864
Subj_13_MMH_One_L_02kg_Trial_3_EMG_data.csv,0,1.320068359375,1.31982421875,1.329833984375,0,0,-0.008161219080319297,0.0008174319423830805,0.0091921808,-0.00902969796048772,0.000807065011183272,0.0100038536,-0.008558293356436842,0.0008415201643651039,0.0095498087,-0.009725974038907018,0.0006977336831332152,0.0105872154,-0.004411462665019298,0.00030340854354383767,0.0048840526,-0.006132543172900001,0.0007243806482435904,0.0070272447,-0.010539612341857895,0.0017743254558246413,0.0123324404,-0.005263745864826316,0.0014205637754968693,0.007011509,113.83192835329983,690.672661146695,116.95935299689567,698.882743087051,54.25996675229775,328.462110581374,44.1563508723656,208.060763731277,78.75593808341273,411.2600068642,99.01379739815312,563.219537123883,83.41453604287334,419.289770072751,87.11816403821378,975.864065081645
Subj_13_MMH_One_L_04kg_Trial_1_EMG_data.csv,0,1.43994140625,1.43994140625,1.4501953125,0,0,-0.0050954688880809245,0.0005774705600084937,0.0065443041,-0.005687069696368015,0.00057884193921372,0.0066352845,-0.005821219850333333,0.0007410944902350329,0.0071951868,-0.006257857100998073,0.0005901771461385264,0.0075061801,-0.0025415628983025047,0.000388010422292429,0.0032112123,-0.003221172116127168,0.0005437623437282065,0.0041553499,-0.006664825950903661,0.0013425890542502939,0.0085956575,-0.0015456139022832368,0.0014694545738249674,0.004504967,135.99399734434368,813.421366297739,130.8420828949292,714.566298576254,83.14995307213412,511.148525556692,81.86190773220888,469.792353129,104.45848750336647,477.750611194807,115.00722077194405,664.084879551401,123.66165823009017,665.330149196058,128.15631910454636,960.739902751819
Subj_13_MMH_One_L_04kg_Trial_2_EMG_data.csv,0,1.35009765625,1.349853515625,1.360107421875,0,0,-0.004655502526995531,0.0006144141619975074,0.0060027125,-0.00524464918900983,0.000692593548310992,0.0067889215,-0.00561533081741555,0.0007378173446066661,0.0073144916,-0.005976066181138517,0.0006413694524153019,0.0071883206,-0.0031477882251045577,0.00023905686850288747,0.0036337853,-0.0034821927527578195,0.0005102568559954192,0.0044823647,-0.006519116291803395,0.0012953295675936193,0.008755303,-0.0016168950215621092,0.0013735428226279126,0.0044114115,126.99878998257847,588.148320374458,97.61784886019582,533.936565157987,108.56466265428388,682.797089998551,85.0622342255239,470.806232573491,110.63716090718762,482.506046205001,112.68725481605064,494.669117147325,103.52173291992851,350.56189720351,113.05190708760074,756.405150321655
Subj_13_MMH_One_L_04kg_Trial_3_EMG_data.csv,0,1.389892578125,1.3798828125,1.39013671875,0,0,-0.004102777398112281,0.0004963403289633604,0.0049864771,-0.0046877865095140345,0.0005295856668129979,0.0055729868,-0.00467718661214386,0.0006895763023505111,0.0058241845,-0.005049188424673684,0.0005566651392837684,0.005887127,-0.0023966030722438595,0.00035256743828803746,0.0031107904,-0.0028900975875964913,0.0005901151377773105,0.0037281991,-0.005544311781366667,0.0015607397245918102,0.0074852947,-0.0010536528795947366,0.0013310365576852013,0.0052536968,89.63618354271699,358.304462258846,75.24281438818194,401.355537079865,80.20363749882246,495.441169526265,58.31337018167906,243.451669132049,94.92815440843339,390.569923358976,107.25606674725299,514.034915389582,117.07181369168813,478.92991529862,119.72041391965443,711.384842178628
Subj_13_MMH_One_R_02kg_Trial_1_EMG_data.csv,0,1.280029296875,1.27978515625,1.2900390625,0,0,-0.019522275834700776,0.0014305846877026229,0.0223528873,-0.018065693875234108,0.0015248783391015464,0.0215452202,-0.022507601039306976,0.0017012785473014124,0.0263136867,-0.02464641627704651,0.001271870460230118,0.0276234634,-0.010036351432891472,0.0005702685135893157,0.0114200599,-0.009241849534475969,0.0006223662811879562,0.010752297,-0.012028803463984496,0.0014436549667384089,0.015683271,-0.011355316418246511,0.002071801527113001,0.0150329592,122.75375196739522,603.285127313068,134.57441600986053,723.075723980413,44.85764236065317,606.228834465157,48.792895561646944,523.12255995399,80.28585875840062,454.751168103616,80.88357432813173,482.766853880323,59.97096339192409,218.438069205053,82.056878234912,570.872685027354
Subj_13_MMH_One_R_02kg_Trial_2_EMG_data.csv,0,1.33984375,1.329833984375,1.340087890625,0,0,-0.024345470503795128,0.0009956943594736796,0.0261471756,-0.022361969629937868,0.0008430428366785896,0.0238340385,-0.027169420776070527,0.0010300681407064878,0.028716661,-0.029301887539138538,0.001017102561339347,0.031053545,-0.009428413026172963,0.0004959542835887963,0.0104856491,-0.009471020435020992,0.0005623822134292873,0.0105154039,-0.01710707168240974,0.000949225756359557,0.0185846332,-0.0156149214793199,0.002381011438789624,0.0182086956,90.0907897291531,511.467343595773,102.62855829942426,557.121117329901,38.740786268326744,412.654375009422,42.53712242212973,328.659000317447,56.60783409635287,264.787089669339,48.00785060473079,242.784537061772,51.483386860965034,435.337042343015,73.47739718920164,894.150437997104
Subj_13_MMH_One_R_02kg_Trial_3_EMG_data.csv,0,1.389892578125,1.3798828125,1.39013671875,0,0,-0.02451809679718445,0.0010647358626049868,0.0270423908,-0.022002912954387097,0.0010010768307299816,0.0243733414,-0.026943610772741107,0.0009005140924388239,0.0293163303,-0.02930238906127378,0.0007527931453225227,0.0315087326,-0.008312670636018196,0.0006053220773935115,0.0100590708,-0.008849388717110006,0.0006538756089316476,0.0106066708,-0.016218836474287842,0.001039908361925164,0.0183022507,-0.01541721516314475,0.0029094475256843427,0.0193167701,103.24835596831669,795.382129766372,110.95334316071633,693.601888514345,56.2917506518927,681.460776475334,55.84342522236351,595.598493354654,60.254924262237175,456.398843086564,51.24015851372014,429.868719491972,45.40797476777981,537.143370334922,88.1644813963066,1269.3389536557
Subj_13_MMH_One_R_04kg_Trial_1_EMG_data.csv,0,1.389892578125,1.3798828125,1.39013671875,0,0,-0.026705633569007917,0.0012292769744678494,0.0290980358,-0.024627646100858398,0.001522161682065229,0.0276266113,-0.03052733746035708,0.0014914630179196945,0.0339526199,-0.031153956030898856,0.0012113797822168924,0.0339769386,-0.018749579276239225,0.0007925114415927609,0.0204909332,-0.017592548427813545,0.001326013812755856,0.0198188797,-0.018294749089725594,0.0016246060165513976,0.0220012665,-0.019279770576072115,0.0019174083837681555,0.0236002933,88.05265319487756,748.673702282355,85.59173741159175,791.954995394162,58.02122016512211,501.350857888605,57.02494397755805,453.310986974121,97.08071600173004,786.344963764383,95.82468561853173,834.235950836453,56.353798557070796,255.459558858748,58.290592270725156,2201.97026582622
Subj_13_MMH_One_R_04kg_Trial_2_EMG_data.csv,0,1.409912109375,1.400146484375,1.41015625,0,0,-0.029903364811404293,0.0007270606419220777,0.0313342102,-0.02787997770812885,0.0012384640917997684,0.029381562,-0.03513445025444071,0.001095357234700932,0.036900904,-0.03487658638789729,0.000767589966248064,0.0365017913,-0.01901830953893184,0.0003669822840413854,0.0198695194,-0.018199424555172736,0.00039468466832105086,0.0192034729,-0.021603001540371612,0.0010417056635517942,0.0237545017,-0.022478017897662,0.0014509311479458562,0.025320055,145.03257150442988,834.879149622945,173.21592904419015,798.62152600629,58.84894018305312,585.234552438092,56.73130512755636,334.756700297287,83.34745801935692,330.418281405618,68.6768841924965,339.688637229273,57.63691976418023,298.302225957842,54.31361585115173,252.131661238174
Subj_13_MMH_One_R_04kg_Trial_3_EMG_data.csv,0,1.39990234375,1.389892578125,1.400146484375,0,0,-0.031142946046531852,0.0009455379706888356,0.0332282074,-0.029053692606463528,0.000986673463315146,0.0309674274,-0.03662507406938135,0.0012799595085569218,0.0387325287,-0.036392553043039705,0.0009703369818022867,0.0383528732,-0.01906117157828809,0.00043467667502426136,0.019949628,-0.018376825163778393,0.0004912328203198992,0.0194395073,-0.023077903706083102,0.000926359204316796,0.0244062431,-0.024119289886598335,0.0016083547841330766,0.0259019863,123.43165838593326,752.525235987646,137.14977557141393,897.554483696888,79.99353628061965,606.596032444126,60.03417564916024,358.735173538675,117.82599875959104,8262.83088501656,88.11089454024565,524.283343528139,61.14744825523073,329.435255548303,67.07797303427047,631.299982679863
Subj_13_MVC_All_L_EMG_data.csv,0,1.580078125,1.579833984375,1.590087890625,0,0,0.003625895998050822,0.0008595883315988184,0.0046789171,0.0030983252646547086,0.001067572601916602,0.0043241503,0.005173928518502242,0.0011223758580656473,0.0065208436,0.003189133986878924,0.0007856601024588948,0.0042079929,-0.0035758569443228696,0.0013926996906344293,0.0061165811,-0.0019907650826248135,0.001499284501440419,0.0049029351,0.008395215036325858,0.002366300460184358,0.0106524471,0.005556742844215246,0.0013890867375680714,0.0072126393,,,,,,,,,,,,,,,,
Subj_13_MVC_All_R_EMG_data.csv,0,1.530029296875,1.52978515625,1.5400390625,0,0,-0.0011604948171923077,0.0009620373531152318,0.0183082595,0.001036705702945513,0.0013277294998638883,0.0049266815,-0.003007390150948718,0.0014306761840682108,0.0059663774,-0.0037620498669455127,0.0010575096453591727,0.0062230113,-0.0035404726756153846,0.001199842684856541,0.0056902887,-0.0021052366050064103,0.0009827512650052604,0.0038649561,0.005269452651990384,0.0014377565787191975,0.0067070965,0.0035424823557435895,0.0010175892529123351,0.0066501619,,,,,,,,,,,,,,,,
Subj_14_Isokin_L_02kg_40bpm_EMG_data.csv,0,2.0,1.989990234375,2.0,0,0,-0.009137086376177569,0.0008700131169637111,0.0108229639,-0.010050516005003115,0.0006077442298404126,0.012357045,-0.009025329009190031,0.0009396123939021062,0.0105546005,-0.00809559313453271,0.0010240759335965264,0.0098138815,-0.017407746657370715,0.0008014091684823642,0.018825246,-0.01699993862121807,0.0006524083300440633,0.0181208625,-0.007363237143074766,0.0012847153137203837,0.0095749861,-0.007356411363024923,0.0013625170787926399,0.009756661,42.90315528058818,200.40806751708,43.40587478548258,200.765806160413,25.41563623167801,94.5711678836119,41.96720666353215,192.610709704529,36.78730685579127,143.490884550119,58.39332512639155,225.645001211247,51.13297746659321,168.921000209417,55.007313397182166,166.8250066153
Subj_14_Isokin_L_02kg_60bpm_EMG_data.csv,0,1.840087890625,1.83984375,1.85009765625,0,0,-0.010616520507719888,0.0008984600385885401,0.0121773724,-0.010746877393033615,0.0010377813320700583,0.0134428032,-0.010945888541661064,0.001241746514846059,0.0133295069,-0.010628261315333332,0.0012580534801202021,0.0131486896,-0.017513132120128855,0.0005768969947073212,0.0190292373,-0.016994333686929975,0.0006205797357530627,0.0182910934,-0.009154436758557422,0.0006075172997985934,0.0109614376,-0.008772149857036414,0.0004068862404891166,0.0106770517,46.29336579690518,205.070378354493,57.681003764171415,341.040863089471,29.019101041878397,189.759827131928,55.22174910602123,217.314637069143,35.71529085565215,131.045064082961,54.101420625585334,172.46729902907,61.009484568044066,201.254586444233,72.49215079995156,217.107999336659
Subj_14_Isokin_L_02kg_80bpm_EMG_data.csv,0,1.8798828125,1.869873046875,1.880126953125,0,0,-0.0096289707132185,0.0009029128828413198,0.0112449648,-0.009922715918318979,0.0007263252126873558,0.0125178341,-0.009836875509553429,0.001087566346328195,0.0116712572,-0.009617290294456139,0.0012597124880018955,0.0116701126,-0.018243755230213717,0.0007507282462728711,0.0195176136,-0.01745673219123445,0.0004860260037825916,0.0184367187,-0.007090660719942584,0.0012125222787370735,0.0100605013,-0.006787244392653908,0.001075581132322404,0.009712887,43.40268358064762,191.721296096517,58.86161106020691,386.018696089629,28.147873308615612,104.394866395914,48.57746628319705,168.696484704364,39.08720132434785,131.587137023752,58.91459844483274,201.252600620785,59.23443230013117,216.354682106202,62.28630738698132,221.071504219062
Subj_14_Isokin_L_02kg_St_EMG_data.csv,0,1.920166015625,1.919921875,1.93017578125,0,0,-0.012253060430253688,0.0009413490209778179,0.0140994079,-0.01275944845519764,0.0009820220839541146,0.0146904951,-0.01331905553178761,0.0007581485953624883,0.0148326876,-0.013448074737056047,0.0009482616736747889,0.0152114872,-0.02168063939382301,0.0009425098712073571,0.0231365208,-0.020199559449669616,0.0007440276868268024,0.0215475094,-0.010708734411929202,0.0011458322025353262,0.0131572727,-0.0115070056419941,0.0005946630579876772,0.0130880363,29.32366100955425,125.799492037703,31.079600295468442,160.322910994642,15.797200115165346,46.5562793627673,24.695871896376836,76.3185051372988,20.595622245513965,67.29409728935,30.613928023993996,100.629082772897,48.48644112626971,138.554740357865,49.78339558954229,179.609217581869
Subj_14_Isokin_L_04kg_40bpm_EMG_data.csv,0,2.010009765625,2.0,2.010009765625,0,0,-0.006038751922694968,0.000691058592374235,0.0079052933,-0.006700437325298743,0.0005675585583306706,0.0086829187,-0.004839732772,0.000659930651786834,0.0060484889,-0.004158821572,0.0006125982295194105,0.0054885866,-0.013530674659185535,0.0009018372478559763,0.0152930263,-0.013663121993616353,0.000612430597930141,0.0148984911,-0.005127522233522013,0.0011937145092449112,0.0089324005,-0.004610315238518868,0.0012495868623514839,0.0090376856,74.13548570513233,261.136828025222,77.90288130371984,287.966881748084,41.470162598986356,147.783685499127,67.57679993065956,241.896566724538,51.85057931425213,191.127064175874,82.22805834453952,312.672759786091,76.8978621581475,322.062147405061,95.03252049106675,410.584985214484
Subj_14_Isokin_L_04kg_60bpm_EMG_data.csv,0,2.030029296875,2.019775390625,2.030029296875,0,0,-0.006568375994568305,0.0005909139694307708,0.0083619123,-0.007531839162834244,0.0006477310165393727,0.0094888695,-0.005486574890123862,0.0007480541154155329,0.0077945711,-0.005497530302735884,0.0007711749824864314,0.0079110153,-0.013902613683038252,0.0006378445937347203,0.015194607,-0.01378810797498725,0.0006420440212298393,0.0150795942,-0.005574501014240438,0.0007326749450465866,0.0090854652,-0.0047542425039125685,0.0006836041884998186,0.0088294037,61.28681521018033,213.224822340251,66.95860199743429,361.890688917986,38.50461445678381,153.718087068393,59.013683766465505,251.61330711178,50.65338536740445,188.029545095959,78.01347058004113,302.859745593582,79.57781282445401,290.129759109871,99.0069139641593,368.59860272091
Subj_14_Isokin_L_04kg_80bpm_EMG_data.csv,0,2.080078125,2.06982421875,2.080078125,0,0,-0.006221571545776515,0.0011772114977581796,0.0081770904,-0.00718302763269697,0.0011724541793967482,0.0094296457,-0.00544795120298106,0.0015345808880618049,0.0078188898,-0.005418057045946971,0.0014856031857058592,0.0078755384,-0.013796406653318181,0.0010290677720158098,0.0155920032,-0.013380051884681818,0.001008580709145117,0.0152346613,-0.004401302541405303,0.001427149181694577,0.0093129165,-0.0036510539786704546,0.0015294821171560648,0.0090937614,64.38478213537226,188.765448138352,69.64104746952525,256.347385061058,49.717758191284375,210.153521150054,82.86335244143544,271.074928509187,57.85979340387162,202.952661542145,82.06662225527931,258.979000193134,98.0415855536963,400.974164882662,125.63326719239419,441.132262249491
Subj_14_Isokin_L_04kg_St_EMG_data.csv,0,2.02001953125,2.009765625,2.02001953125,0,0,-0.00364386660824183,0.0004720430281697897,0.0046568871,-0.0049254481725947725,0.0004447424196344419,0.0059849741,-0.0016486987260065358,0.0002624621564460825,0.0025674822,-0.002278567107450981,0.00042936826686493213,0.0032735826,-0.013119095058758171,0.0008387708108744087,0.0143926628,-0.01276026233067974,0.0003902507752129749,0.0135366442,-0.003899198748745098,0.000626037101107067,0.0062931064,-0.003388267821784314,0.0005567115480811644,0.0055335048,55.31706165741672,172.757754219537,57.50953459382916,178.564036235776,28.906783076327738,86.2740552012188,52.53443746419877,170.00181433995,36.71102398711623,105.114322058368,52.88003448263744,161.824711523945,63.170362800392034,225.716860527752,77.51488017590985,231.968152634941
Subj_14_Isokin_R_02kg_40bpm_EMG_data.csv,0,1.919921875,1.919921875,1.93017578125,0,0,-0.010192930989094398,0.0020584656056219976,0.0140622146,-0.009155378292241887,0.0020623683896935567,0.0128894811,-0.009651798170492625,0.002624634071717348,0.0137254717,-0.006322292206,0.0022056413962388216,0.0093100555,-0.02878455351423894,0.002049773466422973,0.0320122726,-0.04194936507578466,0.001637655655217901,0.0442417152,-0.014476763795716812,0.0017272585668567106,0.0173160564,-0.009401470097156342,0.0013526112749700392,0.0115631111,103.32813066287923,690.235512476066,85.57655731846758,633.456400699223,51.19075324672112,308.836629775688,28.229803522211313,150.648990132597,33.584767555988996,311.106743808435,45.81983267053343,490.752182971694,38.76380537724184,323.671534690535,43.273552232656506,211.912715854165
Subj_14_Isokin_R_02kg_60bpm_EMG_data.csv,0,1.9599609375,1.9599609375,1.97021484375,0,0,-0.002677537928841751,0.0007556376278630877,0.0048688892,-0.002782306349952862,0.0011898241310884866,0.0064470293,-0.00417783995023569,0.002737608356800221,0.0133398063,-0.0011181703456632993,0.002033854511910662,0.0078306198,-0.02159982804347138,0.0003340615812158939,0.0229431167,-0.033867190205468016,0.001600291405168589,0.0363244079,-0.014923730599420875,0.0022243968701634595,0.0208703056,-0.009346934151026937,0.0018391318425509137,0.0143297203,74.55170071271807,265.283484260963,88.690640835729,369.620616016349,43.54988718933317,232.268532770774,29.736721071211697,228.511279066486,43.5554487128045,160.351429172135,60.43915135120722,195.523541418727,46.653941629560656,219.415394547167,56.02945788608249,162.014030739586
Subj_14_Isokin_R_02kg_80bpm_EMG_data.csv,0,1.93994140625,1.93994140625,1.9501953125,0,0,-0.013817994644507937,0.0005346847141378915,0.0160208717,-0.013096913166920635,0.00048499143286607344,0.0151024824,-0.015116225096123809,0.0009101322911650304,0.0191451088,-0.012459392783031747,0.00042431515597698673,0.0138576515,-0.036682414714447616,0.000601070704958449,0.0391991623,-0.040811292633146035,0.0007111840173382002,0.0428172126,-0.017559835284342858,0.0008637562144522537,0.02006693,-0.01141708321308254,0.0005010867735001953,0.0135529526,82.35075318729402,410.344654203212,86.55902232992644,332.460562778581,59.77387479325122,491.698400238171,32.94405361678598,119.884665938486,46.176809059119755,188.714671439522,63.504720721885725,264.695558052374,58.82401777092968,338.155093747015,59.09237469844267,243.624739652861
Subj_14_Isokin_R_02kg_St_EMG_data.csv,0,1.860107421875,1.85986328125,1.8701171875,0,0,-0.014213826391133333,0.0007298584073488531,0.0153920176,-0.013850982782453333,0.0006872194590321126,0.0151119241,-0.012415292929013333,0.000829555623072935,0.0138690956,-0.009596697882366667,0.0005175771852875226,0.0107703209,-0.03018855311434,0.0009608368917450336,0.0318346024,-0.04501847376567333,0.0007944631883971513,0.046394065,-0.014097526199746666,0.0017723064831001506,0.0168425571,-0.010099150009166665,0.0009598453176572385,0.0119613651,50.16518617475965,156.747680130351,45.88254380921175,161.254857118698,49.78189562458383,169.037796463971,37.19074263034651,117.052242796598,29.739383558837574,108.355360934057,41.12447969712115,159.57241628299,37.78779640805048,148.753911571204,46.387988730621906,183.155307272782
Subj_14_Isokin_R_04kg_40bpm_EMG_data.csv,0,2.010009765625,2.009765625,2.02001953125,0,0,-0.005886667945084577,0.001240668183756319,0.0100914007,-0.00813952066839801,0.0012757395496223198,0.0128768925,-0.009601183275230516,0.0019241971860424558,0.0151350982,-0.006067265243558872,0.0016543042372421544,0.0112747196,-0.02648276926656716,0.0007223352189057673,0.0293260589,-0.03776289513377778,0.0009954482685198991,0.0403106697,-0.015380725335907132,0.0014750297244549339,0.0185540207,-0.011087342922696518,0.0008243328201350332,0.0136539461,145.757091539041,713.053268337712,140.86094929822735,700.295591060917,139.52717390815113,885.760079727053,65.99360961644487,317.090487942495,68.56854031141333,226.663088844462,91.87556558619944,278.324208718543,78.48987248898294,265.821550391846,85.4764449105146,292.124799905639
Subj_14_Isokin_R_04kg_60bpm_EMG_data.csv,0,2.010009765625,2.0,2.010009765625,0,0,-0.008709658597229481,0.0006659782867882434,0.0105534559,-0.010935665505815746,0.0006979956988382118,0.0126920706,-0.011593888895326634,0.0015112508710379737,0.0176702514,-0.007302744337758793,0.0004886679756913311,0.0096442224,-0.029464590409427137,0.0007830550835214424,0.0308003444,-0.037344623003618085,0.0007474978604969687,0.0394377708,-0.015415667702147404,0.0013410894585504495,0.0195559505,-0.010715787723011726,0.0009826195790632918,0.0140061388,144.31700127993116,616.536232537334,129.6529779265541,549.497985573683,136.34508381946938,894.796229327313,76.95641901894693,334.592715635612,71.62934019947707,288.262849238664,97.13841021482673,394.735118187727,82.07653233196709,318.891430603295,88.48609425321321,374.412994097946
Subj_14_Isokin_R_04kg_80bpm_EMG_data.csv,0,2.050048828125,2.039794921875,2.050048828125,0,0,-0.00572727568100749,0.00044356622925527866,0.0072137835,-0.0070158242673295885,0.0005000693079935566,0.0086151129,-0.005334978719363296,0.0007946598536636789,0.009499169,-0.0029734070021348313,0.0004861260196194715,0.0047604563,-0.025383718621104872,0.0006871974063834809,0.0269491207,-0.034435395717112356,0.0006305928468781548,0.0360557586,-0.013669788867610487,0.0007509272833576983,0.0174296387,-0.009395983529089888,0.0005537420348417957,0.0122883804,157.8954107533062,501.485302212725,153.6429127137111,604.253324196566,132.02205742316522,526.131617551302,73.86073194003461,253.596187356052,51.959273002106244,213.302698736717,75.09260169879387,259.279782888509,78.08915395209642,281.703970532798,88.14975761235804,335.508264134079
Subj_14_Isokin_R_04kg_St_EMG_data.csv,0,1.860107421875,1.85986328125,1.8701171875,0,0,-0.005673653852245955,0.0005010220326923885,0.0068678861,-0.007633210164964402,0.00043604216273541985,0.0085999491,-0.0068287602418252435,0.0005123309366862908,0.008632279,-0.0036620984090420714,0.00043114351586984656,0.0047490122,-0.028315089604770225,0.0006626684516608358,0.0294593815,-0.04009917744227184,0.0019177339981983363,0.0431817062,-0.016715812539954692,0.0010633813342486374,0.0187800415,-0.0110759217127767,0.00051427779467375,0.0123258596,75.31684322110189,242.259486897139,68.7421699353614,210.476484417903,84.08183260752514,291.136028807049,53.14540065494125,188.680841719027,31.658332438635867,125.151008478361,43.80569743727304,293.087331984943,54.12984732186093,176.86619235534,57.439796804325624,244.431332328486
Subj_14_MMH_Bim_L_02kg_Trial_1_EMG_data.csv,0,2.030029296875,2.02978515625,2.0400390625,0,0,0.005825528317676681,0.00024236667198732214,0.0065814974,0.004582984401218884,0.0002490231613266553,0.0053552631,0.004362621575353362,0.00025340094554070924,0.0051821712,0.004045310437221746,0.0002847164153367983,0.0050880434,-0.005214492844626609,0.0007096230391697466,0.0066538812,-0.005933245669899856,0.0004907272211765727,0.0070034983,0.0032962951627639485,0.00027348250133874723,0.0043112757,0.004293509526998569,0.0003017861793728846,0.0054519656,47.228318943872644,234.085076694524,44.90629698422758,271.361308753399,33.30268091702616,140.57988971811,31.042553641007583,145.84896470984,45.31719321759058,192.181942018076,70.78866870723644,308.011238490102,21.47682501849249,88.3976898578728,23.96533518184454,91.6264675880115
Subj_14_MMH_Bim_L_02kg_Trial_2_EMG_data.csv,0,2.039794921875,2.02978515625,2.0400390625,0,0,0.005529048235034075,0.00013640882715768837,0.0060278894,0.004509664765362963,0.0001433394701765202,0.0052382471,0.005025508745487408,0.000220413997477805,0.005598736,0.00412439696671111,0.00023479739835513184,0.0048880577,-0.00292431205818963,0.000548459448724493,0.00404377,-0.003903132418536297,0.0004921421648370051,0.0049123764,0.0036890018295288886,0.0003540337535280466,0.0048482898,0.00503924631962074,0.00038766533939413246,0.0062799458,51.16981353462815,265.335833040966,67.06331490966474,365.182061299931,31.77384345310322,138.256670438344,29.003946945993036,106.549311048895,35.0447895624894,204.894223817315,52.841616834681034,312.936084687358,19.610535257659315,72.5519801534644,24.19050972192229,82.9325280054503
Subj_14_MMH_Bim_L_02kg_Trial_3_EMG_data.csv,0,1.97998046875,1.969970703125,1.980224609375,0,0,0.005656150899463204,0.00010402108591922073,0.0063517573,0.0044506120955671,0.00010246796294124476,0.0051215175,0.005790842169647907,0.00013250704822529485,0.0063031199,0.0046049433598557,0.0001781318391587723,0.0053784372,-0.0014857948972784992,0.00021730668303559386,0.0020110132,-0.002328373870828283,0.00022855465090340494,0.0027983666,0.00479400455446176,0.00019627191688393085,0.0056201937,0.006222473638054834,0.00014083806943431304,0.0071514132,47.613442783984546,263.582031158525,51.926468960517695,422.136031847226,27.5358404174722,182.92882803893,28.670529125498625,152.401090597442,20.789136793438463,134.647542541567,30.384058865286143,215.443221550704,15.921944830550501,54.2417013748266,21.924813478575533,101.084067834424
Subj_14_MMH_Bim_L_08kg_Trial_1_EMG_data.csv,0,1.980224609375,1.97998046875,1.990234375,0,0,0.006424302402133858,0.0003567015340322879,0.0079184538,0.0051373542412021,0.00045803402538355215,0.0065629007,0.006214189335769029,0.0005229687465950124,0.0081327446,0.005149265614236221,0.0005610977134345667,0.0074933055,-0.0005396629103648294,0.0005981161273243896,0.0016453743,-0.002025104605181102,0.0005572700128009994,0.0032790184,0.0040364820153779525,0.0006675186980173136,0.0060613635,0.005292466006892389,0.0011206912540612608,0.0080806734,71.34668333388304,307.614770758514,71.07754551038911,276.860885066635,83.20995814469174,276.623483209661,81.72972584636095,267.593397900034,52.77117669132187,186.318521995959,77.7939676623863,285.922518801657,54.78332158321324,223.398154470026,59.193849142062746,208.356906281134
Subj_14_MMH_Bim_L_08kg_Trial_2_EMG_data.csv,0,2.050048828125,2.039794921875,2.050048828125,0,0,0.0036277680130640515,0.002474042841463743,0.007061291,0.002139062624546405,0.0025376819423400987,0.0054376605,0.003048868771835294,0.0016620487854207085,0.0061011319,0.0029153011502692804,0.0016204416861575989,0.0064561847,-0.006099444509145098,0.0025316725401991276,0.0095183374,-0.0068920659978718955,0.0022727679958287473,0.0102364542,-0.0002819144101908496,0.0017418503057914046,0.0039748196,0.0006267194952339869,0.0015352546884460868,0.0034475329,130.42537873752974,570.683736044768,117.49855718656022,736.10714176711,75.91091695506331,449.163401475695,75.28307477893918,282.912751181808,56.22116144779277,267.263120503283,87.34519228901894,388.62462740883,51.148564367355654,251.071039400914,58.19920345344997,199.140852996286
Subj_14_MMH_Bim_L_08kg_Trial_3_EMG_data.csv,0,2.090087890625,2.079833984375,2.090087890625,0,0,-0.006024520878994832,0.0012695882581523327,0.0088216783,-0.00674048099298708,0.0010104426700701464,0.0088385586,-0.006025506596077519,0.0027879881218639043,0.012125588,-0.006164482440392765,0.0029802836149444073,0.0124920849,-0.015999267611669248,0.0027083931468936335,0.0223191269,-0.01613197998363566,0.0021796351532296413,0.0209392551,-0.006036788629413436,0.0015451070428891978,0.0099503519,-0.004763254075968992,0.0008865835450870139,0.0070364,78.34853274222301,470.151932617589,88.02447120050947,427.126109413485,60.72697903910439,230.712953646444,70.34759874299507,280.674481024951,41.16028031818818,235.761650181238,63.804083827436024,399.016310327032,41.3183623292951,160.764099776516,50.53378953826317,171.711182830441
Subj_14_MMH_Bim_L_12kg_Trial_1_EMG_data.csv,0,2.0498046875,2.039794921875,2.050048828125,0,0,-0.0102195128776278,0.0008443823221625505,0.0125358589,-0.009813993578434222,0.0006322850294868701,0.0115118986,-0.00952121245403731,0.0011701669005389824,0.0116612436,-0.009582484665808327,0.0013650705429203362,0.0113493921,-0.017248291792202265,0.0010917200451923737,0.0194326416,-0.01784233057517392,0.0008559628848729606,0.0204995163,-0.0089498496068148,0.0008047766503533308,0.0117290504,-0.007578768157138406,0.0006376807863247396,0.0105271339,87.64592205741977,391.664948803327,79.12579991886938,306.310157288418,89.64303380845861,585.648369512073,99.39529194226425,388.631798185604,45.597460524802564,227.475473066626,65.90407501133745,436.719632509863,56.94738292983318,210.186790270013,76.03901808433908,255.566484074617
Subj_14_MMH_Bim_L_12kg_Trial_2_EMG_data.csv,0,2.06982421875,2.059814453125,2.070068359375,0,0,-0.010038252165625776,0.0007904313844335829,0.0117856981,-0.009475252115018587,0.0006269358263134177,0.0107213976,-0.00975529821307311,0.0012195012890509514,0.01185608,-0.009886755423276331,0.0013267139084099842,0.0124872215,-0.017767579315997522,0.001255366546559354,0.0205309875,-0.018435327251553904,0.0010457573047913612,0.0214651115,-0.008557812546158611,0.000623910492394234,0.0124837877,-0.00711767916863197,0.0005294393336946993,0.0096917152,79.92993763879225,405.802089364822,76.8186751978675,392.604303477546,80.9200534860679,385.357267760024,77.26849264721268,334.694304148683,45.619054584991524,208.949061001713,66.17210874409449,323.959518737511,59.45309779304558,302.005574026137,64.82594525655442,240.550640104767
Subj_14_MMH_Bim_L_12kg_Trial_3_EMG_data.csv,0,2.0400390625,2.039794921875,2.050048828125,0,0,-0.009990656659290496,0.0016071741456241272,0.01224289,-0.009406475914862116,0.001345882897446355,0.0112615591,-0.010970557414610442,0.001416300133154527,0.013434506,-0.010927930642074965,0.0013343287242980372,0.0132699972,-0.019043862593239626,0.0010749683003063867,0.0219486244,-0.0201722408474672,0.0010239900278803853,0.0229771622,-0.009132785617314593,0.0006609485653043171,0.0120537765,-0.006978105980425703,0.0008622458449810321,0.0096327784,98.83368200670587,936.255902868294,94.81154568764406,799.205266891412,81.69668123469864,704.669711593234,82.14694458015568,536.520682449896,49.66717168101918,275.523887688944,63.41939418545425,296.49641143008,51.488862350904206,299.90143328936,70.5203294898178,294.787092293723
Subj_14_MMH_Bim_R_02kg_Trial_1_EMG_data.csv,0,2.010009765625,2.009765625,2.02001953125,0,0,0.004880691797201681,0.00020538162579176444,0.0057352069,0.005673046782568626,0.00019388413030004573,0.0064928057,0.003627247503837535,0.0002313908202867107,0.0045315744,0.0051757480921988805,0.00019812540806986677,0.0059105875,-0.00738095432607283,0.0006148629029961871,0.008600235,-0.004599928740820728,0.0004227050102475677,0.0053833011,-0.004855808839759103,0.000820219126256795,0.0065291408,-0.003667345878932773,0.000574646361910803,0.0051115039,50.79842321221718,312.047749529392,83.31344718434464,371.382591993419,27.407250961816867,128.66173115758,23.301602316062272,115.483440090487,33.3420977573798,218.260663158315,56.261837675892764,368.606801650839,17.868395819003688,66.0775152677649,22.233976685861872,87.7644853086837
Subj_14_MMH_Bim_R_02kg_Trial_2_EMG_data.csv,0,2.0,1.989990234375,2.0,0,0,0.005338377246486957,0.00023978420695502576,0.0061978344,0.006382596494101449,0.00024278686510188974,0.007765675,0.0041590342048463775,0.00026521906521309287,0.0051426888,0.005606184598791304,0.0001863670943277689,0.0063191415,-0.004301549232776812,0.0006839757559889065,0.0056033134,-0.0018586933085101452,0.000695839050679796,0.0030807497,-0.0019280734160695655,0.0008605217104773841,0.0035365105,-0.0015460281933072464,0.0006540922775118984,0.0028035166,47.227377533504324,263.142083337159,63.95731547822511,430.62460434965,28.922715836089967,129.00583504307,19.92436381423863,68.7306066573495,18.3079046693269,129.5368758519,27.09510588481471,211.024555285318,16.641955250872993,64.1994611828491,20.60872681298954,82.7913787453412
Subj_14_MMH_Bim_R_02kg_Trial_3_EMG_data.csv,0,1.9599609375,1.949951171875,1.960205078125,0,0,0.005829546235496484,0.00023206319586824346,0.0066427235,0.0069125968337468355,0.000208729937955163,0.0077519421,0.004739717535561181,0.00025873157909826473,0.0055440906,0.0060211775536962026,0.00018425818139937946,0.0068172459,-0.0025218655298565405,0.00034294493504639597,0.0032289505,0.000457920261721519,0.00038747336049384224,0.0015077592,-0.0004327002045991561,0.0004241521597050762,0.0013672829,-0.0005209564977777778,0.0004294189775934077,0.0019786835,44.363162088979514,197.931152966415,58.81944123226711,297.279222928617,24.899134185833358,110.561260273554,17.91732594980388,82.5160363894622,15.601513331683627,98.198504286757,23.45792875542403,156.02413342755,15.273559468624443,64.4219992857478,18.348993590327545,123.482791215242
Subj_14_MMH_Bim_R_08kg_Trial_1_EMG_data.csv,0,1.989990234375,1.989990234375,2.0,0,0,0.005266853179690289,0.0006550636648473519,0.0066581727,0.0064725848333070865,0.0006519771547026469,0.0079098707,0.004136363391716536,0.0010578799100607213,0.0064530377,0.005287452135005249,0.0009016524333517961,0.0071439748,-0.003976544099748031,0.0016427340192559769,0.0060696607,-0.0006830388327900262,0.0013858180750961852,0.00267334,-0.0040736885914566924,0.0021669741406065285,0.008067227,-0.0030055115546692916,0.0015258725159457706,0.0072695734,105.54466257703156,455.804092670862,113.02809890809851,522.12722102077,94.72275574331489,393.117263603862,66.30726792267711,278.099185200493,35.56722413576451,236.089221248741,54.967695719216444,299.929313323489,44.99601991321191,210.101418682675,61.29300195306708,280.522087822778
Subj_14_MMH_Bim_R_08kg_Trial_2_EMG_data.csv,0,2.02001953125,2.019775390625,2.02978515625,0,0,0.004620374033854961,0.0011789127769430948,0.0071422579,0.003800617996310432,0.0020500113272431775,0.0072684293,0.0007931067485165396,0.002584737759782515,0.0050514224,0.0030835328779465648,0.0020064004254184277,0.0064682011,-0.00972693236092621,0.0024647504637443046,0.0128411297,-0.004836013624854962,0.001977304477604631,0.0077673914,-0.011459243264715013,0.003084196943632998,0.01587639,-0.009856473020391858,0.003023484225411936,0.0141909607,98.04007637633387,367.314686711653,89.02062036709236,348.90704293384,87.8781406671186,327.607305762395,66.8682707726972,326.828748472391,27.370416807789727,124.763433598152,37.39137938633125,218.915725449298,38.07042627060995,159.824066544926,44.42706637813881,206.474887971603
Subj_14_MMH_Bim_R_08kg_Trial_3_EMG_data.csv,0,2.010009765625,2.009765625,2.02001953125,0,0,-0.008305112955269135,0.0010808957757482461,0.0104092602,-0.007219759796651851,0.0007119114116487831,0.0087349899,-0.007971047343148147,0.001484709582450178,0.0115244873,-0.006449803518360494,0.0014400313196232602,0.0097826961,-0.018719146196088887,0.0014401142051908586,0.0214905739,-0.013199508843720988,0.0008634887409645317,0.0154163362,-0.011194475594325926,0.001143420402358031,0.0149763115,-0.008531684196819753,0.0010232256720374537,0.0116927149,96.42575850659458,446.949977845368,73.37289983668637,312.698232841795,78.62626354246893,288.778514288088,56.498514580309205,206.17960714331,30.224357506617043,228.689909532282,40.131588007571345,226.851987039177,36.90468956642182,118.022097122266,42.91007142876391,153.284643995352
Subj_14_MMH_Bim_R_12kg_Trial_1_EMG_data.csv,0,1.949951171875,1.949951171875,1.960205078125,0,0,-0.012177267860906778,0.0009002435536346888,0.0135890013,-0.010874032249039546,0.0009740179955571546,0.0125962263,-0.011070395498528248,0.0014335717252594816,0.0142175676,-0.00877119034340113,0.001060002225712153,0.0116086006,-0.019051686840240112,0.000887297776333012,0.0204657558,-0.014756978917762714,0.0005861909599355307,0.0160051361,-0.011095194261161017,0.0022355620147254877,0.0145694735,-0.00894765556640113,0.0022648744652377993,0.0128119476,119.30930854378734,414.538911646115,104.15330479587465,384.886943781034,109.20366541906341,378.619864074982,69.5821348997657,233.159624566079,37.47395829470677,2730.58833586289,54.73061141442324,308.286522792737,59.77661246944636,264.879121232876,69.28054571862762,411.994776967816
Subj_14_MMH_Bim_R_12kg_Trial_2_EMG_data.csv,0,2.0400390625,2.039794921875,2.050048828125,0,0,-0.011373291039984555,0.0007817132576887983,0.0130150802,-0.009979075987446588,0.000968854135650621,0.0114595415,-0.011363876454216215,0.0014143820053343066,0.0146976477,-0.009158407703799228,0.0009399425724802125,0.0114143379,-0.01881649681907851,0.0005665122885718202,0.020108128,-0.014365699660882882,0.0006598959002790891,0.0158191696,-0.010815726337500643,0.0019173030929305179,0.015091897,-0.009033122965232947,0.0016442175375792698,0.0123710642,119.83622820435018,502.381515482302,108.6256457745542,514.346683373473,95.6834205543506,423.093444406553,73.05132649521943,260.564593188193,37.07127423467267,181.939534935741,47.524520622250286,234.151037762649,50.40644470667815,229.616132994256,58.49693051494955,253.943984751036
Subj_14_MMH_Bim_R_12kg_Trial_3_EMG_data.csv,0,2.02001953125,2.009765625,2.02001953125,0,0,-0.010130391155199476,0.001871654291761828,0.0125015266,-0.008130519745367453,0.0019960377174604643,0.0107880598,-0.010243332861572179,0.0024995423877360247,0.0135297785,-0.008804598325787403,0.0016370800904346643,0.0120366104,-0.019297741969986876,0.0005156857202106541,0.0203038231,-0.01560201409200525,0.0003277834031138491,0.0168365482,-0.0087691090960105,0.0026835849383944205,0.0130328182,-0.00690026798360105,0.0023585728282786763,0.0105969431,108.84865993294568,535.606153802631,96.91845675730424,474.726559313369,118.46254436835633,493.655928314753,79.96936214046681,322.597437566546,39.256136345583,141.484580257235,48.45979416124149,184.174405468397,49.44561961733609,288.944248164651,57.9343870923184,325.119637991497
Subj_14_MMH_One_L_02kg_Trial_1_EMG_data.csv,0,2.10009765625,2.099853515625,2.110107421875,0,0,-0.010729831445308176,0.0009595544483849838,0.012365628,-0.011038146335154089,0.000761380044881136,0.0125487335,-0.011812608651528302,0.0009628530066641808,0.0134619717,-0.012002715829515722,0.001127297592137575,0.0142673496,-0.01895908868233962,0.0015172533726142865,0.0217746738,-0.019153992090720124,0.001556788039976852,0.0219563488,-0.01032994365368239,0.0006249106490150521,0.011868096,-0.009101482794770441,0.0007357759327839043,0.0107677467,72.34406388357237,325.081038230193,58.30387927141836,249.844301031538,29.03598666391419,147.998813074675,51.87245335461128,286.053934352724,45.13525442001799,224.939005792715,71.28899513061671,287.948017344679,30.57550095121908,101.858375399234,34.84670429437542,121.041514776758
Subj_14_MMH_One_L_02kg_Trial_2_EMG_data.csv,0,2.080078125,2.06982421875,2.080078125,0,0,-0.009573478675463046,0.0009369972353971106,0.0110973362,-0.010716590179574662,0.0007941193081445273,0.0122011192,-0.011751778190476622,0.000912518853872292,0.0134299286,-0.012421395385993966,0.0009389263101222808,0.0138728144,-0.01983891586159276,0.0008901847551260498,0.0232283603,-0.019866000514871796,0.0005607533460350734,0.0221915245,-0.00983407430295626,0.0008344527863177177,0.0116495136,-0.008809896856256409,0.0008421928488213349,0.0109022148,73.87989421972708,591.280746004188,69.6910607282241,624.580975235148,23.32769579941647,160.316605759264,33.58796710033614,232.004519421333,37.21933285852248,158.689500684233,58.69467328619371,246.61130577586,31.005510123694723,160.063102091022,31.852781448979876,170.02835866663
Subj_14_MMH_One_L_02kg_Trial_3_EMG_data.csv,0,2.030029296875,2.02978515625,2.0400390625,0,0,-0.00741706831152957,0.002195347915549876,0.0120938309,-0.008176343722618279,0.0018051293252521155,0.0120160105,-0.011612230224255376,0.0013992253268074253,0.0145743378,-0.011611519224459677,0.001622415804505933,0.0149153713,-0.021475341259040326,0.001061482210578597,0.0237705242,-0.02118167953097312,0.0009383280576340605,0.0232978836,-0.009855077647290322,0.000836453665739154,0.0113991741,-0.007971047454064515,0.0010963024960856577,0.010277939,80.17841977120445,608.457341148065,70.15851110084132,530.045020322538,26.566244069107192,340.995092623739,49.39475185093106,559.354111554828,33.10250795345684,213.795712827693,54.4585730289452,358.49391995294,29.870969011916944,160.193494286134,35.479145772271245,221.670921627676
Subj_14_MMH_One_L_04kg_Trial_1_EMG_data.csv,0,2.0,1.989990234375,2.0,0,0,-0.010512080027869733,0.0022657238335350672,0.014350892,-0.011184133906819924,0.001870262092731028,0.0143002514,-0.013425810928303961,0.001666370409747819,0.0166829117,-0.013472379845269477,0.001749379242747849,0.0167919174,-0.02100185757447254,0.0014828720475040876,0.0240529068,-0.020480290136061303,0.0008700471045832117,0.0224401485,-0.010583188306533844,0.0009307565719509567,0.0136668207,-0.009204614084291187,0.0013389727542004722,0.0124491695,83.59580720582986,569.254691534263,76.41308034378588,526.989229168249,45.51181805947083,253.285357857196,76.64637686032732,352.688611293952,43.18173153504833,179.891510159004,61.078993603854336,281.010679884761,65.17509568737242,289.840453124924,71.11152138391732,272.136624907698
Subj_14_MMH_One_L_04kg_Trial_2_EMG_data.csv,0,2.02001953125,2.019775390625,2.030029296875,0,0,-0.008680279241141241,0.0018431172672738812,0.0119330408,-0.009476147232706214,0.0016036850402136235,0.0126502998,-0.011631260766166666,0.001600612233908122,0.0146870622,-0.011651467490152542,0.001628806336443213,0.0147336964,-0.019539894103392654,0.0011873186058923794,0.0217254646,-0.01931492112538418,0.0010402310007118635,0.021294022,-0.010133405541135595,0.0008707893257731054,0.0133953104,-0.008623793289841808,0.0009939380744229283,0.0123304371,82.82634738656316,547.266802615044,73.59574883145405,503.957787115086,40.38194875539021,293.042939114385,67.0859400003294,480.870205743565,36.462356528400385,214.996326802298,54.5448348340698,338.548949406467,61.12222935108837,257.000244972855,63.796593337510366,286.229680688627
Subj_14_MMH_One_L_04kg_Trial_3_EMG_data.csv,0,2.099853515625,2.08984375,2.10009765625,0,0,-0.006410724031726626,0.0019981321636969008,0.0113336565,-0.007558979444795764,0.0017825208290146862,0.0118506439,-0.009235514116038974,0.0017371620707246577,0.0131378183,-0.009701640237596029,0.0018671664455836429,0.0137317665,-0.018088690849508152,0.0014435640515595685,0.0207793247,-0.018186614232733746,0.0009269568610820594,0.0202460289,-0.009046369576920555,0.0011146311186321055,0.011794854,-0.0068547882536958964,0.001328621692004171,0.0103397369,73.2037131891461,268.387907947645,71.51919953857042,342.716598479927,49.98555178946532,236.369146898044,75.67266701447551,253.063287486021,36.920006527984086,212.218522158805,51.101806460399835,263.058574292487,42.66580811023393,134.15598413424,53.53831500174365,162.987263475933
Subj_14_MMH_One_R_02kg_Trial_1_EMG_data.csv,0,2.06005859375,2.059814453125,2.070068359375,0,0,-0.009473797621108148,0.0024516551756048038,0.0134611139,-0.009145194441641481,0.001818333442456646,0.0119673731,-0.009975172639748148,0.0019308898237813633,0.0135171898,-0.007056409523685926,0.001500399398901132,0.0098373415,-0.018277599047060743,0.0011394477402707005,0.020201683,-0.01416563380394074,0.0012400499237876861,0.0161210075,-0.011300645588,0.0008733145015838642,0.012687779,-0.009279649981205926,0.0007769792077975365,0.0106186867,89.53800465631842,622.132494527878,85.54358927432288,545.170997419705,46.57577341376852,320.34775919401,36.736355151092816,253.766143583958,29.29462983767001,214.806363536794,45.36617810550435,352.87791241669,26.327415548817733,138.561449592843,31.09133964602448,142.913758477757
Subj_14_MMH_One_R_02kg_Trial_2_EMG_data.csv,0,2.139892578125,2.1298828125,2.14013671875,0,0,-0.006760425745180638,0.0010646897871423946,0.0081991199,-0.007011029588775747,0.0008581430476986282,0.0095063215,-0.009241095487966708,0.0007646133789790459,0.0106398584,-0.006238769623136652,0.0005914314295828271,0.0074784281,-0.017772147045910635,0.0004248838347149673,0.0185159687,-0.012865967720318965,0.0004771330186491781,0.0137320524,-0.011832475157065142,0.0011271961954793745,0.0137921339,-0.010275508603105965,0.000731925396016801,0.0117899897,234.400415480082,981.028620170677,183.26288400008798,1015.12507140005,159.07070247246654,621.791670324275,85.47229130663061,368.061001579505,54.895087979071235,256.541565383535,83.39500258596173,408.181006162848,30.54923551268972,126.959291700084,38.36999856806013,156.309673536217
Subj_14_MMH_One_R_02kg_Trial_3_EMG_data.csv,0,2.080078125,2.079833984375,2.090087890625,0,0,-0.004457658055621706,0.0005918404809687584,0.0057938579,-0.005238570713035659,0.0005873669648240083,0.0076535228,-0.008787618324657364,0.0008504743002460283,0.0105937961,-0.0053655766088,0.0007367099739897028,0.0069190981,-0.01740425598204031,0.000497628632532724,0.018321706,-0.01245357126059845,0.0005337084336529945,0.0136822704,-0.013684750224384496,0.0006698456685616037,0.0156414993,-0.011312539920871318,0.0005822830060651319,0.0128780371,73.71809224712827,370.249859336892,130.01040254133505,829.023537571121,37.26815280737527,256.781855737771,25.913320123577925,178.566954911752,20.371509225989797,124.130443850719,31.463253327415185,200.420091802929,25.395297542448695,109.66571568975,30.733888425753495,124.512642567309
Subj_14_MMH_One_R_04kg_Trial_1_EMG_data.csv,0,1.969970703125,1.969970703125,1.980224609375,0,0,-0.010033673120646552,0.0034069146326218772,0.0149477012,-0.00883877496916954,0.0037897004197139624,0.0136502273,-0.009901038847255746,0.0034867462054496714,0.0152398115,-0.009024816819571839,0.002770459759209842,0.0131046297,-0.02072728301467816,0.001583313910107133,0.0232166294,-0.020551251436307472,0.0021011941773687033,0.0249672905,-0.00813551129920977,0.0024554096917730806,0.0131206522,-0.00682549276136207,0.002589660690212304,0.0113136293,129.40249330208837,736.077340686959,125.65398648429202,701.945045674945,109.31205545967923,878.360806376214,84.42886176770415,344.019869299178,38.47161648684132,197.373631692626,85.97550793437748,739.891492630417,40.07068586532218,166.993068476382,42.8947514431604,180.197867093782
Subj_14_MMH_One_R_04kg_Trial_2_EMG_data.csv,0,2.02001953125,2.019775390625,2.030029296875,0,0,-0.012692828480771929,0.0025762165962859374,0.0164420139,-0.011399942029479531,0.002348133919535925,0.0148281101,-0.012288100749230995,0.0035552612590201943,0.017557241,-0.010785633174953216,0.0024620173490791475,0.0144112594,-0.023125611716140353,0.0009806425750379692,0.02493353,-0.023839567457336258,0.0017662689200921003,0.0276371967,-0.009690718241470761,0.002322251383397754,0.0141746523,-0.008284319061654971,0.0021460729126499558,0.0123444563,120.24729495081154,531.948900231598,116.4382884742791,581.821221840663,110.85266571857015,558.450519663408,77.85688116561174,352.057595277466,31.829752706378393,163.406405511533,68.7469196255723,599.473484180877,41.829877444496965,165.881534981172,44.73241800474519,190.56797166604
Subj_14_MMH_One_R_04kg_Trial_3_EMG_data.csv,0,2.02001953125,2.019775390625,2.030029296875,0,0,-0.013621791074142424,0.0010125664156222973,0.0163547527,-0.012171056088466668,0.0009786814346469266,0.0144567499,-0.01448621884478182,0.0013653642605996926,0.0170213711,-0.011974879425472727,0.0008469806405121327,0.0136513719,-0.024794719375700002,0.0008267762598722481,0.0269062053,-0.027258781707818182,0.0018051726045377704,0.0314300545,-0.010383742064399999,0.0016282666247231393,0.0132785803,-0.008569626445624243,0.001419744375874588,0.011369992,82.5833073134969,436.158298563068,88.99790817994004,440.032146839317,75.05473433434635,511.902848069664,55.306384917545465,310.85021190676,33.96405888241569,242.300826008361,119.94921178641016,808.934326811592,36.30141049854075,216.354525974839,41.14700559457385,262.359883870495
Subj_14_MVC_All_L_EMG_data.csv,0,2.22998046875,2.22998046875,2.240234375,0,0,-0.00011135116977661434,0.0012264737141919892,0.0027173997,-0.0017375422387609072,0.0008275508370575809,0.0038489343,0.00046975014719720766,0.0010804212552135988,0.0026773454,-0.0009167952179301921,0.0012494523779743613,0.0033276558,-0.012096847740321116,0.0007320581281915171,0.0144727714,-0.012394900678631764,0.0006511530168030727,0.0144561771,-0.001198009189675393,0.0010648940408796912,0.0047967914,0.0002464936931448516,0.001161396730288253,0.0040552141,,,,,,,,,,,,,,,,
Subj_14_MVC_All_R_EMG_data.csv,0,2.170166015625,2.169921875,2.18017578125,0,0,-0.00037307338137860087,0.0005408781513024338,0.0020916939,-0.001487277826547325,0.0004378955837497317,0.0029185296,-0.0013100687288847735,0.0006637570261944714,0.0043290141,0.0006394291513786007,0.0008847923500938182,0.0031133653,0.011906444478489712,0.011207089542742384,0.033155825,-0.014843688573687243,0.003327444967342213,0.020075513,-0.01170154291633745,0.0008762355893076292,0.0169816017,-0.00919627608073251,0.0008380507386585248,0.0143520357,,,,,,,,,,,,,,,,
